[     684ms] [INFO] %cDownload the React DevTools for a better development experience: https://react.dev/link/react-devtools font-weight:bold @ http://localhost:5173/node_modules/.vite/deps/react-dom_client.js?v=cd6bad9c:20102
[     852ms] [ERROR] Failed to load resource: the server responded with a status of 500 (Internal Server Error) @ http://localhost:5173/api/v1/dashboard/kpis:0
[     852ms] [ERROR] [API 500] Request failed (500) @ http://localhost:5173/src/lib/api.ts:17
[     852ms] [ERROR] Failed to load resource: the server responded with a status of 500 (Internal Server Error) @ http://localhost:5173/api/v1/stations:0
[     852ms] [ERROR] [API 500] Request failed (500) @ http://localhost:5173/src/lib/api.ts:17
[     853ms] [ERROR] Failed to load resource: the server responded with a status of 500 (Internal Server Error) @ http://localhost:5173/api/v1/analytics/predictions:0
[     853ms] [ERROR] [API 500] Request failed (500) @ http://localhost:5173/src/lib/api.ts:17
[     853ms] [ERROR] Failed to load resource: the server responded with a status of 500 (Internal Server Error) @ http://localhost:5173/api/v1/alerts/rich:0
[     853ms] [ERROR] [API 500] Request failed (500) @ http://localhost:5173/src/lib/api.ts:17
[     853ms] [ERROR] Failed to load resource: the server responded with a status of 500 (Internal Server Error) @ http://localhost:5173/api/v1/interventions:0
[     853ms] [ERROR] [API 500] Request failed (500) @ http://localhost:5173/src/lib/api.ts:17
[     854ms] [ERROR] Failed to load resource: the server responded with a status of 500 (Internal Server Error) @ http://localhost:5173/api/v1/dashboard/suggestions:0
[     854ms] [ERROR] [API 500] Request failed (500) @ http://localhost:5173/src/lib/api.ts:17
[     856ms] [ERROR] WebSocket connection to 'ws://localhost:5173/ws/realtime' failed: Connection closed before receiving a handshake response @ http://localhost:5173/src/lib/websocket.ts:47
[     869ms] [ERROR] WebSocket connection to 'ws://localhost:5173/ws/realtime' failed: Connection closed before receiving a handshake response @ http://localhost:5173/src/lib/websocket.ts:47
[     882ms] [ERROR] WebSocket connection to 'ws://localhost:5173/ws/realtime' failed: Connection closed before receiving a handshake response @ http://localhost:5173/src/lib/websocket.ts:47
[     895ms] [ERROR] WebSocket connection to 'ws://localhost:5173/ws/realtime' failed: Connection closed before receiving a handshake response @ http://localhost:5173/src/lib/websocket.ts:47
[    1939ms] [ERROR] Failed to load resource: the server responded with a status of 500 (Internal Server Error) @ http://localhost:5173/api/v1/interventions:0
[    1939ms] [ERROR] [API 500] Request failed (500) @ http://localhost:5173/src/lib/api.ts:17
[    1969ms] [ERROR] Failed to load resource: the server responded with a status of 500 (Internal Server Error) @ http://localhost:5173/api/v1/dashboard/kpis:0
[    1970ms] [ERROR] [API 500] Request failed (500) @ http://localhost:5173/src/lib/api.ts:17
[    1985ms] [ERROR] Failed to load resource: the server responded with a status of 500 (Internal Server Error) @ http://localhost:5173/api/v1/stations:0
[    1985ms] [ERROR] [API 500] Request failed (500) @ http://localhost:5173/src/lib/api.ts:17
[    2141ms] [ERROR] Failed to load resource: the server responded with a status of 500 (Internal Server Error) @ http://localhost:5173/api/v1/analytics/predictions:0
[    2141ms] [ERROR] [API 500] Request failed (500) @ http://localhost:5173/src/lib/api.ts:17
[    2251ms] [ERROR] Failed to load resource: the server responded with a status of 500 (Internal Server Error) @ http://localhost:5173/api/v1/alerts/rich:0
[    2251ms] [ERROR] [API 500] Request failed (500) @ http://localhost:5173/src/lib/api.ts:17
[    2317ms] [ERROR] Failed to load resource: the server responded with a status of 500 (Internal Server Error) @ http://localhost:5173/api/v1/dashboard/suggestions:0
[    2317ms] [ERROR] [API 500] Request failed (500) @ http://localhost:5173/src/lib/api.ts:17
[    4016ms] [ERROR] WebSocket connection to 'ws://localhost:5173/ws/realtime' failed: Connection closed before receiving a handshake response @ http://localhost:5173/src/lib/websocket.ts:47
[    4048ms] [ERROR] Failed to load resource: the server responded with a status of 500 (Internal Server Error) @ http://localhost:5173/api/v1/dashboard/kpis:0
[    4048ms] [ERROR] [API 500] Request failed (500) @ http://localhost:5173/src/lib/api.ts:17
[    4159ms] [ERROR] Failed to load resource: the server responded with a status of 500 (Internal Server Error) @ http://localhost:5173/api/v1/interventions:0
[    4160ms] [ERROR] [API 500] Request failed (500) @ http://localhost:5173/src/lib/api.ts:17
[    4200ms] [ERROR] Failed to load resource: the server responded with a status of 500 (Internal Server Error) @ http://localhost:5173/api/v1/stations:0
[    4201ms] [ERROR] [API 500] Request failed (500) @ http://localhost:5173/src/lib/api.ts:17
[    4400ms] [ERROR] Failed to load resource: the server responded with a status of 500 (Internal Server Error) @ http://localhost:5173/api/v1/dashboard/suggestions:0
[    4400ms] [ERROR] [API 500] Request failed (500) @ http://localhost:5173/src/lib/api.ts:17
[    4454ms] [ERROR] Failed to load resource: the server responded with a status of 500 (Internal Server Error) @ http://localhost:5173/api/v1/analytics/predictions:0
[    4455ms] [ERROR] [API 500] Request failed (500) @ http://localhost:5173/src/lib/api.ts:17
[    4581ms] [ERROR] Failed to load resource: the server responded with a status of 500 (Internal Server Error) @ http://localhost:5173/api/v1/alerts/rich:0
[    4581ms] [ERROR] [API 500] Request failed (500) @ http://localhost:5173/src/lib/api.ts:17
[    8255ms] [ERROR] Failed to load resource: the server responded with a status of 500 (Internal Server Error) @ http://localhost:5173/api/v1/interventions:0
[    8256ms] [ERROR] [API 500] Request failed (500) @ http://localhost:5173/src/lib/api.ts:17
[    8361ms] [ERROR] Failed to load resource: the server responded with a status of 500 (Internal Server Error) @ http://localhost:5173/api/v1/dashboard/kpis:0
[    8361ms] [ERROR] [API 500] Request failed (500) @ http://localhost:5173/src/lib/api.ts:17
[    8378ms] [ERROR] Failed to load resource: the server responded with a status of 500 (Internal Server Error) @ http://localhost:5173/api/v1/stations:0
[    8378ms] [ERROR] [API 500] Request failed (500) @ http://localhost:5173/src/lib/api.ts:17
[    8555ms] [ERROR] Failed to load resource: the server responded with a status of 500 (Internal Server Error) @ http://localhost:5173/api/v1/analytics/predictions:0
[    8555ms] [ERROR] [API 500] Request failed (500) @ http://localhost:5173/src/lib/api.ts:17
[    8556ms] [ERROR] WebSocket connection to 'ws://localhost:5173/ws/realtime' failed: Connection closed before receiving a handshake response @ http://localhost:5173/src/lib/websocket.ts:47
[    8701ms] [ERROR] Failed to load resource: the server responded with a status of 500 (Internal Server Error) @ http://localhost:5173/api/v1/dashboard/suggestions:0
[    8702ms] [ERROR] [API 500] Request failed (500) @ http://localhost:5173/src/lib/api.ts:17
[    8802ms] [ERROR] Failed to load resource: the server responded with a status of 500 (Internal Server Error) @ http://localhost:5173/api/v1/alerts/rich:0
[    8802ms] [ERROR] [API 500] Request failed (500) @ http://localhost:5173/src/lib/api.ts:17
[    8805ms] [ERROR] Failed to load resource: the server responded with a status of 500 (Internal Server Error) @ http://localhost:5173/api/v1/alerts:0
[    8806ms] [ERROR] [API 500] Request failed (500) @ http://localhost:5173/src/lib/api.ts:17
[    9264ms] [ERROR] Failed to load resource: the server responded with a status of 500 (Internal Server Error) @ http://localhost:5173/api/v1/interventions:0
[    9264ms] [ERROR] [API 500] Request failed (500) @ http://localhost:5173/src/lib/api.ts:17
[    9367ms] [ERROR] Failed to load resource: the server responded with a status of 500 (Internal Server Error) @ http://localhost:5173/api/v1/dashboard/kpis:0
[    9367ms] [ERROR] [API 500] Request failed (500) @ http://localhost:5173/src/lib/api.ts:17
[    9382ms] [ERROR] Failed to load resource: the server responded with a status of 500 (Internal Server Error) @ http://localhost:5173/api/v1/stations:0
[    9382ms] [ERROR] [API 500] Request failed (500) @ http://localhost:5173/src/lib/api.ts:17
[    9562ms] [ERROR] Failed to load resource: the server responded with a status of 500 (Internal Server Error) @ http://localhost:5173/api/v1/analytics/predictions:0
[    9562ms] [ERROR] [API 500] Request failed (500) @ http://localhost:5173/src/lib/api.ts:17
[    9708ms] [ERROR] Failed to load resource: the server responded with a status of 500 (Internal Server Error) @ http://localhost:5173/api/v1/dashboard/suggestions:0
[    9709ms] [ERROR] [API 500] Request failed (500) @ http://localhost:5173/src/lib/api.ts:17
[    9958ms] [ERROR] Failed to load resource: the server responded with a status of 500 (Internal Server Error) @ http://localhost:5173/api/v1/alerts:0
[    9959ms] [ERROR] [API 500] Request failed (500) @ http://localhost:5173/src/lib/api.ts:17
[   10530ms] [ERROR] Failed to load resource: the server responded with a status of 500 (Internal Server Error) @ http://localhost:5173/api/v1/interventions:0
[   10530ms] [ERROR] [API 500] Request failed (500) @ http://localhost:5173/src/lib/api.ts:17
[   10587ms] [ERROR] Failed to load resource: the server responded with a status of 500 (Internal Server Error) @ http://localhost:5173/api/v1/stations:0
[   10587ms] [ERROR] [API 500] Request failed (500) @ http://localhost:5173/src/lib/api.ts:17
[   10738ms] [ERROR] Failed to load resource: the server responded with a status of 500 (Internal Server Error) @ http://localhost:5173/api/v1/analytics/predictions:0
[   10739ms] [ERROR] [API 500] Request failed (500) @ http://localhost:5173/src/lib/api.ts:17
[   10863ms] [ERROR] Failed to load resource: the server responded with a status of 500 (Internal Server Error) @ http://localhost:5173/api/v1/dashboard/kpis:0
[   10863ms] [ERROR] [API 500] Request failed (500) @ http://localhost:5173/src/lib/api.ts:17
[   11057ms] [ERROR] Failed to load resource: the server responded with a status of 500 (Internal Server Error) @ http://localhost:5173/api/v1/dashboard/suggestions:0
[   11057ms] [ERROR] [API 500] Request failed (500) @ http://localhost:5173/src/lib/api.ts:17
[   12347ms] [ERROR] Failed to load resource: the server responded with a status of 500 (Internal Server Error) @ http://localhost:5173/api/v1/alerts:0
[   12347ms] [ERROR] [API 500] Request failed (500) @ http://localhost:5173/src/lib/api.ts:17
[   12747ms] [ERROR] Failed to load resource: the server responded with a status of 500 (Internal Server Error) @ http://localhost:5173/api/v1/interventions:0
[   12747ms] [ERROR] [API 500] Request failed (500) @ http://localhost:5173/src/lib/api.ts:17
[   12872ms] [ERROR] Failed to load resource: the server responded with a status of 500 (Internal Server Error) @ http://localhost:5173/api/v1/analytics/predictions:0
[   12873ms] [ERROR] [API 500] Request failed (500) @ http://localhost:5173/src/lib/api.ts:17
[   13072ms] [ERROR] Failed to load resource: the server responded with a status of 500 (Internal Server Error) @ http://localhost:5173/api/v1/dashboard/suggestions:0
[   13073ms] [ERROR] [API 500] Request failed (500) @ http://localhost:5173/src/lib/api.ts:17
[   13073ms] [ERROR] Failed to load resource: the server responded with a status of 500 (Internal Server Error) @ http://localhost:5173/api/v1/stations:0
[   13073ms] [ERROR] [API 500] Request failed (500) @ http://localhost:5173/src/lib/api.ts:17
[   13153ms] [ERROR] Failed to load resource: the server responded with a status of 500 (Internal Server Error) @ http://localhost:5173/api/v1/dashboard/kpis:0
[   13154ms] [ERROR] [API 500] Request failed (500) @ http://localhost:5173/src/lib/api.ts:17
[   15815ms] [ERROR] WebSocket connection to 'ws://localhost:5173/ws/realtime' failed: Connection closed before receiving a handshake response @ http://localhost:5173/src/lib/websocket.ts:47
[   16372ms] [ERROR] Failed to load resource: the server responded with a status of 500 (Internal Server Error) @ http://localhost:5173/api/v1/alerts:0
[   16373ms] [ERROR] [API 500] Request failed (500) @ http://localhost:5173/src/lib/api.ts:17
[   16975ms] [ERROR] Failed to load resource: the server responded with a status of 500 (Internal Server Error) @ http://localhost:5173/api/v1/interventions:0
[   16975ms] [ERROR] [API 500] Request failed (500) @ http://localhost:5173/src/lib/api.ts:17
[   17138ms] [ERROR] Failed to load resource: the server responded with a status of 500 (Internal Server Error) @ http://localhost:5173/api/v1/stations:0
[   17138ms] [ERROR] [API 500] Request failed (500) @ http://localhost:5173/src/lib/api.ts:17
[   17274ms] [ERROR] Failed to load resource: the server responded with a status of 500 (Internal Server Error) @ http://localhost:5173/api/v1/analytics/predictions:0
[   17274ms] [ERROR] [API 500] Request failed (500) @ http://localhost:5173/src/lib/api.ts:17
[   17380ms] [ERROR] Failed to load resource: the server responded with a status of 500 (Internal Server Error) @ http://localhost:5173/api/v1/alerts/rich:0
[   17380ms] [ERROR] [API 500] Request failed (500) @ http://localhost:5173/src/lib/api.ts:17
[   17426ms] [ERROR] Failed to load resource: the server responded with a status of 500 (Internal Server Error) @ http://localhost:5173/api/v1/dashboard/suggestions:0
[   17426ms] [ERROR] [API 500] Request failed (500) @ http://localhost:5173/src/lib/api.ts:17
[   17472ms] [ERROR] Failed to load resource: the server responded with a status of 500 (Internal Server Error) @ http://localhost:5173/api/v1/dashboard/kpis:0
[   17472ms] [ERROR] [API 500] Request failed (500) @ http://localhost:5173/src/lib/api.ts:17
[   18791ms] [ERROR] Failed to load resource: the server responded with a status of 500 (Internal Server Error) @ http://localhost:5173/api/v1/alerts/rich:0
[   18792ms] [ERROR] [API 500] Request failed (500) @ http://localhost:5173/src/lib/api.ts:17
[   18982ms] [ERROR] Failed to load resource: the server responded with a status of 500 (Internal Server Error) @ http://localhost:5173/api/v1/interventions:0
[   18983ms] [ERROR] [API 500] Request failed (500) @ http://localhost:5173/src/lib/api.ts:17
[   19145ms] [ERROR] Failed to load resource: the server responded with a status of 500 (Internal Server Error) @ http://localhost:5173/api/v1/stations:0
[   19146ms] [ERROR] [API 500] Request failed (500) @ http://localhost:5173/src/lib/api.ts:17
[   19281ms] [ERROR] Failed to load resource: the server responded with a status of 500 (Internal Server Error) @ http://localhost:5173/api/v1/analytics/predictions:0
[   19281ms] [ERROR] [API 500] Request failed (500) @ http://localhost:5173/src/lib/api.ts:17
[   19433ms] [ERROR] Failed to load resource: the server responded with a status of 500 (Internal Server Error) @ http://localhost:5173/api/v1/dashboard/suggestions:0
[   19434ms] [ERROR] [API 500] Request failed (500) @ http://localhost:5173/src/lib/api.ts:17
[   19479ms] [ERROR] Failed to load resource: the server responded with a status of 500 (Internal Server Error) @ http://localhost:5173/api/v1/dashboard/kpis:0
[   19480ms] [ERROR] [API 500] Request failed (500) @ http://localhost:5173/src/lib/api.ts:17
[   20329ms] [ERROR] Failed to load resource: the server responded with a status of 500 (Internal Server Error) @ http://localhost:5173/api/v1/interventions:0
[   20329ms] [ERROR] [API 500] Request failed (500) @ http://localhost:5173/src/lib/api.ts:17
[   20582ms] [ERROR] Failed to load resource: the server responded with a status of 500 (Internal Server Error) @ http://localhost:5173/api/v1/dashboard/suggestions:0
[   20583ms] [ERROR] [API 500] Request failed (500) @ http://localhost:5173/src/lib/api.ts:17
[   20600ms] [ERROR] Failed to load resource: the server responded with a status of 500 (Internal Server Error) @ http://localhost:5173/api/v1/stations:0
[   20600ms] [ERROR] [API 500] Request failed (500) @ http://localhost:5173/src/lib/api.ts:17
[   20605ms] [ERROR] Failed to load resource: the server responded with a status of 500 (Internal Server Error) @ http://localhost:5173/api/v1/dashboard/kpis:0
[   20605ms] [ERROR] [API 500] Request failed (500) @ http://localhost:5173/src/lib/api.ts:17
[   20746ms] [ERROR] Failed to load resource: the server responded with a status of 500 (Internal Server Error) @ http://localhost:5173/api/v1/analytics/predictions:0
[   20746ms] [ERROR] [API 500] Request failed (500) @ http://localhost:5173/src/lib/api.ts:17
[   21020ms] [ERROR] Failed to load resource: the server responded with a status of 500 (Internal Server Error) @ http://localhost:5173/api/v1/alerts/rich:0
[   21020ms] [ERROR] [API 500] Request failed (500) @ http://localhost:5173/src/lib/api.ts:17
[   22663ms] [ERROR] Failed to load resource: the server responded with a status of 500 (Internal Server Error) @ http://localhost:5173/api/v1/interventions:0
[   22663ms] [ERROR] [API 500] Request failed (500) @ http://localhost:5173/src/lib/api.ts:17
[   22698ms] [ERROR] Failed to load resource: the server responded with a status of 500 (Internal Server Error) @ http://localhost:5173/api/v1/dashboard/suggestions:0
[   22698ms] [ERROR] [API 500] Request failed (500) @ http://localhost:5173/src/lib/api.ts:17
[   23029ms] [ERROR] Failed to load resource: the server responded with a status of 500 (Internal Server Error) @ http://localhost:5173/api/v1/dashboard/kpis:0
[   23029ms] [ERROR] [API 500] Request failed (500) @ http://localhost:5173/src/lib/api.ts:17
[   23077ms] [ERROR] Failed to load resource: the server responded with a status of 500 (Internal Server Error) @ http://localhost:5173/api/v1/stations:0
[   23077ms] [ERROR] [API 500] Request failed (500) @ http://localhost:5173/src/lib/api.ts:17
[   23166ms] [ERROR] Failed to load resource: the server responded with a status of 500 (Internal Server Error) @ http://localhost:5173/api/v1/analytics/predictions:0
[   23167ms] [ERROR] [API 500] Request failed (500) @ http://localhost:5173/src/lib/api.ts:17
[   25137ms] [ERROR] Failed to load resource: the server responded with a status of 500 (Internal Server Error) @ http://localhost:5173/api/v1/alerts/rich:0
[   25138ms] [ERROR] [API 500] Request failed (500) @ http://localhost:5173/src/lib/api.ts:17
[   25141ms] [ERROR] Failed to load resource: the server responded with a status of 500 (Internal Server Error) @ http://localhost:5173/api/v1/alerts:0
[   25142ms] [ERROR] [API 500] Request failed (500) @ http://localhost:5173/src/lib/api.ts:17
[   26056ms] [ERROR] WebSocket connection to 'ws://localhost:5173/ws/realtime' failed: Connection closed before receiving a handshake response @ http://localhost:5173/src/lib/websocket.ts:47
[   26217ms] [ERROR] Failed to load resource: the server responded with a status of 500 (Internal Server Error) @ http://localhost:5173/api/v1/alerts:0
[   26217ms] [ERROR] [API 500] Request failed (500) @ http://localhost:5173/src/lib/api.ts:17
[   26827ms] [ERROR] Failed to load resource: the server responded with a status of 500 (Internal Server Error) @ http://localhost:5173/api/v1/interventions:0
[   26827ms] [ERROR] [API 500] Request failed (500) @ http://localhost:5173/src/lib/api.ts:17
[   27156ms] [ERROR] Failed to load resource: the server responded with a status of 500 (Internal Server Error) @ http://localhost:5173/api/v1/dashboard/suggestions:0
[   27156ms] [ERROR] [API 500] Request failed (500) @ http://localhost:5173/src/lib/api.ts:17
[   27378ms] [ERROR] Failed to load resource: the server responded with a status of 500 (Internal Server Error) @ http://localhost:5173/api/v1/stations:0
[   27378ms] [ERROR] [API 500] Request failed (500) @ http://localhost:5173/src/lib/api.ts:17
[   27398ms] [ERROR] Failed to load resource: the server responded with a status of 500 (Internal Server Error) @ http://localhost:5173/api/v1/analytics/predictions:0
[   27398ms] [ERROR] [API 500] Request failed (500) @ http://localhost:5173/src/lib/api.ts:17
[   27469ms] [ERROR] Failed to load resource: the server responded with a status of 500 (Internal Server Error) @ http://localhost:5173/api/v1/dashboard/kpis:0
[   27469ms] [ERROR] [API 500] Request failed (500) @ http://localhost:5173/src/lib/api.ts:17
[   28233ms] [ERROR] Failed to load resource: the server responded with a status of 500 (Internal Server Error) @ http://localhost:5173/api/v1/alerts:0
[   28233ms] [ERROR] [API 500] Request failed (500) @ http://localhost:5173/src/lib/api.ts:17
[   30833ms] [ERROR] Failed to load resource: the server responded with a status of 500 (Internal Server Error) @ http://localhost:5173/api/v1/interventions:0
[   30833ms] [ERROR] [API 500] Request failed (500) @ http://localhost:5173/src/lib/api.ts:17
[   31163ms] [ERROR] Failed to load resource: the server responded with a status of 500 (Internal Server Error) @ http://localhost:5173/api/v1/dashboard/suggestions:0
[   31164ms] [ERROR] [API 500] Request failed (500) @ http://localhost:5173/src/lib/api.ts:17
[   31385ms] [ERROR] Failed to load resource: the server responded with a status of 500 (Internal Server Error) @ http://localhost:5173/api/v1/stations:0
[   31385ms] [ERROR] [API 500] Request failed (500) @ http://localhost:5173/src/lib/api.ts:17
[   31404ms] [ERROR] Failed to load resource: the server responded with a status of 500 (Internal Server Error) @ http://localhost:5173/api/v1/analytics/predictions:0
[   31404ms] [ERROR] [API 500] Request failed (500) @ http://localhost:5173/src/lib/api.ts:17
[   31475ms] [ERROR] Failed to load resource: the server responded with a status of 500 (Internal Server Error) @ http://localhost:5173/api/v1/dashboard/kpis:0
[   31475ms] [ERROR] [API 500] Request failed (500) @ http://localhost:5173/src/lib/api.ts:17
[   32151ms] [ERROR] Failed to load resource: the server responded with a status of 500 (Internal Server Error) @ http://localhost:5173/api/v1/interventions:0
[   32151ms] [ERROR] [API 500] Request failed (500) @ http://localhost:5173/src/lib/api.ts:17
[   32551ms] [ERROR] Failed to load resource: the server responded with a status of 500 (Internal Server Error) @ http://localhost:5173/api/v1/stations:0
[   32551ms] [ERROR] [API 500] Request failed (500) @ http://localhost:5173/src/lib/api.ts:17
[   32573ms] [ERROR] Failed to load resource: the server responded with a status of 500 (Internal Server Error) @ http://localhost:5173/api/v1/dashboard/suggestions:0
[   32573ms] [ERROR] [API 500] Request failed (500) @ http://localhost:5173/src/lib/api.ts:17
[   32600ms] [ERROR] Failed to load resource: the server responded with a status of 500 (Internal Server Error) @ http://localhost:5173/api/v1/alerts:0
[   32600ms] [ERROR] [API 500] Request failed (500) @ http://localhost:5173/src/lib/api.ts:17
[   32759ms] [ERROR] Failed to load resource: the server responded with a status of 500 (Internal Server Error) @ http://localhost:5173/api/v1/dashboard/kpis:0
[   32759ms] [ERROR] [API 500] Request failed (500) @ http://localhost:5173/src/lib/api.ts:17
[   32836ms] [ERROR] Failed to load resource: the server responded with a status of 500 (Internal Server Error) @ http://localhost:5173/api/v1/analytics/predictions:0
[   32836ms] [ERROR] [API 500] Request failed (500) @ http://localhost:5173/src/lib/api.ts:17
[   34269ms] [ERROR] Failed to load resource: the server responded with a status of 500 (Internal Server Error) @ http://localhost:5173/api/v1/interventions:0
[   34270ms] [ERROR] [API 500] Request failed (500) @ http://localhost:5173/src/lib/api.ts:17
[   34606ms] [ERROR] Failed to load resource: the server responded with a status of 500 (Internal Server Error) @ http://localhost:5173/api/v1/alerts/rich:0
[   34606ms] [ERROR] [API 500] Request failed (500) @ http://localhost:5173/src/lib/api.ts:17
[   34737ms] [ERROR] Failed to load resource: the server responded with a status of 500 (Internal Server Error) @ http://localhost:5173/api/v1/dashboard/suggestions:0
[   34737ms] [ERROR] [API 500] Request failed (500) @ http://localhost:5173/src/lib/api.ts:17
[   35003ms] [ERROR] Failed to load resource: the server responded with a status of 500 (Internal Server Error) @ http://localhost:5173/api/v1/stations:0
[   35003ms] [ERROR] [API 500] Request failed (500) @ http://localhost:5173/src/lib/api.ts:17
[   35069ms] [ERROR] Failed to load resource: the server responded with a status of 500 (Internal Server Error) @ http://localhost:5173/api/v1/analytics/predictions:0
[   35069ms] [ERROR] [API 500] Request failed (500) @ http://localhost:5173/src/lib/api.ts:17
[   35208ms] [ERROR] Failed to load resource: the server responded with a status of 500 (Internal Server Error) @ http://localhost:5173/api/v1/dashboard/kpis:0
[   35208ms] [ERROR] [API 500] Request failed (500) @ http://localhost:5173/src/lib/api.ts:17
[   36025ms] [ERROR] Failed to load resource: the server responded with a status of 500 (Internal Server Error) @ http://localhost:5173/api/v1/alerts/rich:0
[   36025ms] [ERROR] [API 500] Request failed (500) @ http://localhost:5173/src/lib/api.ts:17
[   38047ms] [ERROR] Failed to load resource: the server responded with a status of 500 (Internal Server Error) @ http://localhost:5173/api/v1/alerts/rich:0
[   38048ms] [ERROR] [API 500] Request failed (500) @ http://localhost:5173/src/lib/api.ts:17
[   38702ms] [ERROR] Failed to load resource: the server responded with a status of 500 (Internal Server Error) @ http://localhost:5173/api/v1/interventions:0
[   38702ms] [ERROR] [API 500] Request failed (500) @ http://localhost:5173/src/lib/api.ts:17
[   38908ms] [ERROR] Failed to load resource: the server responded with a status of 500 (Internal Server Error) @ http://localhost:5173/api/v1/dashboard/suggestions:0
[   38909ms] [ERROR] [API 500] Request failed (500) @ http://localhost:5173/src/lib/api.ts:17
[   39219ms] [ERROR] Failed to load resource: the server responded with a status of 500 (Internal Server Error) @ http://localhost:5173/api/v1/stations:0
[   39219ms] [ERROR] [API 500] Request failed (500) @ http://localhost:5173/src/lib/api.ts:17
[   39289ms] [ERROR] Failed to load resource: the server responded with a status of 500 (Internal Server Error) @ http://localhost:5173/api/v1/analytics/predictions:0
[   39290ms] [ERROR] [API 500] Request failed (500) @ http://localhost:5173/src/lib/api.ts:17
[   39331ms] [ERROR] Failed to load resource: the server responded with a status of 500 (Internal Server Error) @ http://localhost:5173/api/v1/dashboard/kpis:0
[   39332ms] [ERROR] [API 500] Request failed (500) @ http://localhost:5173/src/lib/api.ts:17
[   41970ms] [ERROR] WebSocket connection to 'ws://localhost:5173/ws/realtime' failed: Connection closed before receiving a handshake response @ http://localhost:5173/src/lib/websocket.ts:47
[   42202ms] [ERROR] Failed to load resource: the server responded with a status of 500 (Internal Server Error) @ http://localhost:5173/api/v1/alerts/rich:0
[   42203ms] [ERROR] [API 500] Request failed (500) @ http://localhost:5173/src/lib/api.ts:17
[   42206ms] [ERROR] Failed to load resource: the server responded with a status of 500 (Internal Server Error) @ http://localhost:5173/api/v1/alerts:0
[   42206ms] [ERROR] [API 500] Request failed (500) @ http://localhost:5173/src/lib/api.ts:17
[   43631ms] [ERROR] Failed to load resource: the server responded with a status of 500 (Internal Server Error) @ http://localhost:5173/api/v1/alerts:0
[   43632ms] [ERROR] [API 500] Request failed (500) @ http://localhost:5173/src/lib/api.ts:17
[   46102ms] [ERROR] Failed to load resource: the server responded with a status of 500 (Internal Server Error) @ http://localhost:5173/api/v1/alerts:0
[   46103ms] [ERROR] [API 500] Request failed (500) @ http://localhost:5173/src/lib/api.ts:17
[   50270ms] [ERROR] Failed to load resource: the server responded with a status of 500 (Internal Server Error) @ http://localhost:5173/api/v1/alerts:0
[   50270ms] [ERROR] [API 500] Request failed (500) @ http://localhost:5173/src/lib/api.ts:17
[   53711ms] [ERROR] Failed to load resource: the server responded with a status of 500 (Internal Server Error) @ http://localhost:5173/api/v1/interventions:0
[   53711ms] [ERROR] [API 500] Request failed (500) @ http://localhost:5173/src/lib/api.ts:17
[   54277ms] [ERROR] Failed to load resource: the server responded with a status of 500 (Internal Server Error) @ http://localhost:5173/api/v1/alerts/rich:0
[   54278ms] [ERROR] [API 500] Request failed (500) @ http://localhost:5173/src/lib/api.ts:17
[   55044ms] [ERROR] Failed to load resource: the server responded with a status of 500 (Internal Server Error) @ http://localhost:5173/api/v1/interventions:0
[   55045ms] [ERROR] [API 500] Request failed (500) @ http://localhost:5173/src/lib/api.ts:17
[   55429ms] [ERROR] Failed to load resource: the server responded with a status of 500 (Internal Server Error) @ http://localhost:5173/api/v1/alerts/rich:0
[   55429ms] [ERROR] [API 500] Request failed (500) @ http://localhost:5173/src/lib/api.ts:17
[   57088ms] [ERROR] Failed to load resource: the server responded with a status of 500 (Internal Server Error) @ http://localhost:5173/api/v1/interventions:0
[   57089ms] [ERROR] [API 500] Request failed (500) @ http://localhost:5173/src/lib/api.ts:17
[   57837ms] [ERROR] Failed to load resource: the server responded with a status of 500 (Internal Server Error) @ http://localhost:5173/api/v1/alerts/rich:0
[   57838ms] [ERROR] [API 500] Request failed (500) @ http://localhost:5173/src/lib/api.ts:17
[   61371ms] [ERROR] Failed to load resource: the server responded with a status of 500 (Internal Server Error) @ http://localhost:5173/api/v1/interventions:0
[   61371ms] [ERROR] [API 500] Request failed (500) @ http://localhost:5173/src/lib/api.ts:17
[   61966ms] [ERROR] Failed to load resource: the server responded with a status of 500 (Internal Server Error) @ http://localhost:5173/api/v1/alerts/rich:0
[   61967ms] [ERROR] [API 500] Request failed (500) @ http://localhost:5173/src/lib/api.ts:17
[   61970ms] [ERROR] Failed to load resource: the server responded with a status of 500 (Internal Server Error) @ http://localhost:5173/api/v1/alerts:0
[   61970ms] [ERROR] [API 500] Request failed (500) @ http://localhost:5173/src/lib/api.ts:17
[   62378ms] [ERROR] Failed to load resource: the server responded with a status of 500 (Internal Server Error) @ http://localhost:5173/api/v1/interventions:0
[   62379ms] [ERROR] [API 500] Request failed (500) @ http://localhost:5173/src/lib/api.ts:17
[   63170ms] [ERROR] Failed to load resource: the server responded with a status of 500 (Internal Server Error) @ http://localhost:5173/api/v1/alerts:0
[   63170ms] [ERROR] [API 500] Request failed (500) @ http://localhost:5173/src/lib/api.ts:17
[   63857ms] [ERROR] Failed to load resource: the server responded with a status of 500 (Internal Server Error) @ http://localhost:5173/api/v1/interventions:0
[   63857ms] [ERROR] [API 500] Request failed (500) @ http://localhost:5173/src/lib/api.ts:17
[   65120ms] [ERROR] WebSocket connection to 'ws://localhost:5173/ws/realtime' failed: Connection closed before receiving a handshake response @ http://localhost:5173/src/lib/websocket.ts:47
[   65249ms] [ERROR] Failed to load resource: the server responded with a status of 500 (Internal Server Error) @ http://localhost:5173/api/v1/alerts:0
[   65249ms] [ERROR] [API 500] Request failed (500) @ http://localhost:5173/src/lib/api.ts:17
[   66030ms] [ERROR] Failed to load resource: the server responded with a status of 500 (Internal Server Error) @ http://localhost:5173/api/v1/interventions:0
[   66030ms] [ERROR] [API 500] Request failed (500) @ http://localhost:5173/src/lib/api.ts:17
[   68917ms] [ERROR] Failed to load resource: the server responded with a status of 500 (Internal Server Error) @ http://localhost:5173/api/v1/dashboard/suggestions:0
[   68917ms] [ERROR] [API 500] Request failed (500) @ http://localhost:5173/src/lib/api.ts:17
[   69340ms] [ERROR] Failed to load resource: the server responded with a status of 500 (Internal Server Error) @ http://localhost:5173/api/v1/dashboard/kpis:0
[   69340ms] [ERROR] [API 500] Request failed (500) @ http://localhost:5173/src/lib/api.ts:17
[   69468ms] [ERROR] Failed to load resource: the server responded with a status of 500 (Internal Server Error) @ http://localhost:5173/api/v1/alerts:0
[   69468ms] [ERROR] [API 500] Request failed (500) @ http://localhost:5173/src/lib/api.ts:17
[   70221ms] [ERROR] Failed to load resource: the server responded with a status of 500 (Internal Server Error) @ http://localhost:5173/api/v1/interventions:0
[   70222ms] [ERROR] [API 500] Request failed (500) @ http://localhost:5173/src/lib/api.ts:17
[   70388ms] [ERROR] Failed to load resource: the server responded with a status of 500 (Internal Server Error) @ http://localhost:5173/api/v1/dashboard/suggestions:0
[   70389ms] [ERROR] [API 500] Request failed (500) @ http://localhost:5173/src/lib/api.ts:17
[   70539ms] [ERROR] Failed to load resource: the server responded with a status of 500 (Internal Server Error) @ http://localhost:5173/api/v1/dashboard/kpis:0
[   70539ms] [ERROR] [API 500] Request failed (500) @ http://localhost:5173/src/lib/api.ts:17
[   72231ms] [ERROR] Failed to load resource: the server responded with a status of 500 (Internal Server Error) @ http://localhost:5173/api/v1/interventions:0
[   72231ms] [ERROR] [API 500] Request failed (500) @ http://localhost:5173/src/lib/api.ts:17
[   72566ms] [ERROR] Failed to load resource: the server responded with a status of 500 (Internal Server Error) @ http://localhost:5173/api/v1/dashboard/kpis:0
[   72566ms] [ERROR] [API 500] Request failed (500) @ http://localhost:5173/src/lib/api.ts:17
[   72805ms] [ERROR] Failed to load resource: the server responded with a status of 500 (Internal Server Error) @ http://localhost:5173/api/v1/dashboard/suggestions:0
[   72805ms] [ERROR] [API 500] Request failed (500) @ http://localhost:5173/src/lib/api.ts:17
[   73620ms] [ERROR] Failed to load resource: the server responded with a status of 500 (Internal Server Error) @ http://localhost:5173/api/v1/interventions:0
[   73620ms] [ERROR] [API 500] Request failed (500) @ http://localhost:5173/src/lib/api.ts:17
[   75655ms] [ERROR] Failed to load resource: the server responded with a status of 500 (Internal Server Error) @ http://localhost:5173/api/v1/interventions:0
[   75656ms] [ERROR] [API 500] Request failed (500) @ http://localhost:5173/src/lib/api.ts:17
[   76858ms] [ERROR] Failed to load resource: the server responded with a status of 500 (Internal Server Error) @ http://localhost:5173/api/v1/dashboard/kpis:0
[   76859ms] [ERROR] [API 500] Request failed (500) @ http://localhost:5173/src/lib/api.ts:17
[   77096ms] [ERROR] Failed to load resource: the server responded with a status of 500 (Internal Server Error) @ http://localhost:5173/api/v1/dashboard/suggestions:0
[   77097ms] [ERROR] [API 500] Request failed (500) @ http://localhost:5173/src/lib/api.ts:17
[   77866ms] [ERROR] Failed to load resource: the server responded with a status of 500 (Internal Server Error) @ http://localhost:5173/api/v1/dashboard/kpis:0
[   77867ms] [ERROR] [API 500] Request failed (500) @ http://localhost:5173/src/lib/api.ts:17
[   78105ms] [ERROR] Failed to load resource: the server responded with a status of 500 (Internal Server Error) @ http://localhost:5173/api/v1/dashboard/suggestions:0
[   78106ms] [ERROR] [API 500] Request failed (500) @ http://localhost:5173/src/lib/api.ts:17
[   79353ms] [ERROR] Failed to load resource: the server responded with a status of 500 (Internal Server Error) @ http://localhost:5173/api/v1/dashboard/kpis:0
[   79353ms] [ERROR] [API 500] Request failed (500) @ http://localhost:5173/src/lib/api.ts:17
[   79356ms] [ERROR] Failed to load resource: the server responded with a status of 500 (Internal Server Error) @ http://localhost:5173/api/v1/dashboard/suggestions:0
[   79356ms] [ERROR] [API 500] Request failed (500) @ http://localhost:5173/src/lib/api.ts:17
[   80011ms] [ERROR] Failed to load resource: the server responded with a status of 500 (Internal Server Error) @ http://localhost:5173/api/v1/interventions:0
[   80011ms] [ERROR] [API 500] Request failed (500) @ http://localhost:5173/src/lib/api.ts:17
[   81662ms] [ERROR] Failed to load resource: the server responded with a status of 500 (Internal Server Error) @ http://localhost:5173/api/v1/dashboard/kpis:0
[   81662ms] [ERROR] [API 500] Request failed (500) @ http://localhost:5173/src/lib/api.ts:17
[   81694ms] [ERROR] Failed to load resource: the server responded with a status of 500 (Internal Server Error) @ http://localhost:5173/api/v1/dashboard/suggestions:0
[   81694ms] [ERROR] [API 500] Request failed (500) @ http://localhost:5173/src/lib/api.ts:17
[   84018ms] [ERROR] Failed to load resource: the server responded with a status of 500 (Internal Server Error) @ http://localhost:5173/api/v1/interventions:0
[   84018ms] [ERROR] [API 500] Request failed (500) @ http://localhost:5173/src/lib/api.ts:17
[   84486ms] [ERROR] Failed to load resource: the server responded with a status of 500 (Internal Server Error) @ http://localhost:5173/api/v1/alerts/rich:0
[   84487ms] [ERROR] [API 500] Request failed (500) @ http://localhost:5173/src/lib/api.ts:17
[   85028ms] [ERROR] Failed to load resource: the server responded with a status of 500 (Internal Server Error) @ http://localhost:5173/api/v1/interventions:0
[   85028ms] [ERROR] [API 500] Request failed (500) @ http://localhost:5173/src/lib/api.ts:17
[   85910ms] [ERROR] Failed to load resource: the server responded with a status of 500 (Internal Server Error) @ http://localhost:5173/api/v1/alerts/rich:0
[   85910ms] [ERROR] [API 500] Request failed (500) @ http://localhost:5173/src/lib/api.ts:17
[   86130ms] [ERROR] Failed to load resource: the server responded with a status of 500 (Internal Server Error) @ http://localhost:5173/api/v1/dashboard/suggestions:0
[   86130ms] [ERROR] [API 500] Request failed (500) @ http://localhost:5173/src/lib/api.ts:17
[   86131ms] [ERROR] Failed to load resource: the server responded with a status of 500 (Internal Server Error) @ http://localhost:5173/api/v1/dashboard/kpis:0
[   86131ms] [ERROR] [API 500] Request failed (500) @ http://localhost:5173/src/lib/api.ts:17
[   87382ms] [ERROR] Failed to load resource: the server responded with a status of 500 (Internal Server Error) @ http://localhost:5173/api/v1/interventions:0
[   87382ms] [ERROR] [API 500] Request failed (500) @ http://localhost:5173/src/lib/api.ts:17
[   88066ms] [ERROR] Failed to load resource: the server responded with a status of 500 (Internal Server Error) @ http://localhost:5173/api/v1/alerts/rich:0
[   88067ms] [ERROR] [API 500] Request failed (500) @ http://localhost:5173/src/lib/api.ts:17
[   88139ms] [ERROR] Failed to load resource: the server responded with a status of 500 (Internal Server Error) @ http://localhost:5173/api/v1/dashboard/suggestions:0
[   88139ms] [ERROR] [API 500] Request failed (500) @ http://localhost:5173/src/lib/api.ts:17
[   88139ms] [ERROR] Failed to load resource: the server responded with a status of 500 (Internal Server Error) @ http://localhost:5173/api/v1/dashboard/kpis:0
[   88139ms] [ERROR] [API 500] Request failed (500) @ http://localhost:5173/src/lib/api.ts:17
[   89162ms] [ERROR] Failed to load resource: the server responded with a status of 500 (Internal Server Error) @ http://localhost:5173/api/v1/dashboard/kpis:0
[   89162ms] [ERROR] [API 500] Request failed (500) @ http://localhost:5173/src/lib/api.ts:17
[   89583ms] [ERROR] Failed to load resource: the server responded with a status of 500 (Internal Server Error) @ http://localhost:5173/api/v1/dashboard/suggestions:0
[   89584ms] [ERROR] [API 500] Request failed (500) @ http://localhost:5173/src/lib/api.ts:17
[   91191ms] [ERROR] Failed to load resource: the server responded with a status of 500 (Internal Server Error) @ http://localhost:5173/api/v1/dashboard/kpis:0
[   91191ms] [ERROR] [API 500] Request failed (500) @ http://localhost:5173/src/lib/api.ts:17
[   91669ms] [ERROR] Failed to load resource: the server responded with a status of 500 (Internal Server Error) @ http://localhost:5173/api/v1/interventions:0
[   91669ms] [ERROR] [API 500] Request failed (500) @ http://localhost:5173/src/lib/api.ts:17
[   91848ms] [ERROR] Failed to load resource: the server responded with a status of 500 (Internal Server Error) @ http://localhost:5173/api/v1/dashboard/suggestions:0
[   91848ms] [ERROR] [API 500] Request failed (500) @ http://localhost:5173/src/lib/api.ts:17
[   92175ms] [ERROR] Failed to load resource: the server responded with a status of 500 (Internal Server Error) @ http://localhost:5173/api/v1/alerts/rich:0
[   92176ms] [ERROR] [API 500] Request failed (500) @ http://localhost:5173/src/lib/api.ts:17
[   92179ms] [ERROR] Failed to load resource: the server responded with a status of 500 (Internal Server Error) @ http://localhost:5173/api/v1/alerts:0
[   92179ms] [ERROR] [API 500] Request failed (500) @ http://localhost:5173/src/lib/api.ts:17
[   93676ms] [ERROR] Failed to load resource: the server responded with a status of 500 (Internal Server Error) @ http://localhost:5173/api/v1/alerts:0
[   93676ms] [ERROR] [API 500] Request failed (500) @ http://localhost:5173/src/lib/api.ts:17
[   95134ms] [ERROR] WebSocket connection to 'ws://localhost:5173/ws/realtime' failed: Connection closed before receiving a handshake response @ http://localhost:5173/src/lib/websocket.ts:47
[   95547ms] [ERROR] Failed to load resource: the server responded with a status of 500 (Internal Server Error) @ http://localhost:5173/api/v1/dashboard/kpis:0
[   95547ms] [ERROR] [API 500] Request failed (500) @ http://localhost:5173/src/lib/api.ts:17
[   95873ms] [ERROR] Failed to load resource: the server responded with a status of 500 (Internal Server Error) @ http://localhost:5173/api/v1/alerts:0
[   95873ms] [ERROR] [API 500] Request failed (500) @ http://localhost:5173/src/lib/api.ts:17
[   96041ms] [ERROR] Failed to load resource: the server responded with a status of 500 (Internal Server Error) @ http://localhost:5173/api/v1/dashboard/suggestions:0
[   96042ms] [ERROR] [API 500] Request failed (500) @ http://localhost:5173/src/lib/api.ts:17
[   99228ms] [ERROR] Failed to load resource: the server responded with a status of 500 (Internal Server Error) @ http://localhost:5173/api/v1/stations:0
[   99228ms] [ERROR] [API 500] Request failed (500) @ http://localhost:5173/src/lib/api.ts:17
[   99555ms] [ERROR] Failed to load resource: the server responded with a status of 500 (Internal Server Error) @ http://localhost:5173/api/v1/dashboard/kpis:0
[   99555ms] [ERROR] [API 500] Request failed (500) @ http://localhost:5173/src/lib/api.ts:17
[   99930ms] [ERROR] Failed to load resource: the server responded with a status of 500 (Internal Server Error) @ http://localhost:5173/api/v1/alerts:0
[   99930ms] [ERROR] [API 500] Request failed (500) @ http://localhost:5173/src/lib/api.ts:17
[  100050ms] [ERROR] Failed to load resource: the server responded with a status of 500 (Internal Server Error) @ http://localhost:5173/api/v1/dashboard/suggestions:0
[  100051ms] [ERROR] [API 500] Request failed (500) @ http://localhost:5173/src/lib/api.ts:17
[  100314ms] [ERROR] Failed to load resource: the server responded with a status of 500 (Internal Server Error) @ http://localhost:5173/api/v1/stations:0
[  100314ms] [ERROR] [API 500] Request failed (500) @ http://localhost:5173/src/lib/api.ts:17
[  100937ms] [ERROR] Failed to load resource: the server responded with a status of 500 (Internal Server Error) @ http://localhost:5173/api/v1/alerts/rich:0
[  100937ms] [ERROR] [API 500] Request failed (500) @ http://localhost:5173/src/lib/api.ts:17
[  100976ms] [ERROR] Failed to load resource: the server responded with a status of 500 (Internal Server Error) @ http://localhost:5173/api/v1/dashboard/kpis:0
[  100976ms] [ERROR] [API 500] Request failed (500) @ http://localhost:5173/src/lib/api.ts:17
[  101224ms] [ERROR] Failed to load resource: the server responded with a status of 500 (Internal Server Error) @ http://localhost:5173/api/v1/dashboard/suggestions:0
[  101225ms] [ERROR] [API 500] Request failed (500) @ http://localhost:5173/src/lib/api.ts:17
[  101958ms] [ERROR] Failed to load resource: the server responded with a status of 500 (Internal Server Error) @ http://localhost:5173/api/v1/alerts/rich:0
[  101959ms] [ERROR] [API 500] Request failed (500) @ http://localhost:5173/src/lib/api.ts:17
[  102383ms] [ERROR] Failed to load resource: the server responded with a status of 500 (Internal Server Error) @ http://localhost:5173/api/v1/stations:0
[  102383ms] [ERROR] [API 500] Request failed (500) @ http://localhost:5173/src/lib/api.ts:17
[  103062ms] [ERROR] Failed to load resource: the server responded with a status of 500 (Internal Server Error) @ http://localhost:5173/api/v1/dashboard/kpis:0
[  103062ms] [ERROR] [API 500] Request failed (500) @ http://localhost:5173/src/lib/api.ts:17
[  103654ms] [ERROR] Failed to load resource: the server responded with a status of 500 (Internal Server Error) @ http://localhost:5173/api/v1/dashboard/suggestions:0
[  103654ms] [ERROR] [API 500] Request failed (500) @ http://localhost:5173/src/lib/api.ts:17
[  104128ms] [ERROR] Failed to load resource: the server responded with a status of 500 (Internal Server Error) @ http://localhost:5173/api/v1/alerts/rich:0
[  104128ms] [ERROR] [API 500] Request failed (500) @ http://localhost:5173/src/lib/api.ts:17
[  106679ms] [ERROR] Failed to load resource: the server responded with a status of 500 (Internal Server Error) @ http://localhost:5173/api/v1/interventions:0
[  106679ms] [ERROR] [API 500] Request failed (500) @ http://localhost:5173/src/lib/api.ts:17
[  106734ms] [ERROR] Failed to load resource: the server responded with a status of 500 (Internal Server Error) @ http://localhost:5173/api/v1/stations:0
[  106734ms] [ERROR] [API 500] Request failed (500) @ http://localhost:5173/src/lib/api.ts:17
[  107379ms] [ERROR] Failed to load resource: the server responded with a status of 500 (Internal Server Error) @ http://localhost:5173/api/v1/dashboard/kpis:0
[  107379ms] [ERROR] [API 500] Request failed (500) @ http://localhost:5173/src/lib/api.ts:17
[  107736ms] [ERROR] Failed to load resource: the server responded with a status of 500 (Internal Server Error) @ http://localhost:5173/api/v1/dashboard/suggestions:0
[  107737ms] [ERROR] [API 500] Request failed (500) @ http://localhost:5173/src/lib/api.ts:17
[  107741ms] [ERROR] Failed to load resource: the server responded with a status of 500 (Internal Server Error) @ http://localhost:5173/api/v1/stations:0
[  107741ms] [ERROR] [API 500] Request failed (500) @ http://localhost:5173/src/lib/api.ts:17
[  108027ms] [ERROR] Failed to load resource: the server responded with a status of 500 (Internal Server Error) @ http://localhost:5173/api/v1/interventions:0
[  108028ms] [ERROR] [API 500] Request failed (500) @ http://localhost:5173/src/lib/api.ts:17
[  108293ms] [ERROR] Failed to load resource: the server responded with a status of 500 (Internal Server Error) @ http://localhost:5173/api/v1/alerts/rich:0
[  108294ms] [ERROR] [API 500] Request failed (500) @ http://localhost:5173/src/lib/api.ts:17
[  108299ms] [ERROR] Failed to load resource: the server responded with a status of 500 (Internal Server Error) @ http://localhost:5173/api/v1/alerts:0
[  108300ms] [ERROR] [API 500] Request failed (500) @ http://localhost:5173/src/lib/api.ts:17
[  108947ms] [ERROR] Failed to load resource: the server responded with a status of 500 (Internal Server Error) @ http://localhost:5173/api/v1/stations:0
[  108947ms] [ERROR] [API 500] Request failed (500) @ http://localhost:5173/src/lib/api.ts:17
[  109691ms] [ERROR] Failed to load resource: the server responded with a status of 500 (Internal Server Error) @ http://localhost:5173/api/v1/alerts:0
[  109692ms] [ERROR] [API 500] Request failed (500) @ http://localhost:5173/src/lib/api.ts:17
[  110424ms] [ERROR] Failed to load resource: the server responded with a status of 500 (Internal Server Error) @ http://localhost:5173/api/v1/interventions:0
[  110424ms] [ERROR] [API 500] Request failed (500) @ http://localhost:5173/src/lib/api.ts:17
[  111395ms] [ERROR] Failed to load resource: the server responded with a status of 500 (Internal Server Error) @ http://localhost:5173/api/v1/stations:0
[  111396ms] [ERROR] [API 500] Request failed (500) @ http://localhost:5173/src/lib/api.ts:17
[  111797ms] [ERROR] Failed to load resource: the server responded with a status of 500 (Internal Server Error) @ http://localhost:5173/api/v1/alerts:0
[  111798ms] [ERROR] [API 500] Request failed (500) @ http://localhost:5173/src/lib/api.ts:17
[  114521ms] [ERROR] Failed to load resource: the server responded with a status of 500 (Internal Server Error) @ http://localhost:5173/api/v1/interventions:0
[  114521ms] [ERROR] [API 500] Request failed (500) @ http://localhost:5173/src/lib/api.ts:17
[  115530ms] [ERROR] Failed to load resource: the server responded with a status of 500 (Internal Server Error) @ http://localhost:5173/api/v1/interventions:0
[  115531ms] [ERROR] [API 500] Request failed (500) @ http://localhost:5173/src/lib/api.ts:17
[  115588ms] [ERROR] Failed to load resource: the server responded with a status of 500 (Internal Server Error) @ http://localhost:5173/api/v1/stations:0
[  115589ms] [ERROR] [API 500] Request failed (500) @ http://localhost:5173/src/lib/api.ts:17
[  115986ms] [ERROR] Failed to load resource: the server responded with a status of 500 (Internal Server Error) @ http://localhost:5173/api/v1/alerts:0
[  115986ms] [ERROR] [API 500] Request failed (500) @ http://localhost:5173/src/lib/api.ts:17
[  116749ms] [ERROR] Failed to load resource: the server responded with a status of 500 (Internal Server Error) @ http://localhost:5173/api/v1/interventions:0
[  116749ms] [ERROR] [API 500] Request failed (500) @ http://localhost:5173/src/lib/api.ts:17
[  117594ms] [ERROR] Failed to load resource: the server responded with a status of 500 (Internal Server Error) @ http://localhost:5173/api/v1/stations:0
[  117594ms] [ERROR] [API 500] Request failed (500) @ http://localhost:5173/src/lib/api.ts:17
[  117995ms] [ERROR] Failed to load resource: the server responded with a status of 500 (Internal Server Error) @ http://localhost:5173/api/v1/alerts/rich:0
[  117996ms] [ERROR] [API 500] Request failed (500) @ http://localhost:5173/src/lib/api.ts:17
[  118857ms] [ERROR] Failed to load resource: the server responded with a status of 500 (Internal Server Error) @ http://localhost:5173/api/v1/interventions:0
[  118857ms] [ERROR] [API 500] Request failed (500) @ http://localhost:5173/src/lib/api.ts:17
[  118928ms] [ERROR] Failed to load resource: the server responded with a status of 500 (Internal Server Error) @ http://localhost:5173/api/v1/stations:0
[  118928ms] [ERROR] [API 500] Request failed (500) @ http://localhost:5173/src/lib/api.ts:17
[  119008ms] [ERROR] Failed to load resource: the server responded with a status of 500 (Internal Server Error) @ http://localhost:5173/api/v1/alerts/rich:0
[  119009ms] [ERROR] [API 500] Request failed (500) @ http://localhost:5173/src/lib/api.ts:17
[  121116ms] [ERROR] Failed to load resource: the server responded with a status of 500 (Internal Server Error) @ http://localhost:5173/api/v1/stations:0
[  121117ms] [ERROR] [API 500] Request failed (500) @ http://localhost:5173/src/lib/api.ts:17
[  121196ms] [ERROR] Failed to load resource: the server responded with a status of 500 (Internal Server Error) @ http://localhost:5173/api/v1/alerts/rich:0
[  121196ms] [ERROR] [API 500] Request failed (500) @ http://localhost:5173/src/lib/api.ts:17
[  123307ms] [ERROR] Failed to load resource: the server responded with a status of 500 (Internal Server Error) @ http://localhost:5173/api/v1/interventions:0
[  123307ms] [ERROR] [API 500] Request failed (500) @ http://localhost:5173/src/lib/api.ts:17
[  125148ms] [ERROR] WebSocket connection to 'ws://localhost:5173/ws/realtime' failed: Connection closed before receiving a handshake response @ http://localhost:5173/src/lib/websocket.ts:47
[  125315ms] [ERROR] Failed to load resource: the server responded with a status of 500 (Internal Server Error) @ http://localhost:5173/api/v1/interventions:0
[  125315ms] [ERROR] [API 500] Request failed (500) @ http://localhost:5173/src/lib/api.ts:17
[  125498ms] [ERROR] Failed to load resource: the server responded with a status of 500 (Internal Server Error) @ http://localhost:5173/api/v1/stations:0
[  125498ms] [ERROR] [API 500] Request failed (500) @ http://localhost:5173/src/lib/api.ts:17
[  125684ms] [ERROR] Failed to load resource: the server responded with a status of 500 (Internal Server Error) @ http://localhost:5173/api/v1/alerts/rich:0
[  125685ms] [ERROR] [API 500] Request failed (500) @ http://localhost:5173/src/lib/api.ts:17
[  125689ms] [ERROR] Failed to load resource: the server responded with a status of 500 (Internal Server Error) @ http://localhost:5173/api/v1/alerts:0
[  125689ms] [ERROR] [API 500] Request failed (500) @ http://localhost:5173/src/lib/api.ts:17
[  126348ms] [ERROR] Failed to load resource: the server responded with a status of 500 (Internal Server Error) @ http://localhost:5173/api/v1/interventions:0
[  126348ms] [ERROR] [API 500] Request failed (500) @ http://localhost:5173/src/lib/api.ts:17
[  126717ms] [ERROR] Failed to load resource: the server responded with a status of 500 (Internal Server Error) @ http://localhost:5173/api/v1/alerts:0
[  126718ms] [ERROR] [API 500] Request failed (500) @ http://localhost:5173/src/lib/api.ts:17
[  128641ms] [ERROR] Failed to load resource: the server responded with a status of 500 (Internal Server Error) @ http://localhost:5173/api/v1/interventions:0
[  128641ms] [ERROR] [API 500] Request failed (500) @ http://localhost:5173/src/lib/api.ts:17
[  129085ms] [ERROR] Failed to load resource: the server responded with a status of 500 (Internal Server Error) @ http://localhost:5173/api/v1/alerts:0
[  129085ms] [ERROR] [API 500] Request failed (500) @ http://localhost:5173/src/lib/api.ts:17
[  129506ms] [ERROR] Failed to load resource: the server responded with a status of 500 (Internal Server Error) @ http://localhost:5173/api/v1/stations:0
[  129506ms] [ERROR] [API 500] Request failed (500) @ http://localhost:5173/src/lib/api.ts:17
[  130946ms] [ERROR] Failed to load resource: the server responded with a status of 500 (Internal Server Error) @ http://localhost:5173/api/v1/stations:0
[  130946ms] [ERROR] [API 500] Request failed (500) @ http://localhost:5173/src/lib/api.ts:17
[  132918ms] [ERROR] Failed to load resource: the server responded with a status of 500 (Internal Server Error) @ http://localhost:5173/api/v1/interventions:0
[  132918ms] [ERROR] [API 500] Request failed (500) @ http://localhost:5173/src/lib/api.ts:17
[  133032ms] [ERROR] Failed to load resource: the server responded with a status of 500 (Internal Server Error) @ http://localhost:5173/api/v1/stations:0
[  133033ms] [ERROR] [API 500] Request failed (500) @ http://localhost:5173/src/lib/api.ts:17
[  133153ms] [ERROR] Failed to load resource: the server responded with a status of 500 (Internal Server Error) @ http://localhost:5173/api/v1/alerts:0
[  133154ms] [ERROR] [API 500] Request failed (500) @ http://localhost:5173/src/lib/api.ts:17
[  136926ms] [ERROR] Failed to load resource: the server responded with a status of 500 (Internal Server Error) @ http://localhost:5173/api/v1/interventions:0
[  136926ms] [ERROR] [API 500] Request failed (500) @ http://localhost:5173/src/lib/api.ts:17
[  137162ms] [ERROR] Failed to load resource: the server responded with a status of 500 (Internal Server Error) @ http://localhost:5173/api/v1/alerts/rich:0
[  137163ms] [ERROR] [API 500] Request failed (500) @ http://localhost:5173/src/lib/api.ts:17
[  137387ms] [ERROR] Failed to load resource: the server responded with a status of 500 (Internal Server Error) @ http://localhost:5173/api/v1/dashboard/kpis:0
[  137388ms] [ERROR] [API 500] Request failed (500) @ http://localhost:5173/src/lib/api.ts:17
[  137390ms] [ERROR] Failed to load resource: the server responded with a status of 500 (Internal Server Error) @ http://localhost:5173/api/v1/stations:0
[  137390ms] [ERROR] [API 500] Request failed (500) @ http://localhost:5173/src/lib/api.ts:17
[  137743ms] [ERROR] Failed to load resource: the server responded with a status of 500 (Internal Server Error) @ http://localhost:5173/api/v1/dashboard/suggestions:0
[  137744ms] [ERROR] [API 500] Request failed (500) @ http://localhost:5173/src/lib/api.ts:17
[  138295ms] [ERROR] Failed to load resource: the server responded with a status of 500 (Internal Server Error) @ http://localhost:5173/api/v1/interventions:0
[  138295ms] [ERROR] [API 500] Request failed (500) @ http://localhost:5173/src/lib/api.ts:17
[  138525ms] [ERROR] Failed to load resource: the server responded with a status of 500 (Internal Server Error) @ http://localhost:5173/api/v1/dashboard/kpis:0
[  138525ms] [ERROR] [API 500] Request failed (500) @ http://localhost:5173/src/lib/api.ts:17
[  138544ms] [ERROR] Failed to load resource: the server responded with a status of 500 (Internal Server Error) @ http://localhost:5173/api/v1/alerts/rich:0
[  138545ms] [ERROR] [API 500] Request failed (500) @ http://localhost:5173/src/lib/api.ts:17
[  139216ms] [ERROR] Failed to load resource: the server responded with a status of 500 (Internal Server Error) @ http://localhost:5173/api/v1/dashboard/suggestions:0
[  139217ms] [ERROR] [API 500] Request failed (500) @ http://localhost:5173/src/lib/api.ts:17
[  140395ms] [ERROR] Failed to load resource: the server responded with a status of 500 (Internal Server Error) @ http://localhost:5173/api/v1/interventions:0
[  140395ms] [ERROR] [API 500] Request failed (500) @ http://localhost:5173/src/lib/api.ts:17
[  140675ms] [ERROR] Failed to load resource: the server responded with a status of 500 (Internal Server Error) @ http://localhost:5173/api/v1/dashboard/kpis:0
[  140675ms] [ERROR] [API 500] Request failed (500) @ http://localhost:5173/src/lib/api.ts:17
[  140730ms] [ERROR] Failed to load resource: the server responded with a status of 500 (Internal Server Error) @ http://localhost:5173/api/v1/alerts/rich:0
[  140730ms] [ERROR] [API 500] Request failed (500) @ http://localhost:5173/src/lib/api.ts:17
[  141492ms] [ERROR] Failed to load resource: the server responded with a status of 500 (Internal Server Error) @ http://localhost:5173/api/v1/dashboard/suggestions:0
[  141492ms] [ERROR] [API 500] Request failed (500) @ http://localhost:5173/src/lib/api.ts:17
[  144781ms] [ERROR] Failed to load resource: the server responded with a status of 500 (Internal Server Error) @ http://localhost:5173/api/v1/alerts/rich:0
[  144781ms] [ERROR] [API 500] Request failed (500) @ http://localhost:5173/src/lib/api.ts:17
[  144785ms] [ERROR] Failed to load resource: the server responded with a status of 500 (Internal Server Error) @ http://localhost:5173/api/v1/alerts:0
[  144785ms] [ERROR] [API 500] Request failed (500) @ http://localhost:5173/src/lib/api.ts:17
[  144787ms] [ERROR] Failed to load resource: the server responded with a status of 500 (Internal Server Error) @ http://localhost:5173/api/v1/interventions:0
[  144787ms] [ERROR] [API 500] Request failed (500) @ http://localhost:5173/src/lib/api.ts:17
[  144875ms] [ERROR] Failed to load resource: the server responded with a status of 500 (Internal Server Error) @ http://localhost:5173/api/v1/dashboard/kpis:0
[  144876ms] [ERROR] [API 500] Request failed (500) @ http://localhost:5173/src/lib/api.ts:17
[  145697ms] [ERROR] Failed to load resource: the server responded with a status of 500 (Internal Server Error) @ http://localhost:5173/api/v1/dashboard/suggestions:0
[  145697ms] [ERROR] [API 500] Request failed (500) @ http://localhost:5173/src/lib/api.ts:17
[  145883ms] [ERROR] Failed to load resource: the server responded with a status of 500 (Internal Server Error) @ http://localhost:5173/api/v1/dashboard/kpis:0
[  145883ms] [ERROR] [API 500] Request failed (500) @ http://localhost:5173/src/lib/api.ts:17
[  146072ms] [ERROR] Failed to load resource: the server responded with a status of 500 (Internal Server Error) @ http://localhost:5173/api/v1/alerts:0
[  146073ms] [ERROR] [API 500] Request failed (500) @ http://localhost:5173/src/lib/api.ts:17
[  146706ms] [ERROR] Failed to load resource: the server responded with a status of 500 (Internal Server Error) @ http://localhost:5173/api/v1/dashboard/suggestions:0
[  146706ms] [ERROR] [API 500] Request failed (500) @ http://localhost:5173/src/lib/api.ts:17
[  147271ms] [ERROR] Failed to load resource: the server responded with a status of 500 (Internal Server Error) @ http://localhost:5173/api/v1/dashboard/kpis:0
[  147271ms] [ERROR] [API 500] Request failed (500) @ http://localhost:5173/src/lib/api.ts:17
[  147844ms] [ERROR] Failed to load resource: the server responded with a status of 500 (Internal Server Error) @ http://localhost:5173/api/v1/dashboard/suggestions:0
[  147844ms] [ERROR] [API 500] Request failed (500) @ http://localhost:5173/src/lib/api.ts:17
[  148241ms] [ERROR] Failed to load resource: the server responded with a status of 500 (Internal Server Error) @ http://localhost:5173/api/v1/alerts:0
[  148241ms] [ERROR] [API 500] Request failed (500) @ http://localhost:5173/src/lib/api.ts:17
[  149466ms] [ERROR] Failed to load resource: the server responded with a status of 500 (Internal Server Error) @ http://localhost:5173/api/v1/dashboard/kpis:0
[  149467ms] [ERROR] [API 500] Request failed (500) @ http://localhost:5173/src/lib/api.ts:17
[  150342ms] [ERROR] Failed to load resource: the server responded with a status of 500 (Internal Server Error) @ http://localhost:5173/api/v1/dashboard/suggestions:0
[  150343ms] [ERROR] [API 500] Request failed (500) @ http://localhost:5173/src/lib/api.ts:17
[  152530ms] [ERROR] Failed to load resource: the server responded with a status of 500 (Internal Server Error) @ http://localhost:5173/api/v1/alerts:0
[  152530ms] [ERROR] [API 500] Request failed (500) @ http://localhost:5173/src/lib/api.ts:17
[  153879ms] [ERROR] Failed to load resource: the server responded with a status of 500 (Internal Server Error) @ http://localhost:5173/api/v1/dashboard/kpis:0
[  153879ms] [ERROR] [API 500] Request failed (500) @ http://localhost:5173/src/lib/api.ts:17
[  154731ms] [ERROR] Failed to load resource: the server responded with a status of 500 (Internal Server Error) @ http://localhost:5173/api/v1/dashboard/suggestions:0
[  154731ms] [ERROR] [API 500] Request failed (500) @ http://localhost:5173/src/lib/api.ts:17
[  155166ms] [ERROR] WebSocket connection to 'ws://localhost:5173/ws/realtime' failed: Connection closed before receiving a handshake response @ http://localhost:5173/src/lib/websocket.ts:47
[  155887ms] [ERROR] Failed to load resource: the server responded with a status of 500 (Internal Server Error) @ http://localhost:5173/api/v1/dashboard/kpis:0
[  155887ms] [ERROR] [API 500] Request failed (500) @ http://localhost:5173/src/lib/api.ts:17
[  156740ms] [ERROR] Failed to load resource: the server responded with a status of 500 (Internal Server Error) @ http://localhost:5173/api/v1/dashboard/suggestions:0
[  156740ms] [ERROR] [API 500] Request failed (500) @ http://localhost:5173/src/lib/api.ts:17
[  157029ms] [ERROR] Failed to load resource: the server responded with a status of 500 (Internal Server Error) @ http://localhost:5173/api/v1/dashboard/kpis:0
[  157029ms] [ERROR] [API 500] Request failed (500) @ http://localhost:5173/src/lib/api.ts:17
[  158091ms] [ERROR] Failed to load resource: the server responded with a status of 500 (Internal Server Error) @ http://localhost:5173/api/v1/dashboard/suggestions:0
[  158091ms] [ERROR] [API 500] Request failed (500) @ http://localhost:5173/src/lib/api.ts:17
[  159172ms] [ERROR] Failed to load resource: the server responded with a status of 500 (Internal Server Error) @ http://localhost:5173/api/v1/dashboard/kpis:0
[  159173ms] [ERROR] [API 500] Request failed (500) @ http://localhost:5173/src/lib/api.ts:17
[  159796ms] [ERROR] Failed to load resource: the server responded with a status of 500 (Internal Server Error) @ http://localhost:5173/api/v1/interventions:0
[  159796ms] [ERROR] [API 500] Request failed (500) @ http://localhost:5173/src/lib/api.ts:17
[  160489ms] [ERROR] Failed to load resource: the server responded with a status of 500 (Internal Server Error) @ http://localhost:5173/api/v1/dashboard/suggestions:0
[  160490ms] [ERROR] [API 500] Request failed (500) @ http://localhost:5173/src/lib/api.ts:17
[  160964ms] [ERROR] Failed to load resource: the server responded with a status of 500 (Internal Server Error) @ http://localhost:5173/api/v1/interventions:0
[  160964ms] [ERROR] [API 500] Request failed (500) @ http://localhost:5173/src/lib/api.ts:17
[  163273ms] [ERROR] Failed to load resource: the server responded with a status of 500 (Internal Server Error) @ http://localhost:5173/api/v1/dashboard/kpis:0
[  163273ms] [ERROR] [API 500] Request failed (500) @ http://localhost:5173/src/lib/api.ts:17
[  163456ms] [ERROR] Failed to load resource: the server responded with a status of 500 (Internal Server Error) @ http://localhost:5173/api/v1/interventions:0
[  163456ms] [ERROR] [API 500] Request failed (500) @ http://localhost:5173/src/lib/api.ts:17
[  164529ms] [ERROR] Failed to load resource: the server responded with a status of 500 (Internal Server Error) @ http://localhost:5173/api/v1/dashboard/suggestions:0
[  164529ms] [ERROR] [API 500] Request failed (500) @ http://localhost:5173/src/lib/api.ts:17
[  167279ms] [ERROR] Failed to load resource: the server responded with a status of 500 (Internal Server Error) @ http://localhost:5173/api/v1/dashboard/kpis:0
[  167280ms] [ERROR] [API 500] Request failed (500) @ http://localhost:5173/src/lib/api.ts:17
[  167545ms] [ERROR] Failed to load resource: the server responded with a status of 500 (Internal Server Error) @ http://localhost:5173/api/v1/alerts/rich:0
[  167546ms] [ERROR] [API 500] Request failed (500) @ http://localhost:5173/src/lib/api.ts:17
[  167891ms] [ERROR] Failed to load resource: the server responded with a status of 500 (Internal Server Error) @ http://localhost:5173/api/v1/interventions:0
[  167891ms] [ERROR] [API 500] Request failed (500) @ http://localhost:5173/src/lib/api.ts:17
[  168538ms] [ERROR] Failed to load resource: the server responded with a status of 500 (Internal Server Error) @ http://localhost:5173/api/v1/dashboard/suggestions:0
[  168538ms] [ERROR] [API 500] Request failed (500) @ http://localhost:5173/src/lib/api.ts:17
[  168645ms] [ERROR] Failed to load resource: the server responded with a status of 500 (Internal Server Error) @ http://localhost:5173/api/v1/alerts/rich:0
[  168646ms] [ERROR] [API 500] Request failed (500) @ http://localhost:5173/src/lib/api.ts:17
[  168705ms] [ERROR] Failed to load resource: the server responded with a status of 500 (Internal Server Error) @ http://localhost:5173/api/v1/dashboard/kpis:0
[  168706ms] [ERROR] [API 500] Request failed (500) @ http://localhost:5173/src/lib/api.ts:17
[  168900ms] [ERROR] Failed to load resource: the server responded with a status of 500 (Internal Server Error) @ http://localhost:5173/api/v1/interventions:0
[  168900ms] [ERROR] [API 500] Request failed (500) @ http://localhost:5173/src/lib/api.ts:17
[  169724ms] [ERROR] Failed to load resource: the server responded with a status of 500 (Internal Server Error) @ http://localhost:5173/api/v1/dashboard/suggestions:0
[  169725ms] [ERROR] [API 500] Request failed (500) @ http://localhost:5173/src/lib/api.ts:17
[  170189ms] [ERROR] Failed to load resource: the server responded with a status of 500 (Internal Server Error) @ http://localhost:5173/api/v1/interventions:0
[  170189ms] [ERROR] [API 500] Request failed (500) @ http://localhost:5173/src/lib/api.ts:17
[  170743ms] [ERROR] Failed to load resource: the server responded with a status of 500 (Internal Server Error) @ http://localhost:5173/api/v1/alerts/rich:0
[  170743ms] [ERROR] [API 500] Request failed (500) @ http://localhost:5173/src/lib/api.ts:17
[  170815ms] [ERROR] Failed to load resource: the server responded with a status of 500 (Internal Server Error) @ http://localhost:5173/api/v1/dashboard/kpis:0
[  170815ms] [ERROR] [API 500] Request failed (500) @ http://localhost:5173/src/lib/api.ts:17
[  172217ms] [ERROR] Failed to load resource: the server responded with a status of 500 (Internal Server Error) @ http://localhost:5173/api/v1/dashboard/suggestions:0
[  172217ms] [ERROR] [API 500] Request failed (500) @ http://localhost:5173/src/lib/api.ts:17
[  172473ms] [ERROR] Failed to load resource: the server responded with a status of 500 (Internal Server Error) @ http://localhost:5173/api/v1/interventions:0
[  172473ms] [ERROR] [API 500] Request failed (500) @ http://localhost:5173/src/lib/api.ts:17
[  174948ms] [ERROR] Failed to load resource: the server responded with a status of 500 (Internal Server Error) @ http://localhost:5173/api/v1/dashboard/kpis:0
[  174948ms] [ERROR] [API 500] Request failed (500) @ http://localhost:5173/src/lib/api.ts:17
[  175005ms] [ERROR] Failed to load resource: the server responded with a status of 500 (Internal Server Error) @ http://localhost:5173/api/v1/alerts/rich:0
[  175005ms] [ERROR] [API 500] Request failed (500) @ http://localhost:5173/src/lib/api.ts:17
[  175008ms] [ERROR] Failed to load resource: the server responded with a status of 500 (Internal Server Error) @ http://localhost:5173/api/v1/alerts:0
[  175009ms] [ERROR] [API 500] Request failed (500) @ http://localhost:5173/src/lib/api.ts:17
[  176290ms] [ERROR] Failed to load resource: the server responded with a status of 500 (Internal Server Error) @ http://localhost:5173/api/v1/alerts:0
[  176290ms] [ERROR] [API 500] Request failed (500) @ http://localhost:5173/src/lib/api.ts:17
[  176308ms] [ERROR] Failed to load resource: the server responded with a status of 500 (Internal Server Error) @ http://localhost:5173/api/v1/dashboard/suggestions:0
[  176308ms] [ERROR] [API 500] Request failed (500) @ http://localhost:5173/src/lib/api.ts:17
[  176772ms] [ERROR] Failed to load resource: the server responded with a status of 500 (Internal Server Error) @ http://localhost:5173/api/v1/interventions:0
[  176772ms] [ERROR] [API 500] Request failed (500) @ http://localhost:5173/src/lib/api.ts:17
[  178506ms] [ERROR] Failed to load resource: the server responded with a status of 500 (Internal Server Error) @ http://localhost:5173/api/v1/alerts:0
[  178507ms] [ERROR] [API 500] Request failed (500) @ http://localhost:5173/src/lib/api.ts:17
[  178781ms] [ERROR] Failed to load resource: the server responded with a status of 500 (Internal Server Error) @ http://localhost:5173/api/v1/interventions:0
[  178781ms] [ERROR] [API 500] Request failed (500) @ http://localhost:5173/src/lib/api.ts:17
[  179882ms] [ERROR] Failed to load resource: the server responded with a status of 500 (Internal Server Error) @ http://localhost:5173/api/v1/interventions:0
[  179883ms] [ERROR] [API 500] Request failed (500) @ http://localhost:5173/src/lib/api.ts:17
[  182064ms] [ERROR] Failed to load resource: the server responded with a status of 500 (Internal Server Error) @ http://localhost:5173/api/v1/interventions:0
[  182064ms] [ERROR] [API 500] Request failed (500) @ http://localhost:5173/src/lib/api.ts:17
[  182877ms] [ERROR] Failed to load resource: the server responded with a status of 500 (Internal Server Error) @ http://localhost:5173/api/v1/alerts:0
[  182878ms] [ERROR] [API 500] Request failed (500) @ http://localhost:5173/src/lib/api.ts:17
[  183887ms] [ERROR] Failed to load resource: the server responded with a status of 500 (Internal Server Error) @ http://localhost:5173/api/v1/alerts/rich:0
[  183887ms] [ERROR] [API 500] Request failed (500) @ http://localhost:5173/src/lib/api.ts:17
[  185181ms] [ERROR] WebSocket connection to 'ws://localhost:5173/ws/realtime' failed: Connection closed before receiving a handshake response @ http://localhost:5173/src/lib/websocket.ts:47
[  185324ms] [ERROR] Failed to load resource: the server responded with a status of 500 (Internal Server Error) @ http://localhost:5173/api/v1/alerts/rich:0
[  185324ms] [ERROR] [API 500] Request failed (500) @ http://localhost:5173/src/lib/api.ts:17
[  186263ms] [ERROR] Failed to load resource: the server responded with a status of 500 (Internal Server Error) @ http://localhost:5173/api/v1/interventions:0
[  186263ms] [ERROR] [API 500] Request failed (500) @ http://localhost:5173/src/lib/api.ts:17
[  187466ms] [ERROR] Failed to load resource: the server responded with a status of 500 (Internal Server Error) @ http://localhost:5173/api/v1/alerts/rich:0
[  187466ms] [ERROR] [API 500] Request failed (500) @ http://localhost:5173/src/lib/api.ts:17
[  190273ms] [ERROR] Failed to load resource: the server responded with a status of 500 (Internal Server Error) @ http://localhost:5173/api/v1/interventions:0
[  190273ms] [ERROR] [API 500] Request failed (500) @ http://localhost:5173/src/lib/api.ts:17
[  191347ms] [ERROR] Failed to load resource: the server responded with a status of 500 (Internal Server Error) @ http://localhost:5173/api/v1/interventions:0
[  191348ms] [ERROR] [API 500] Request failed (500) @ http://localhost:5173/src/lib/api.ts:17
[  191645ms] [ERROR] Failed to load resource: the server responded with a status of 500 (Internal Server Error) @ http://localhost:5173/api/v1/alerts/rich:0
[  191646ms] [ERROR] [API 500] Request failed (500) @ http://localhost:5173/src/lib/api.ts:17
[  191648ms] [ERROR] Failed to load resource: the server responded with a status of 500 (Internal Server Error) @ http://localhost:5173/api/v1/alerts:0
[  191648ms] [ERROR] [API 500] Request failed (500) @ http://localhost:5173/src/lib/api.ts:17
[  192948ms] [ERROR] Failed to load resource: the server responded with a status of 500 (Internal Server Error) @ http://localhost:5173/api/v1/alerts:0
[  192948ms] [ERROR] [API 500] Request failed (500) @ http://localhost:5173/src/lib/api.ts:17
[  193570ms] [ERROR] Failed to load resource: the server responded with a status of 500 (Internal Server Error) @ http://localhost:5173/api/v1/interventions:0
[  193571ms] [ERROR] [API 500] Request failed (500) @ http://localhost:5173/src/lib/api.ts:17
[  195191ms] [ERROR] Failed to load resource: the server responded with a status of 500 (Internal Server Error) @ http://localhost:5173/api/v1/alerts:0
[  195192ms] [ERROR] [API 500] Request failed (500) @ http://localhost:5173/src/lib/api.ts:17
[  197398ms] [ERROR] Failed to load resource: the server responded with a status of 500 (Internal Server Error) @ http://localhost:5173/api/v1/stations:0
[  197398ms] [ERROR] [API 500] Request failed (500) @ http://localhost:5173/src/lib/api.ts:17
[  198005ms] [ERROR] Failed to load resource: the server responded with a status of 500 (Internal Server Error) @ http://localhost:5173/api/v1/interventions:0
[  198005ms] [ERROR] [API 500] Request failed (500) @ http://localhost:5173/src/lib/api.ts:17
[  198774ms] [ERROR] Failed to load resource: the server responded with a status of 500 (Internal Server Error) @ http://localhost:5173/api/v1/stations:0
[  198774ms] [ERROR] [API 500] Request failed (500) @ http://localhost:5173/src/lib/api.ts:17
[  199277ms] [ERROR] Failed to load resource: the server responded with a status of 500 (Internal Server Error) @ http://localhost:5173/api/v1/alerts:0
[  199277ms] [ERROR] [API 500] Request failed (500) @ http://localhost:5173/src/lib/api.ts:17
[  201136ms] [ERROR] Failed to load resource: the server responded with a status of 500 (Internal Server Error) @ http://localhost:5173/api/v1/stations:0
[  201136ms] [ERROR] [API 500] Request failed (500) @ http://localhost:5173/src/lib/api.ts:17
[  201285ms] [ERROR] Failed to load resource: the server responded with a status of 500 (Internal Server Error) @ http://localhost:5173/api/v1/alerts/rich:0
[  201285ms] [ERROR] [API 500] Request failed (500) @ http://localhost:5173/src/lib/api.ts:17
[  202389ms] [ERROR] Failed to load resource: the server responded with a status of 500 (Internal Server Error) @ http://localhost:5173/api/v1/alerts/rich:0
[  202389ms] [ERROR] [API 500] Request failed (500) @ http://localhost:5173/src/lib/api.ts:17
[  204650ms] [ERROR] Failed to load resource: the server responded with a status of 500 (Internal Server Error) @ http://localhost:5173/api/v1/alerts/rich:0
[  204651ms] [ERROR] [API 500] Request failed (500) @ http://localhost:5173/src/lib/api.ts:17
[  204957ms] [ERROR] Failed to load resource: the server responded with a status of 500 (Internal Server Error) @ http://localhost:5173/api/v1/dashboard/kpis:0
[  204957ms] [ERROR] [API 500] Request failed (500) @ http://localhost:5173/src/lib/api.ts:17
[  205610ms] [ERROR] Failed to load resource: the server responded with a status of 500 (Internal Server Error) @ http://localhost:5173/api/v1/stations:0
[  205611ms] [ERROR] [API 500] Request failed (500) @ http://localhost:5173/src/lib/api.ts:17
[  206132ms] [ERROR] Failed to load resource: the server responded with a status of 500 (Internal Server Error) @ http://localhost:5173/api/v1/dashboard/kpis:0
[  206132ms] [ERROR] [API 500] Request failed (500) @ http://localhost:5173/src/lib/api.ts:17
[  206316ms] [ERROR] Failed to load resource: the server responded with a status of 500 (Internal Server Error) @ http://localhost:5173/api/v1/dashboard/suggestions:0
[  206317ms] [ERROR] [API 500] Request failed (500) @ http://localhost:5173/src/lib/api.ts:17
[  206620ms] [ERROR] Failed to load resource: the server responded with a status of 500 (Internal Server Error) @ http://localhost:5173/api/v1/stations:0
[  206620ms] [ERROR] [API 500] Request failed (500) @ http://localhost:5173/src/lib/api.ts:17
[  207638ms] [ERROR] Failed to load resource: the server responded with a status of 500 (Internal Server Error) @ http://localhost:5173/api/v1/dashboard/suggestions:0
[  207638ms] [ERROR] [API 500] Request failed (500) @ http://localhost:5173/src/lib/api.ts:17
[  208062ms] [ERROR] Failed to load resource: the server responded with a status of 500 (Internal Server Error) @ http://localhost:5173/api/v1/stations:0
[  208063ms] [ERROR] [API 500] Request failed (500) @ http://localhost:5173/src/lib/api.ts:17
[  208557ms] [ERROR] Failed to load resource: the server responded with a status of 500 (Internal Server Error) @ http://localhost:5173/api/v1/dashboard/kpis:0
[  208557ms] [ERROR] [API 500] Request failed (500) @ http://localhost:5173/src/lib/api.ts:17
[  208767ms] [ERROR] Failed to load resource: the server responded with a status of 500 (Internal Server Error) @ http://localhost:5173/api/v1/alerts/rich:0
[  208768ms] [ERROR] [API 500] Request failed (500) @ http://localhost:5173/src/lib/api.ts:17
[  208770ms] [ERROR] Failed to load resource: the server responded with a status of 500 (Internal Server Error) @ http://localhost:5173/api/v1/alerts:0
[  208770ms] [ERROR] [API 500] Request failed (500) @ http://localhost:5173/src/lib/api.ts:17
[  209765ms] [ERROR] Failed to load resource: the server responded with a status of 500 (Internal Server Error) @ http://localhost:5173/api/v1/dashboard/suggestions:0
[  209765ms] [ERROR] [API 500] Request failed (500) @ http://localhost:5173/src/lib/api.ts:17
[  209774ms] [ERROR] Failed to load resource: the server responded with a status of 500 (Internal Server Error) @ http://localhost:5173/api/v1/alerts:0
[  209774ms] [ERROR] [API 500] Request failed (500) @ http://localhost:5173/src/lib/api.ts:17
[  210345ms] [ERROR] Failed to load resource: the server responded with a status of 500 (Internal Server Error) @ http://localhost:5173/api/v1/stations:0
[  210345ms] [ERROR] [API 500] Request failed (500) @ http://localhost:5173/src/lib/api.ts:17
[  212088ms] [ERROR] Failed to load resource: the server responded with a status of 500 (Internal Server Error) @ http://localhost:5173/api/v1/alerts:0
[  212089ms] [ERROR] [API 500] Request failed (500) @ http://localhost:5173/src/lib/api.ts:17
[  212707ms] [ERROR] Failed to load resource: the server responded with a status of 500 (Internal Server Error) @ http://localhost:5173/api/v1/dashboard/kpis:0
[  212707ms] [ERROR] [API 500] Request failed (500) @ http://localhost:5173/src/lib/api.ts:17
[  213013ms] [ERROR] Failed to load resource: the server responded with a status of 500 (Internal Server Error) @ http://localhost:5173/api/v1/interventions:0
[  213014ms] [ERROR] [API 500] Request failed (500) @ http://localhost:5173/src/lib/api.ts:17
[  213714ms] [ERROR] Failed to load resource: the server responded with a status of 500 (Internal Server Error) @ http://localhost:5173/api/v1/dashboard/kpis:0
[  213714ms] [ERROR] [API 500] Request failed (500) @ http://localhost:5173/src/lib/api.ts:17
[  213852ms] [ERROR] Failed to load resource: the server responded with a status of 500 (Internal Server Error) @ http://localhost:5173/api/v1/dashboard/suggestions:0
[  213852ms] [ERROR] [API 500] Request failed (500) @ http://localhost:5173/src/lib/api.ts:17
[  214357ms] [ERROR] Failed to load resource: the server responded with a status of 500 (Internal Server Error) @ http://localhost:5173/api/v1/interventions:0
[  214357ms] [ERROR] [API 500] Request failed (500) @ http://localhost:5173/src/lib/api.ts:17
[  214604ms] [ERROR] Failed to load resource: the server responded with a status of 500 (Internal Server Error) @ http://localhost:5173/api/v1/stations:0
[  214605ms] [ERROR] [API 500] Request failed (500) @ http://localhost:5173/src/lib/api.ts:17
[  214861ms] [ERROR] Failed to load resource: the server responded with a status of 500 (Internal Server Error) @ http://localhost:5173/api/v1/dashboard/suggestions:0
[  214861ms] [ERROR] [API 500] Request failed (500) @ http://localhost:5173/src/lib/api.ts:17
[  215193ms] [ERROR] WebSocket connection to 'ws://localhost:5173/ws/realtime' failed: Connection closed before receiving a handshake response @ http://localhost:5173/src/lib/websocket.ts:47
[  215205ms] [ERROR] Failed to load resource: the server responded with a status of 500 (Internal Server Error) @ http://localhost:5173/api/v1/dashboard/kpis:0
[  215206ms] [ERROR] [API 500] Request failed (500) @ http://localhost:5173/src/lib/api.ts:17
[  216028ms] [ERROR] Failed to load resource: the server responded with a status of 500 (Internal Server Error) @ http://localhost:5173/api/v1/dashboard/suggestions:0
[  216029ms] [ERROR] [API 500] Request failed (500) @ http://localhost:5173/src/lib/api.ts:17
[  216447ms] [ERROR] Failed to load resource: the server responded with a status of 500 (Internal Server Error) @ http://localhost:5173/api/v1/alerts:0
[  216447ms] [ERROR] [API 500] Request failed (500) @ http://localhost:5173/src/lib/api.ts:17
[  216609ms] [ERROR] Failed to load resource: the server responded with a status of 500 (Internal Server Error) @ http://localhost:5173/api/v1/stations:0
[  216610ms] [ERROR] [API 500] Request failed (500) @ http://localhost:5173/src/lib/api.ts:17
[  216713ms] [ERROR] Failed to load resource: the server responded with a status of 500 (Internal Server Error) @ http://localhost:5173/api/v1/interventions:0
[  216713ms] [ERROR] [API 500] Request failed (500) @ http://localhost:5173/src/lib/api.ts:17
[  217695ms] [ERROR] Failed to load resource: the server responded with a status of 500 (Internal Server Error) @ http://localhost:5173/api/v1/stations:0
[  217695ms] [ERROR] [API 500] Request failed (500) @ http://localhost:5173/src/lib/api.ts:17
[  217698ms] [ERROR] Failed to load resource: the server responded with a status of 500 (Internal Server Error) @ http://localhost:5173/api/v1/dashboard/kpis:0
[  217699ms] [ERROR] [API 500] Request failed (500) @ http://localhost:5173/src/lib/api.ts:17
[  218534ms] [ERROR] Failed to load resource: the server responded with a status of 500 (Internal Server Error) @ http://localhost:5173/api/v1/dashboard/suggestions:0
[  218534ms] [ERROR] [API 500] Request failed (500) @ http://localhost:5173/src/lib/api.ts:17
[  219820ms] [ERROR] Failed to load resource: the server responded with a status of 500 (Internal Server Error) @ http://localhost:5173/api/v1/stations:0
[  219820ms] [ERROR] [API 500] Request failed (500) @ http://localhost:5173/src/lib/api.ts:17
[  220453ms] [ERROR] Failed to load resource: the server responded with a status of 500 (Internal Server Error) @ http://localhost:5173/api/v1/alerts/rich:0
[  220454ms] [ERROR] [API 500] Request failed (500) @ http://localhost:5173/src/lib/api.ts:17
[  220951ms] [ERROR] Failed to load resource: the server responded with a status of 500 (Internal Server Error) @ http://localhost:5173/api/v1/interventions:0
[  220952ms] [ERROR] [API 500] Request failed (500) @ http://localhost:5173/src/lib/api.ts:17
[  221508ms] [ERROR] Failed to load resource: the server responded with a status of 500 (Internal Server Error) @ http://localhost:5173/api/v1/alerts/rich:0
[  221508ms] [ERROR] [API 500] Request failed (500) @ http://localhost:5173/src/lib/api.ts:17
[  221744ms] [ERROR] Failed to load resource: the server responded with a status of 500 (Internal Server Error) @ http://localhost:5173/api/v1/dashboard/kpis:0
[  221745ms] [ERROR] [API 500] Request failed (500) @ http://localhost:5173/src/lib/api.ts:17
[  221961ms] [ERROR] Failed to load resource: the server responded with a status of 500 (Internal Server Error) @ http://localhost:5173/api/v1/interventions:0
[  221961ms] [ERROR] [API 500] Request failed (500) @ http://localhost:5173/src/lib/api.ts:17
[  222834ms] [ERROR] Failed to load resource: the server responded with a status of 500 (Internal Server Error) @ http://localhost:5173/api/v1/dashboard/suggestions:0
[  222835ms] [ERROR] [API 500] Request failed (500) @ http://localhost:5173/src/lib/api.ts:17
[  223330ms] [ERROR] Failed to load resource: the server responded with a status of 500 (Internal Server Error) @ http://localhost:5173/api/v1/interventions:0
[  223330ms] [ERROR] [API 500] Request failed (500) @ http://localhost:5173/src/lib/api.ts:17
[  223752ms] [ERROR] Failed to load resource: the server responded with a status of 500 (Internal Server Error) @ http://localhost:5173/api/v1/dashboard/kpis:0
[  223753ms] [ERROR] [API 500] Request failed (500) @ http://localhost:5173/src/lib/api.ts:17
[  223838ms] [ERROR] Failed to load resource: the server responded with a status of 500 (Internal Server Error) @ http://localhost:5173/api/v1/alerts/rich:0
[  223838ms] [ERROR] [API 500] Request failed (500) @ http://localhost:5173/src/lib/api.ts:17
[  224165ms] [ERROR] Failed to load resource: the server responded with a status of 500 (Internal Server Error) @ http://localhost:5173/api/v1/stations:0
[  224165ms] [ERROR] [API 500] Request failed (500) @ http://localhost:5173/src/lib/api.ts:17
[  224843ms] [ERROR] Failed to load resource: the server responded with a status of 500 (Internal Server Error) @ http://localhost:5173/api/v1/dashboard/suggestions:0
[  224844ms] [ERROR] [API 500] Request failed (500) @ http://localhost:5173/src/lib/api.ts:17
[  225006ms] [ERROR] Failed to load resource: the server responded with a status of 500 (Internal Server Error) @ http://localhost:5173/api/v1/dashboard/kpis:0
[  225006ms] [ERROR] [API 500] Request failed (500) @ http://localhost:5173/src/lib/api.ts:17
[  225752ms] [ERROR] Failed to load resource: the server responded with a status of 500 (Internal Server Error) @ http://localhost:5173/api/v1/interventions:0
[  225752ms] [ERROR] [API 500] Request failed (500) @ http://localhost:5173/src/lib/api.ts:17
[  226260ms] [ERROR] Failed to load resource: the server responded with a status of 500 (Internal Server Error) @ http://localhost:5173/api/v1/dashboard/suggestions:0
[  226261ms] [ERROR] [API 500] Request failed (500) @ http://localhost:5173/src/lib/api.ts:17
[  227335ms] [ERROR] Failed to load resource: the server responded with a status of 500 (Internal Server Error) @ http://localhost:5173/api/v1/dashboard/kpis:0
[  227335ms] [ERROR] [API 500] Request failed (500) @ http://localhost:5173/src/lib/api.ts:17
[  227981ms] [ERROR] Failed to load resource: the server responded with a status of 500 (Internal Server Error) @ http://localhost:5173/api/v1/alerts/rich:0
[  227982ms] [ERROR] [API 500] Request failed (500) @ http://localhost:5173/src/lib/api.ts:17
[  227986ms] [ERROR] Failed to load resource: the server responded with a status of 500 (Internal Server Error) @ http://localhost:5173/api/v1/alerts:0
[  227986ms] [ERROR] [API 500] Request failed (500) @ http://localhost:5173/src/lib/api.ts:17
[  228173ms] [ERROR] Failed to load resource: the server responded with a status of 500 (Internal Server Error) @ http://localhost:5173/api/v1/stations:0
[  228173ms] [ERROR] [API 500] Request failed (500) @ http://localhost:5173/src/lib/api.ts:17
[  228337ms] [ERROR] Failed to load resource: the server responded with a status of 500 (Internal Server Error) @ http://localhost:5173/api/v1/dashboard/suggestions:0
[  228337ms] [ERROR] [API 500] Request failed (500) @ http://localhost:5173/src/lib/api.ts:17
[  229105ms] [ERROR] Failed to load resource: the server responded with a status of 500 (Internal Server Error) @ http://localhost:5173/api/v1/alerts:0
[  229105ms] [ERROR] [API 500] Request failed (500) @ http://localhost:5173/src/lib/api.ts:17
[  229646ms] [ERROR] Failed to load resource: the server responded with a status of 500 (Internal Server Error) @ http://localhost:5173/api/v1/stations:0
[  229646ms] [ERROR] [API 500] Request failed (500) @ http://localhost:5173/src/lib/api.ts:17
[  229922ms] [ERROR] Failed to load resource: the server responded with a status of 500 (Internal Server Error) @ http://localhost:5173/api/v1/interventions:0
[  229923ms] [ERROR] [API 500] Request failed (500) @ http://localhost:5173/src/lib/api.ts:17
[  231515ms] [ERROR] Failed to load resource: the server responded with a status of 500 (Internal Server Error) @ http://localhost:5173/api/v1/alerts:0
[  231516ms] [ERROR] [API 500] Request failed (500) @ http://localhost:5173/src/lib/api.ts:17
[  231690ms] [ERROR] Failed to load resource: the server responded with a status of 500 (Internal Server Error) @ http://localhost:5173/api/v1/stations:0
[  231690ms] [ERROR] [API 500] Request failed (500) @ http://localhost:5173/src/lib/api.ts:17
[  231830ms] [ERROR] Failed to load resource: the server responded with a status of 500 (Internal Server Error) @ http://localhost:5173/api/v1/dashboard/kpis:0
[  231830ms] [ERROR] [API 500] Request failed (500) @ http://localhost:5173/src/lib/api.ts:17
[  231931ms] [ERROR] Failed to load resource: the server responded with a status of 500 (Internal Server Error) @ http://localhost:5173/api/v1/interventions:0
[  231931ms] [ERROR] [API 500] Request failed (500) @ http://localhost:5173/src/lib/api.ts:17
[  232553ms] [ERROR] Failed to load resource: the server responded with a status of 500 (Internal Server Error) @ http://localhost:5173/api/v1/dashboard/suggestions:0
[  232553ms] [ERROR] [API 500] Request failed (500) @ http://localhost:5173/src/lib/api.ts:17
[  233064ms] [ERROR] Failed to load resource: the server responded with a status of 500 (Internal Server Error) @ http://localhost:5173/api/v1/interventions:0
[  233065ms] [ERROR] [API 500] Request failed (500) @ http://localhost:5173/src/lib/api.ts:17
[  235168ms] [ERROR] Failed to load resource: the server responded with a status of 500 (Internal Server Error) @ http://localhost:5173/api/v1/interventions:0
[  235168ms] [ERROR] [API 500] Request failed (500) @ http://localhost:5173/src/lib/api.ts:17
[  235547ms] [ERROR] Failed to load resource: the server responded with a status of 500 (Internal Server Error) @ http://localhost:5173/api/v1/alerts:0
[  235548ms] [ERROR] [API 500] Request failed (500) @ http://localhost:5173/src/lib/api.ts:17
[  235835ms] [ERROR] Failed to load resource: the server responded with a status of 500 (Internal Server Error) @ http://localhost:5173/api/v1/dashboard/kpis:0
[  235835ms] [ERROR] [API 500] Request failed (500) @ http://localhost:5173/src/lib/api.ts:17
[  236095ms] [ERROR] Failed to load resource: the server responded with a status of 500 (Internal Server Error) @ http://localhost:5173/api/v1/stations:0
[  236095ms] [ERROR] [API 500] Request failed (500) @ http://localhost:5173/src/lib/api.ts:17
[  236562ms] [ERROR] Failed to load resource: the server responded with a status of 500 (Internal Server Error) @ http://localhost:5173/api/v1/dashboard/suggestions:0
[  236562ms] [ERROR] [API 500] Request failed (500) @ http://localhost:5173/src/lib/api.ts:17
[  237048ms] [ERROR] Failed to load resource: the server responded with a status of 500 (Internal Server Error) @ http://localhost:5173/api/v1/dashboard/kpis:0
[  237048ms] [ERROR] [API 500] Request failed (500) @ http://localhost:5173/src/lib/api.ts:17
[  237868ms] [ERROR] Failed to load resource: the server responded with a status of 500 (Internal Server Error) @ http://localhost:5173/api/v1/dashboard/suggestions:0
[  237868ms] [ERROR] [API 500] Request failed (500) @ http://localhost:5173/src/lib/api.ts:17
[  239319ms] [ERROR] Failed to load resource: the server responded with a status of 500 (Internal Server Error) @ http://localhost:5173/api/v1/dashboard/kpis:0
[  239319ms] [ERROR] [API 500] Request failed (500) @ http://localhost:5173/src/lib/api.ts:17
[  239403ms] [ERROR] Failed to load resource: the server responded with a status of 500 (Internal Server Error) @ http://localhost:5173/api/v1/interventions:0
[  239403ms] [ERROR] [API 500] Request failed (500) @ http://localhost:5173/src/lib/api.ts:17
[  239908ms] [ERROR] Failed to load resource: the server responded with a status of 500 (Internal Server Error) @ http://localhost:5173/api/v1/dashboard/suggestions:0
[  239908ms] [ERROR] [API 500] Request failed (500) @ http://localhost:5173/src/lib/api.ts:17
[  243412ms] [ERROR] Failed to load resource: the server responded with a status of 500 (Internal Server Error) @ http://localhost:5173/api/v1/interventions:0
[  243412ms] [ERROR] [API 500] Request failed (500) @ http://localhost:5173/src/lib/api.ts:17
[  243572ms] [ERROR] Failed to load resource: the server responded with a status of 500 (Internal Server Error) @ http://localhost:5173/api/v1/dashboard/kpis:0
[  243572ms] [ERROR] [API 500] Request failed (500) @ http://localhost:5173/src/lib/api.ts:17
[  243991ms] [ERROR] Failed to load resource: the server responded with a status of 500 (Internal Server Error) @ http://localhost:5173/api/v1/dashboard/suggestions:0
[  243991ms] [ERROR] [API 500] Request failed (500) @ http://localhost:5173/src/lib/api.ts:17
[  244460ms] [ERROR] Failed to load resource: the server responded with a status of 500 (Internal Server Error) @ http://localhost:5173/api/v1/interventions:0
[  244461ms] [ERROR] [API 500] Request failed (500) @ http://localhost:5173/src/lib/api.ts:17
[  245201ms] [ERROR] WebSocket connection to 'ws://localhost:5173/ws/realtime' failed: Connection closed before receiving a handshake response @ http://localhost:5173/src/lib/websocket.ts:47
[  246660ms] [ERROR] Failed to load resource: the server responded with a status of 500 (Internal Server Error) @ http://localhost:5173/api/v1/interventions:0
[  246660ms] [ERROR] [API 500] Request failed (500) @ http://localhost:5173/src/lib/api.ts:17
[  250564ms] [ERROR] Failed to load resource: the server responded with a status of 500 (Internal Server Error) @ http://localhost:5173/api/v1/alerts/rich:0
[  250564ms] [ERROR] [API 500] Request failed (500) @ http://localhost:5173/src/lib/api.ts:17
[  251071ms] [ERROR] Failed to load resource: the server responded with a status of 500 (Internal Server Error) @ http://localhost:5173/api/v1/interventions:0
[  251071ms] [ERROR] [API 500] Request failed (500) @ http://localhost:5173/src/lib/api.ts:17
[  252025ms] [ERROR] Failed to load resource: the server responded with a status of 500 (Internal Server Error) @ http://localhost:5173/api/v1/alerts/rich:0
[  252025ms] [ERROR] [API 500] Request failed (500) @ http://localhost:5173/src/lib/api.ts:17
[  254341ms] [ERROR] Failed to load resource: the server responded with a status of 500 (Internal Server Error) @ http://localhost:5173/api/v1/alerts/rich:0
[  254341ms] [ERROR] [API 500] Request failed (500) @ http://localhost:5173/src/lib/api.ts:17
[  258530ms] [ERROR] Failed to load resource: the server responded with a status of 500 (Internal Server Error) @ http://localhost:5173/api/v1/alerts/rich:0
[  258531ms] [ERROR] [API 500] Request failed (500) @ http://localhost:5173/src/lib/api.ts:17
[  258535ms] [ERROR] Failed to load resource: the server responded with a status of 500 (Internal Server Error) @ http://localhost:5173/api/v1/alerts:0
[  258535ms] [ERROR] [API 500] Request failed (500) @ http://localhost:5173/src/lib/api.ts:17
[  259764ms] [ERROR] Failed to load resource: the server responded with a status of 500 (Internal Server Error) @ http://localhost:5173/api/v1/alerts:0
[  259764ms] [ERROR] [API 500] Request failed (500) @ http://localhost:5173/src/lib/api.ts:17
[  261901ms] [ERROR] Failed to load resource: the server responded with a status of 500 (Internal Server Error) @ http://localhost:5173/api/v1/alerts:0
[  261901ms] [ERROR] [API 500] Request failed (500) @ http://localhost:5173/src/lib/api.ts:17
[  266080ms] [ERROR] Failed to load resource: the server responded with a status of 500 (Internal Server Error) @ http://localhost:5173/api/v1/interventions:0
[  266080ms] [ERROR] [API 500] Request failed (500) @ http://localhost:5173/src/lib/api.ts:17
[  266146ms] [ERROR] Failed to load resource: the server responded with a status of 500 (Internal Server Error) @ http://localhost:5173/api/v1/alerts:0
[  266146ms] [ERROR] [API 500] Request failed (500) @ http://localhost:5173/src/lib/api.ts:17
[  267155ms] [ERROR] Failed to load resource: the server responded with a status of 500 (Internal Server Error) @ http://localhost:5173/api/v1/alerts/rich:0
[  267155ms] [ERROR] [API 500] Request failed (500) @ http://localhost:5173/src/lib/api.ts:17
[  267582ms] [ERROR] Failed to load resource: the server responded with a status of 500 (Internal Server Error) @ http://localhost:5173/api/v1/interventions:0
[  267582ms] [ERROR] [API 500] Request failed (500) @ http://localhost:5173/src/lib/api.ts:17
[  268438ms] [ERROR] Failed to load resource: the server responded with a status of 500 (Internal Server Error) @ http://localhost:5173/api/v1/alerts/rich:0
[  268439ms] [ERROR] [API 500] Request failed (500) @ http://localhost:5173/src/lib/api.ts:17
[  269720ms] [ERROR] Failed to load resource: the server responded with a status of 500 (Internal Server Error) @ http://localhost:5173/api/v1/interventions:0
[  269721ms] [ERROR] [API 500] Request failed (500) @ http://localhost:5173/src/lib/api.ts:17
[  270745ms] [ERROR] Failed to load resource: the server responded with a status of 500 (Internal Server Error) @ http://localhost:5173/api/v1/alerts/rich:0
[  270745ms] [ERROR] [API 500] Request failed (500) @ http://localhost:5173/src/lib/api.ts:17
[  273581ms] [ERROR] Failed to load resource: the server responded with a status of 500 (Internal Server Error) @ http://localhost:5173/api/v1/dashboard/kpis:0
[  273581ms] [ERROR] [API 500] Request failed (500) @ http://localhost:5173/src/lib/api.ts:17
[  273794ms] [ERROR] Failed to load resource: the server responded with a status of 500 (Internal Server Error) @ http://localhost:5173/api/v1/interventions:0
[  273795ms] [ERROR] [API 500] Request failed (500) @ http://localhost:5173/src/lib/api.ts:17
[  274000ms] [ERROR] Failed to load resource: the server responded with a status of 500 (Internal Server Error) @ http://localhost:5173/api/v1/dashboard/suggestions:0
[  274001ms] [ERROR] [API 500] Request failed (500) @ http://localhost:5173/src/lib/api.ts:17
[  274803ms] [ERROR] Failed to load resource: the server responded with a status of 500 (Internal Server Error) @ http://localhost:5173/api/v1/interventions:0
[  274803ms] [ERROR] [API 500] Request failed (500) @ http://localhost:5173/src/lib/api.ts:17
[  274843ms] [ERROR] Failed to load resource: the server responded with a status of 500 (Internal Server Error) @ http://localhost:5173/api/v1/dashboard/kpis:0
[  274844ms] [ERROR] [API 500] Request failed (500) @ http://localhost:5173/src/lib/api.ts:17
[  274976ms] [ERROR] Failed to load resource: the server responded with a status of 500 (Internal Server Error) @ http://localhost:5173/api/v1/alerts/rich:0
[  274976ms] [ERROR] [API 500] Request failed (500) @ http://localhost:5173/src/lib/api.ts:17
[  274980ms] [ERROR] Failed to load resource: the server responded with a status of 500 (Internal Server Error) @ http://localhost:5173/api/v1/alerts:0
[  274980ms] [ERROR] [API 500] Request failed (500) @ http://localhost:5173/src/lib/api.ts:17
[  275208ms] [ERROR] WebSocket connection to 'ws://localhost:5173/ws/realtime' failed: Connection closed before receiving a handshake response @ http://localhost:5173/src/lib/websocket.ts:47
[  275319ms] [ERROR] Failed to load resource: the server responded with a status of 500 (Internal Server Error) @ http://localhost:5173/api/v1/dashboard/suggestions:0
[  275319ms] [ERROR] [API 500] Request failed (500) @ http://localhost:5173/src/lib/api.ts:17
[  275811ms] [ERROR] Failed to load resource: the server responded with a status of 500 (Internal Server Error) @ http://localhost:5173/api/v1/interventions:0
[  275811ms] [ERROR] [API 500] Request failed (500) @ http://localhost:5173/src/lib/api.ts:17
[  276083ms] [ERROR] Failed to load resource: the server responded with a status of 500 (Internal Server Error) @ http://localhost:5173/api/v1/alerts:0
[  276084ms] [ERROR] [API 500] Request failed (500) @ http://localhost:5173/src/lib/api.ts:17
[  277264ms] [ERROR] Failed to load resource: the server responded with a status of 500 (Internal Server Error) @ http://localhost:5173/api/v1/dashboard/kpis:0
[  277264ms] [ERROR] [API 500] Request failed (500) @ http://localhost:5173/src/lib/api.ts:17
[  277744ms] [ERROR] Failed to load resource: the server responded with a status of 500 (Internal Server Error) @ http://localhost:5173/api/v1/dashboard/suggestions:0
[  277745ms] [ERROR] [API 500] Request failed (500) @ http://localhost:5173/src/lib/api.ts:17
[  278099ms] [ERROR] Failed to load resource: the server responded with a status of 500 (Internal Server Error) @ http://localhost:5173/api/v1/interventions:0
[  278100ms] [ERROR] [API 500] Request failed (500) @ http://localhost:5173/src/lib/api.ts:17
[  278432ms] [ERROR] Failed to load resource: the server responded with a status of 500 (Internal Server Error) @ http://localhost:5173/api/v1/alerts:0
[  278433ms] [ERROR] [API 500] Request failed (500) @ http://localhost:5173/src/lib/api.ts:17
[  281462ms] [ERROR] Failed to load resource: the server responded with a status of 500 (Internal Server Error) @ http://localhost:5173/api/v1/dashboard/kpis:0
[  281462ms] [ERROR] [API 500] Request failed (500) @ http://localhost:5173/src/lib/api.ts:17
[  281928ms] [ERROR] Failed to load resource: the server responded with a status of 500 (Internal Server Error) @ http://localhost:5173/api/v1/dashboard/suggestions:0
[  281928ms] [ERROR] [API 500] Request failed (500) @ http://localhost:5173/src/lib/api.ts:17
[  282379ms] [ERROR] Failed to load resource: the server responded with a status of 500 (Internal Server Error) @ http://localhost:5173/api/v1/interventions:0
[  282379ms] [ERROR] [API 500] Request failed (500) @ http://localhost:5173/src/lib/api.ts:17
[  282463ms] [ERROR] Failed to load resource: the server responded with a status of 500 (Internal Server Error) @ http://localhost:5173/api/v1/alerts:0
[  282463ms] [ERROR] [API 500] Request failed (500) @ http://localhost:5173/src/lib/api.ts:17
[  282466ms] [ERROR] Failed to load resource: the server responded with a status of 500 (Internal Server Error) @ http://localhost:5173/api/v1/dashboard/kpis:0
[  282466ms] [ERROR] [API 500] Request failed (500) @ http://localhost:5173/src/lib/api.ts:17
[  282937ms] [ERROR] Failed to load resource: the server responded with a status of 500 (Internal Server Error) @ http://localhost:5173/api/v1/dashboard/suggestions:0
[  282938ms] [ERROR] [API 500] Request failed (500) @ http://localhost:5173/src/lib/api.ts:17
[  283644ms] [ERROR] Failed to load resource: the server responded with a status of 500 (Internal Server Error) @ http://localhost:5173/api/v1/dashboard/kpis:0
[  283644ms] [ERROR] [API 500] Request failed (500) @ http://localhost:5173/src/lib/api.ts:17
[  284214ms] [ERROR] Failed to load resource: the server responded with a status of 500 (Internal Server Error) @ http://localhost:5173/api/v1/dashboard/suggestions:0
[  284214ms] [ERROR] [API 500] Request failed (500) @ http://localhost:5173/src/lib/api.ts:17
[  284385ms] [ERROR] Failed to load resource: the server responded with a status of 500 (Internal Server Error) @ http://localhost:5173/api/v1/interventions:0
[  284386ms] [ERROR] [API 500] Request failed (500) @ http://localhost:5173/src/lib/api.ts:17
[  284471ms] [ERROR] Failed to load resource: the server responded with a status of 500 (Internal Server Error) @ http://localhost:5173/api/v1/alerts/rich:0
[  284471ms] [ERROR] [API 500] Request failed (500) @ http://localhost:5173/src/lib/api.ts:17
[  285534ms] [ERROR] Failed to load resource: the server responded with a status of 500 (Internal Server Error) @ http://localhost:5173/api/v1/alerts/rich:0
[  285535ms] [ERROR] [API 500] Request failed (500) @ http://localhost:5173/src/lib/api.ts:17
[  285631ms] [ERROR] Failed to load resource: the server responded with a status of 500 (Internal Server Error) @ http://localhost:5173/api/v1/interventions:0
[  285632ms] [ERROR] [API 500] Request failed (500) @ http://localhost:5173/src/lib/api.ts:17
[  285814ms] [ERROR] Failed to load resource: the server responded with a status of 500 (Internal Server Error) @ http://localhost:5173/api/v1/dashboard/kpis:0
[  285814ms] [ERROR] [API 500] Request failed (500) @ http://localhost:5173/src/lib/api.ts:17
[  286471ms] [ERROR] Failed to load resource: the server responded with a status of 500 (Internal Server Error) @ http://localhost:5173/api/v1/dashboard/suggestions:0
[  286471ms] [ERROR] [API 500] Request failed (500) @ http://localhost:5173/src/lib/api.ts:17
[  287956ms] [ERROR] Failed to load resource: the server responded with a status of 500 (Internal Server Error) @ http://localhost:5173/api/v1/interventions:0
[  287956ms] [ERROR] [API 500] Request failed (500) @ http://localhost:5173/src/lib/api.ts:17
[  288033ms] [ERROR] Failed to load resource: the server responded with a status of 500 (Internal Server Error) @ http://localhost:5173/api/v1/alerts/rich:0
[  288033ms] [ERROR] [API 500] Request failed (500) @ http://localhost:5173/src/lib/api.ts:17
[  290261ms] [ERROR] Failed to load resource: the server responded with a status of 500 (Internal Server Error) @ http://localhost:5173/api/v1/dashboard/kpis:0
[  290262ms] [ERROR] [API 500] Request failed (500) @ http://localhost:5173/src/lib/api.ts:17
[  290717ms] [ERROR] Failed to load resource: the server responded with a status of 500 (Internal Server Error) @ http://localhost:5173/api/v1/dashboard/suggestions:0
[  290717ms] [ERROR] [API 500] Request failed (500) @ http://localhost:5173/src/lib/api.ts:17
[  291978ms] [ERROR] Failed to load resource: the server responded with a status of 500 (Internal Server Error) @ http://localhost:5173/api/v1/interventions:0
[  291978ms] [ERROR] [API 500] Request failed (500) @ http://localhost:5173/src/lib/api.ts:17
[  292264ms] [ERROR] Failed to load resource: the server responded with a status of 500 (Internal Server Error) @ http://localhost:5173/api/v1/alerts/rich:0
[  292264ms] [ERROR] [API 500] Request failed (500) @ http://localhost:5173/src/lib/api.ts:17
[  292267ms] [ERROR] Failed to load resource: the server responded with a status of 500 (Internal Server Error) @ http://localhost:5173/api/v1/dashboard/kpis:0
[  292268ms] [ERROR] [API 500] Request failed (500) @ http://localhost:5173/src/lib/api.ts:17
[  292268ms] [ERROR] Failed to load resource: the server responded with a status of 500 (Internal Server Error) @ http://localhost:5173/api/v1/alerts:0
[  292268ms] [ERROR] [API 500] Request failed (500) @ http://localhost:5173/src/lib/api.ts:17
[  292723ms] [ERROR] Failed to load resource: the server responded with a status of 500 (Internal Server Error) @ http://localhost:5173/api/v1/dashboard/suggestions:0
[  292723ms] [ERROR] [API 500] Request failed (500) @ http://localhost:5173/src/lib/api.ts:17
[  293606ms] [ERROR] Failed to load resource: the server responded with a status of 500 (Internal Server Error) @ http://localhost:5173/api/v1/dashboard/kpis:0
[  293606ms] [ERROR] [API 500] Request failed (500) @ http://localhost:5173/src/lib/api.ts:17
[  293706ms] [ERROR] Failed to load resource: the server responded with a status of 500 (Internal Server Error) @ http://localhost:5173/api/v1/alerts:0
[  293707ms] [ERROR] [API 500] Request failed (500) @ http://localhost:5173/src/lib/api.ts:17
[  294201ms] [ERROR] Failed to load resource: the server responded with a status of 500 (Internal Server Error) @ http://localhost:5173/api/v1/dashboard/suggestions:0
[  294201ms] [ERROR] [API 500] Request failed (500) @ http://localhost:5173/src/lib/api.ts:17
[  295979ms] [ERROR] Failed to load resource: the server responded with a status of 500 (Internal Server Error) @ http://localhost:5173/api/v1/dashboard/kpis:0
[  295980ms] [ERROR] [API 500] Request failed (500) @ http://localhost:5173/src/lib/api.ts:17
[  295983ms] [ERROR] Failed to load resource: the server responded with a status of 500 (Internal Server Error) @ http://localhost:5173/api/v1/interventions:0
[  295983ms] [ERROR] [API 500] Request failed (500) @ http://localhost:5173/src/lib/api.ts:17
[  296083ms] [ERROR] Failed to load resource: the server responded with a status of 500 (Internal Server Error) @ http://localhost:5173/api/v1/alerts:0
[  296083ms] [ERROR] [API 500] Request failed (500) @ http://localhost:5173/src/lib/api.ts:17
[  296104ms] [ERROR] Failed to load resource: the server responded with a status of 500 (Internal Server Error) @ http://localhost:5173/api/v1/stations:0
[  296104ms] [ERROR] [API 500] Request failed (500) @ http://localhost:5173/src/lib/api.ts:17
[  296498ms] [ERROR] Failed to load resource: the server responded with a status of 500 (Internal Server Error) @ http://localhost:5173/api/v1/dashboard/suggestions:0
[  296499ms] [ERROR] [API 500] Request failed (500) @ http://localhost:5173/src/lib/api.ts:17
[  297150ms] [ERROR] Failed to load resource: the server responded with a status of 500 (Internal Server Error) @ http://localhost:5173/api/v1/stations:0
[  297150ms] [ERROR] [API 500] Request failed (500) @ http://localhost:5173/src/lib/api.ts:17
[  297407ms] [ERROR] Failed to load resource: the server responded with a status of 500 (Internal Server Error) @ http://localhost:5173/api/v1/interventions:0
[  297407ms] [ERROR] [API 500] Request failed (500) @ http://localhost:5173/src/lib/api.ts:17
[  299612ms] [ERROR] Failed to load resource: the server responded with a status of 500 (Internal Server Error) @ http://localhost:5173/api/v1/stations:0
[  299612ms] [ERROR] [API 500] Request failed (500) @ http://localhost:5173/src/lib/api.ts:17
[  299883ms] [ERROR] Failed to load resource: the server responded with a status of 500 (Internal Server Error) @ http://localhost:5173/api/v1/interventions:0
[  299883ms] [ERROR] [API 500] Request failed (500) @ http://localhost:5173/src/lib/api.ts:17
[  300070ms] [ERROR] Failed to load resource: the server responded with a status of 500 (Internal Server Error) @ http://localhost:5173/api/v1/dashboard/kpis:0
[  300070ms] [ERROR] [API 500] Request failed (500) @ http://localhost:5173/src/lib/api.ts:17
[  300245ms] [ERROR] Failed to load resource: the server responded with a status of 500 (Internal Server Error) @ http://localhost:5173/api/v1/alerts:0
[  300246ms] [ERROR] [API 500] Request failed (500) @ http://localhost:5173/src/lib/api.ts:17
[  300876ms] [ERROR] Failed to load resource: the server responded with a status of 500 (Internal Server Error) @ http://localhost:5173/api/v1/dashboard/suggestions:0
[  300876ms] [ERROR] [API 500] Request failed (500) @ http://localhost:5173/src/lib/api.ts:17
[  304021ms] [ERROR] Failed to load resource: the server responded with a status of 500 (Internal Server Error) @ http://localhost:5173/api/v1/stations:0
[  304021ms] [ERROR] [API 500] Request failed (500) @ http://localhost:5173/src/lib/api.ts:17
[  304079ms] [ERROR] Failed to load resource: the server responded with a status of 500 (Internal Server Error) @ http://localhost:5173/api/v1/dashboard/kpis:0
[  304079ms] [ERROR] [API 500] Request failed (500) @ http://localhost:5173/src/lib/api.ts:17
[  304252ms] [ERROR] Failed to load resource: the server responded with a status of 500 (Internal Server Error) @ http://localhost:5173/api/v1/alerts/rich:0
[  304252ms] [ERROR] [API 500] Request failed (500) @ http://localhost:5173/src/lib/api.ts:17
[  304374ms] [ERROR] Failed to load resource: the server responded with a status of 500 (Internal Server Error) @ http://localhost:5173/api/v1/interventions:0
[  304375ms] [ERROR] [API 500] Request failed (500) @ http://localhost:5173/src/lib/api.ts:17
[  304884ms] [ERROR] Failed to load resource: the server responded with a status of 500 (Internal Server Error) @ http://localhost:5173/api/v1/dashboard/suggestions:0
[  304885ms] [ERROR] [API 500] Request failed (500) @ http://localhost:5173/src/lib/api.ts:17
[  305030ms] [ERROR] Failed to load resource: the server responded with a status of 500 (Internal Server Error) @ http://localhost:5173/api/v1/stations:0
[  305030ms] [ERROR] [API 500] Request failed (500) @ http://localhost:5173/src/lib/api.ts:17
[  305216ms] [ERROR] WebSocket connection to 'ws://localhost:5173/ws/realtime' failed: Connection closed before receiving a handshake response @ http://localhost:5173/src/lib/websocket.ts:47
[  305434ms] [ERROR] Failed to load resource: the server responded with a status of 500 (Internal Server Error) @ http://localhost:5173/api/v1/dashboard/kpis:0
[  305435ms] [ERROR] [API 500] Request failed (500) @ http://localhost:5173/src/lib/api.ts:17
[  305563ms] [ERROR] Failed to load resource: the server responded with a status of 500 (Internal Server Error) @ http://localhost:5173/api/v1/alerts/rich:0
[  305563ms] [ERROR] [API 500] Request failed (500) @ http://localhost:5173/src/lib/api.ts:17
[  305996ms] [ERROR] Failed to load resource: the server responded with a status of 500 (Internal Server Error) @ http://localhost:5173/api/v1/dashboard/suggestions:0
[  305997ms] [ERROR] [API 500] Request failed (500) @ http://localhost:5173/src/lib/api.ts:17
[  306231ms] [ERROR] Failed to load resource: the server responded with a status of 500 (Internal Server Error) @ http://localhost:5173/api/v1/stations:0
[  306231ms] [ERROR] [API 500] Request failed (500) @ http://localhost:5173/src/lib/api.ts:17
[  307596ms] [ERROR] Failed to load resource: the server responded with a status of 500 (Internal Server Error) @ http://localhost:5173/api/v1/dashboard/kpis:0
[  307596ms] [ERROR] [API 500] Request failed (500) @ http://localhost:5173/src/lib/api.ts:17
[  307632ms] [ERROR] Failed to load resource: the server responded with a status of 500 (Internal Server Error) @ http://localhost:5173/api/v1/alerts/rich:0
[  307632ms] [ERROR] [API 500] Request failed (500) @ http://localhost:5173/src/lib/api.ts:17
[  308189ms] [ERROR] Failed to load resource: the server responded with a status of 500 (Internal Server Error) @ http://localhost:5173/api/v1/dashboard/suggestions:0
[  308190ms] [ERROR] [API 500] Request failed (500) @ http://localhost:5173/src/lib/api.ts:17
[  308703ms] [ERROR] Failed to load resource: the server responded with a status of 500 (Internal Server Error) @ http://localhost:5173/api/v1/stations:0
[  308704ms] [ERROR] [API 500] Request failed (500) @ http://localhost:5173/src/lib/api.ts:17
[  311691ms] [ERROR] Failed to load resource: the server responded with a status of 500 (Internal Server Error) @ http://localhost:5173/api/v1/alerts/rich:0
[  311691ms] [ERROR] [API 500] Request failed (500) @ http://localhost:5173/src/lib/api.ts:17
[  311695ms] [ERROR] Failed to load resource: the server responded with a status of 500 (Internal Server Error) @ http://localhost:5173/api/v1/alerts:0
[  311695ms] [ERROR] [API 500] Request failed (500) @ http://localhost:5173/src/lib/api.ts:17
[  311957ms] [ERROR] Failed to load resource: the server responded with a status of 500 (Internal Server Error) @ http://localhost:5173/api/v1/dashboard/kpis:0
[  311957ms] [ERROR] [API 500] Request failed (500) @ http://localhost:5173/src/lib/api.ts:17
[  312219ms] [ERROR] Failed to load resource: the server responded with a status of 500 (Internal Server Error) @ http://localhost:5173/api/v1/dashboard/suggestions:0
[  312220ms] [ERROR] [API 500] Request failed (500) @ http://localhost:5173/src/lib/api.ts:17
[  313049ms] [ERROR] Failed to load resource: the server responded with a status of 500 (Internal Server Error) @ http://localhost:5173/api/v1/alerts:0
[  313049ms] [ERROR] [API 500] Request failed (500) @ http://localhost:5173/src/lib/api.ts:17
[  313123ms] [ERROR] Failed to load resource: the server responded with a status of 500 (Internal Server Error) @ http://localhost:5173/api/v1/stations:0
[  313124ms] [ERROR] [API 500] Request failed (500) @ http://localhost:5173/src/lib/api.ts:17
[  315131ms] [ERROR] Failed to load resource: the server responded with a status of 500 (Internal Server Error) @ http://localhost:5173/api/v1/stations:0
[  315131ms] [ERROR] [API 500] Request failed (500) @ http://localhost:5173/src/lib/api.ts:17
[  315391ms] [ERROR] Failed to load resource: the server responded with a status of 500 (Internal Server Error) @ http://localhost:5173/api/v1/alerts:0
[  315391ms] [ERROR] [API 500] Request failed (500) @ http://localhost:5173/src/lib/api.ts:17
[  316517ms] [ERROR] Failed to load resource: the server responded with a status of 500 (Internal Server Error) @ http://localhost:5173/api/v1/stations:0
[  316517ms] [ERROR] [API 500] Request failed (500) @ http://localhost:5173/src/lib/api.ts:17
[  318751ms] [ERROR] Failed to load resource: the server responded with a status of 500 (Internal Server Error) @ http://localhost:5173/api/v1/stations:0
[  318751ms] [ERROR] [API 500] Request failed (500) @ http://localhost:5173/src/lib/api.ts:17
[  319381ms] [ERROR] Failed to load resource: the server responded with a status of 500 (Internal Server Error) @ http://localhost:5173/api/v1/interventions:0
[  319381ms] [ERROR] [API 500] Request failed (500) @ http://localhost:5173/src/lib/api.ts:17
[  319784ms] [ERROR] Failed to load resource: the server responded with a status of 500 (Internal Server Error) @ http://localhost:5173/api/v1/alerts:0
[  319785ms] [ERROR] [API 500] Request failed (500) @ http://localhost:5173/src/lib/api.ts:17
[  320518ms] [ERROR] Failed to load resource: the server responded with a status of 500 (Internal Server Error) @ http://localhost:5173/api/v1/interventions:0
[  320518ms] [ERROR] [API 500] Request failed (500) @ http://localhost:5173/src/lib/api.ts:17
[  322725ms] [ERROR] Failed to load resource: the server responded with a status of 500 (Internal Server Error) @ http://localhost:5173/api/v1/interventions:0
[  322725ms] [ERROR] [API 500] Request failed (500) @ http://localhost:5173/src/lib/api.ts:17
[  323009ms] [ERROR] Failed to load resource: the server responded with a status of 500 (Internal Server Error) @ http://localhost:5173/api/v1/stations:0
[  323010ms] [ERROR] [API 500] Request failed (500) @ http://localhost:5173/src/lib/api.ts:17
[  327018ms] [ERROR] Failed to load resource: the server responded with a status of 500 (Internal Server Error) @ http://localhost:5173/api/v1/stations:0
[  327018ms] [ERROR] [API 500] Request failed (500) @ http://localhost:5173/src/lib/api.ts:17
[  327096ms] [ERROR] Failed to load resource: the server responded with a status of 500 (Internal Server Error) @ http://localhost:5173/api/v1/interventions:0
[  327097ms] [ERROR] [API 500] Request failed (500) @ http://localhost:5173/src/lib/api.ts:17
[  328105ms] [ERROR] Failed to load resource: the server responded with a status of 500 (Internal Server Error) @ http://localhost:5173/api/v1/interventions:0
[  328106ms] [ERROR] [API 500] Request failed (500) @ http://localhost:5173/src/lib/api.ts:17
[  328440ms] [ERROR] Failed to load resource: the server responded with a status of 500 (Internal Server Error) @ http://localhost:5173/api/v1/stations:0
[  328441ms] [ERROR] [API 500] Request failed (500) @ http://localhost:5173/src/lib/api.ts:17
[  329433ms] [ERROR] Failed to load resource: the server responded with a status of 500 (Internal Server Error) @ http://localhost:5173/api/v1/interventions:0
[  329433ms] [ERROR] [API 500] Request failed (500) @ http://localhost:5173/src/lib/api.ts:17
[  330943ms] [ERROR] Failed to load resource: the server responded with a status of 500 (Internal Server Error) @ http://localhost:5173/api/v1/stations:0
[  330944ms] [ERROR] [API 500] Request failed (500) @ http://localhost:5173/src/lib/api.ts:17
[  331737ms] [ERROR] Failed to load resource: the server responded with a status of 500 (Internal Server Error) @ http://localhost:5173/api/v1/interventions:0
[  331738ms] [ERROR] [API 500] Request failed (500) @ http://localhost:5173/src/lib/api.ts:17
[  334799ms] [ERROR] Failed to load resource: the server responded with a status of 500 (Internal Server Error) @ http://localhost:5173/api/v1/alerts/rich:0
[  334799ms] [ERROR] [API 500] Request failed (500) @ http://localhost:5173/src/lib/api.ts:17
[  335038ms] [ERROR] Failed to load resource: the server responded with a status of 500 (Internal Server Error) @ http://localhost:5173/api/v1/stations:0
[  335039ms] [ERROR] [API 500] Request failed (500) @ http://localhost:5173/src/lib/api.ts:17
[  335222ms] [ERROR] WebSocket connection to 'ws://localhost:5173/ws/realtime' failed: Connection closed before receiving a handshake response @ http://localhost:5173/src/lib/websocket.ts:47
[  336193ms] [ERROR] Failed to load resource: the server responded with a status of 500 (Internal Server Error) @ http://localhost:5173/api/v1/interventions:0
[  336193ms] [ERROR] [API 500] Request failed (500) @ http://localhost:5173/src/lib/api.ts:17
[  336263ms] [ERROR] Failed to load resource: the server responded with a status of 500 (Internal Server Error) @ http://localhost:5173/api/v1/alerts/rich:0
[  336263ms] [ERROR] [API 500] Request failed (500) @ http://localhost:5173/src/lib/api.ts:17
[  338203ms] [ERROR] Failed to load resource: the server responded with a status of 500 (Internal Server Error) @ http://localhost:5173/api/v1/interventions:0
[  338203ms] [ERROR] [API 500] Request failed (500) @ http://localhost:5173/src/lib/api.ts:17
[  338300ms] [ERROR] Failed to load resource: the server responded with a status of 500 (Internal Server Error) @ http://localhost:5173/api/v1/alerts/rich:0
[  338300ms] [ERROR] [API 500] Request failed (500) @ http://localhost:5173/src/lib/api.ts:17
[  339406ms] [ERROR] Failed to load resource: the server responded with a status of 500 (Internal Server Error) @ http://localhost:5173/api/v1/interventions:0
[  339407ms] [ERROR] [API 500] Request failed (500) @ http://localhost:5173/src/lib/api.ts:17
[  341643ms] [ERROR] Failed to load resource: the server responded with a status of 500 (Internal Server Error) @ http://localhost:5173/api/v1/interventions:0
[  341643ms] [ERROR] [API 500] Request failed (500) @ http://localhost:5173/src/lib/api.ts:17
[  341965ms] [ERROR] Failed to load resource: the server responded with a status of 500 (Internal Server Error) @ http://localhost:5173/api/v1/dashboard/kpis:0
[  341965ms] [ERROR] [API 500] Request failed (500) @ http://localhost:5173/src/lib/api.ts:17
[  342226ms] [ERROR] Failed to load resource: the server responded with a status of 500 (Internal Server Error) @ http://localhost:5173/api/v1/dashboard/suggestions:0
[  342227ms] [ERROR] [API 500] Request failed (500) @ http://localhost:5173/src/lib/api.ts:17
[  342331ms] [ERROR] Failed to load resource: the server responded with a status of 500 (Internal Server Error) @ http://localhost:5173/api/v1/alerts/rich:0
[  342332ms] [ERROR] [API 500] Request failed (500) @ http://localhost:5173/src/lib/api.ts:17
[  342335ms] [ERROR] Failed to load resource: the server responded with a status of 500 (Internal Server Error) @ http://localhost:5173/api/v1/alerts:0
[  342336ms] [ERROR] [API 500] Request failed (500) @ http://localhost:5173/src/lib/api.ts:17
[  343047ms] [ERROR] Failed to load resource: the server responded with a status of 500 (Internal Server Error) @ http://localhost:5173/api/v1/dashboard/kpis:0
[  343048ms] [ERROR] [API 500] Request failed (500) @ http://localhost:5173/src/lib/api.ts:17
[  343437ms] [ERROR] Failed to load resource: the server responded with a status of 500 (Internal Server Error) @ http://localhost:5173/api/v1/dashboard/suggestions:0
[  343438ms] [ERROR] [API 500] Request failed (500) @ http://localhost:5173/src/lib/api.ts:17
[  343540ms] [ERROR] Failed to load resource: the server responded with a status of 500 (Internal Server Error) @ http://localhost:5173/api/v1/alerts:0
[  343540ms] [ERROR] [API 500] Request failed (500) @ http://localhost:5173/src/lib/api.ts:17
[  345517ms] [ERROR] Failed to load resource: the server responded with a status of 500 (Internal Server Error) @ http://localhost:5173/api/v1/dashboard/kpis:0
[  345518ms] [ERROR] [API 500] Request failed (500) @ http://localhost:5173/src/lib/api.ts:17
[  345568ms] [ERROR] Failed to load resource: the server responded with a status of 500 (Internal Server Error) @ http://localhost:5173/api/v1/dashboard/suggestions:0
[  345569ms] [ERROR] [API 500] Request failed (500) @ http://localhost:5173/src/lib/api.ts:17
[  345667ms] [ERROR] Failed to load resource: the server responded with a status of 500 (Internal Server Error) @ http://localhost:5173/api/v1/interventions:0
[  345668ms] [ERROR] [API 500] Request failed (500) @ http://localhost:5173/src/lib/api.ts:17
[  345905ms] [ERROR] Failed to load resource: the server responded with a status of 500 (Internal Server Error) @ http://localhost:5173/api/v1/alerts:0
[  345905ms] [ERROR] [API 500] Request failed (500) @ http://localhost:5173/src/lib/api.ts:17
[  349567ms] [ERROR] Failed to load resource: the server responded with a status of 500 (Internal Server Error) @ http://localhost:5173/api/v1/dashboard/kpis:0
[  349567ms] [ERROR] [API 500] Request failed (500) @ http://localhost:5173/src/lib/api.ts:17
[  349578ms] [ERROR] Failed to load resource: the server responded with a status of 500 (Internal Server Error) @ http://localhost:5173/api/v1/dashboard/suggestions:0
[  349579ms] [ERROR] [API 500] Request failed (500) @ http://localhost:5173/src/lib/api.ts:17
[  349676ms] [ERROR] Failed to load resource: the server responded with a status of 500 (Internal Server Error) @ http://localhost:5173/api/v1/interventions:0
[  349676ms] [ERROR] [API 500] Request failed (500) @ http://localhost:5173/src/lib/api.ts:17
[  349950ms] [ERROR] Failed to load resource: the server responded with a status of 500 (Internal Server Error) @ http://localhost:5173/api/v1/alerts:0
[  349951ms] [ERROR] [API 500] Request failed (500) @ http://localhost:5173/src/lib/api.ts:17
[  350574ms] [ERROR] Failed to load resource: the server responded with a status of 500 (Internal Server Error) @ http://localhost:5173/api/v1/dashboard/kpis:0
[  350574ms] [ERROR] [API 500] Request failed (500) @ http://localhost:5173/src/lib/api.ts:17
[  350582ms] [ERROR] Failed to load resource: the server responded with a status of 500 (Internal Server Error) @ http://localhost:5173/api/v1/dashboard/suggestions:0
[  350582ms] [ERROR] [API 500] Request failed (500) @ http://localhost:5173/src/lib/api.ts:17
[  350757ms] [ERROR] Failed to load resource: the server responded with a status of 500 (Internal Server Error) @ http://localhost:5173/api/v1/interventions:0
[  350757ms] [ERROR] [API 500] Request failed (500) @ http://localhost:5173/src/lib/api.ts:17
[  350958ms] [ERROR] Failed to load resource: the server responded with a status of 500 (Internal Server Error) @ http://localhost:5173/api/v1/alerts/rich:0
[  350959ms] [ERROR] [API 500] Request failed (500) @ http://localhost:5173/src/lib/api.ts:17
[  351956ms] [ERROR] Failed to load resource: the server responded with a status of 500 (Internal Server Error) @ http://localhost:5173/api/v1/dashboard/suggestions:0
[  351957ms] [ERROR] [API 500] Request failed (500) @ http://localhost:5173/src/lib/api.ts:17
[  352081ms] [ERROR] Failed to load resource: the server responded with a status of 500 (Internal Server Error) @ http://localhost:5173/api/v1/dashboard/kpis:0
[  352081ms] [ERROR] [API 500] Request failed (500) @ http://localhost:5173/src/lib/api.ts:17
[  352362ms] [ERROR] Failed to load resource: the server responded with a status of 500 (Internal Server Error) @ http://localhost:5173/api/v1/alerts/rich:0
[  352363ms] [ERROR] [API 500] Request failed (500) @ http://localhost:5173/src/lib/api.ts:17
[  353027ms] [ERROR] Failed to load resource: the server responded with a status of 500 (Internal Server Error) @ http://localhost:5173/api/v1/interventions:0
[  353028ms] [ERROR] [API 500] Request failed (500) @ http://localhost:5173/src/lib/api.ts:17
[  354240ms] [ERROR] Failed to load resource: the server responded with a status of 500 (Internal Server Error) @ http://localhost:5173/api/v1/dashboard/suggestions:0
[  354241ms] [ERROR] [API 500] Request failed (500) @ http://localhost:5173/src/lib/api.ts:17
[  354555ms] [ERROR] Failed to load resource: the server responded with a status of 500 (Internal Server Error) @ http://localhost:5173/api/v1/alerts/rich:0
[  354555ms] [ERROR] [API 500] Request failed (500) @ http://localhost:5173/src/lib/api.ts:17
[  354565ms] [ERROR] Failed to load resource: the server responded with a status of 500 (Internal Server Error) @ http://localhost:5173/api/v1/dashboard/kpis:0
[  354565ms] [ERROR] [API 500] Request failed (500) @ http://localhost:5173/src/lib/api.ts:17
[  357409ms] [ERROR] Failed to load resource: the server responded with a status of 500 (Internal Server Error) @ http://localhost:5173/api/v1/interventions:0
[  357409ms] [ERROR] [API 500] Request failed (500) @ http://localhost:5173/src/lib/api.ts:17
[  358635ms] [ERROR] Failed to load resource: the server responded with a status of 500 (Internal Server Error) @ http://localhost:5173/api/v1/dashboard/suggestions:0
[  358636ms] [ERROR] [API 500] Request failed (500) @ http://localhost:5173/src/lib/api.ts:17
[  358725ms] [ERROR] Failed to load resource: the server responded with a status of 500 (Internal Server Error) @ http://localhost:5173/api/v1/dashboard/kpis:0
[  358725ms] [ERROR] [API 500] Request failed (500) @ http://localhost:5173/src/lib/api.ts:17
[  358936ms] [ERROR] Failed to load resource: the server responded with a status of 500 (Internal Server Error) @ http://localhost:5173/api/v1/alerts/rich:0
[  358936ms] [ERROR] [API 500] Request failed (500) @ http://localhost:5173/src/lib/api.ts:17
[  358938ms] [ERROR] Failed to load resource: the server responded with a status of 500 (Internal Server Error) @ http://localhost:5173/api/v1/alerts:0
[  358938ms] [ERROR] [API 500] Request failed (500) @ http://localhost:5173/src/lib/api.ts:17
[  360078ms] [ERROR] Failed to load resource: the server responded with a status of 500 (Internal Server Error) @ http://localhost:5173/api/v1/alerts:0
[  360078ms] [ERROR] [API 500] Request failed (500) @ http://localhost:5173/src/lib/api.ts:17
[  360643ms] [ERROR] Failed to load resource: the server responded with a status of 500 (Internal Server Error) @ http://localhost:5173/api/v1/dashboard/suggestions:0
[  360644ms] [ERROR] [API 500] Request failed (500) @ http://localhost:5173/src/lib/api.ts:17
[  360731ms] [ERROR] Failed to load resource: the server responded with a status of 500 (Internal Server Error) @ http://localhost:5173/api/v1/dashboard/kpis:0
[  360731ms] [ERROR] [API 500] Request failed (500) @ http://localhost:5173/src/lib/api.ts:17
[  361968ms] [ERROR] Failed to load resource: the server responded with a status of 500 (Internal Server Error) @ http://localhost:5173/api/v1/dashboard/kpis:0
[  361968ms] [ERROR] [API 500] Request failed (500) @ http://localhost:5173/src/lib/api.ts:17
[  362046ms] [ERROR] Failed to load resource: the server responded with a status of 500 (Internal Server Error) @ http://localhost:5173/api/v1/dashboard/suggestions:0
[  362046ms] [ERROR] [API 500] Request failed (500) @ http://localhost:5173/src/lib/api.ts:17
[  362279ms] [ERROR] Failed to load resource: the server responded with a status of 500 (Internal Server Error) @ http://localhost:5173/api/v1/alerts:0
[  362279ms] [ERROR] [API 500] Request failed (500) @ http://localhost:5173/src/lib/api.ts:17
[  363985ms] [ERROR] Failed to load resource: the server responded with a status of 500 (Internal Server Error) @ http://localhost:5173/api/v1/dashboard/kpis:0
[  363985ms] [ERROR] [API 500] Request failed (500) @ http://localhost:5173/src/lib/api.ts:17
[  364399ms] [ERROR] Failed to load resource: the server responded with a status of 500 (Internal Server Error) @ http://localhost:5173/api/v1/dashboard/suggestions:0
[  364399ms] [ERROR] [API 500] Request failed (500) @ http://localhost:5173/src/lib/api.ts:17
[  365230ms] [ERROR] WebSocket connection to 'ws://localhost:5173/ws/realtime' failed: Connection closed before receiving a handshake response @ http://localhost:5173/src/lib/websocket.ts:47
[  366322ms] [ERROR] Failed to load resource: the server responded with a status of 500 (Internal Server Error) @ http://localhost:5173/api/v1/alerts:0
[  366322ms] [ERROR] [API 500] Request failed (500) @ http://localhost:5173/src/lib/api.ts:17
[  368272ms] [ERROR] Failed to load resource: the server responded with a status of 500 (Internal Server Error) @ http://localhost:5173/api/v1/dashboard/kpis:0
[  368273ms] [ERROR] [API 500] Request failed (500) @ http://localhost:5173/src/lib/api.ts:17
[  368330ms] [ERROR] Failed to load resource: the server responded with a status of 500 (Internal Server Error) @ http://localhost:5173/api/v1/alerts/rich:0
[  368330ms] [ERROR] [API 500] Request failed (500) @ http://localhost:5173/src/lib/api.ts:17
[  368746ms] [ERROR] Failed to load resource: the server responded with a status of 500 (Internal Server Error) @ http://localhost:5173/api/v1/dashboard/suggestions:0
[  368746ms] [ERROR] [API 500] Request failed (500) @ http://localhost:5173/src/lib/api.ts:17
[  369702ms] [ERROR] Failed to load resource: the server responded with a status of 500 (Internal Server Error) @ http://localhost:5173/api/v1/alerts/rich:0
[  369702ms] [ERROR] [API 500] Request failed (500) @ http://localhost:5173/src/lib/api.ts:17
[  371924ms] [ERROR] Failed to load resource: the server responded with a status of 500 (Internal Server Error) @ http://localhost:5173/api/v1/alerts/rich:0
[  371924ms] [ERROR] [API 500] Request failed (500) @ http://localhost:5173/src/lib/api.ts:17
[  372278ms] [ERROR] Failed to load resource: the server responded with a status of 500 (Internal Server Error) @ http://localhost:5173/api/v1/dashboard/kpis:0
[  372278ms] [ERROR] [API 500] Request failed (500) @ http://localhost:5173/src/lib/api.ts:17
[  372418ms] [ERROR] Failed to load resource: the server responded with a status of 500 (Internal Server Error) @ http://localhost:5173/api/v1/interventions:0
[  372418ms] [ERROR] [API 500] Request failed (500) @ http://localhost:5173/src/lib/api.ts:17
[  372751ms] [ERROR] Failed to load resource: the server responded with a status of 500 (Internal Server Error) @ http://localhost:5173/api/v1/dashboard/suggestions:0
[  372752ms] [ERROR] [API 500] Request failed (500) @ http://localhost:5173/src/lib/api.ts:17
[  373462ms] [ERROR] Failed to load resource: the server responded with a status of 500 (Internal Server Error) @ http://localhost:5173/api/v1/dashboard/kpis:0
[  373463ms] [ERROR] [API 500] Request failed (500) @ http://localhost:5173/src/lib/api.ts:17
[  373676ms] [ERROR] Failed to load resource: the server responded with a status of 500 (Internal Server Error) @ http://localhost:5173/api/v1/interventions:0
[  373676ms] [ERROR] [API 500] Request failed (500) @ http://localhost:5173/src/lib/api.ts:17
[  373965ms] [ERROR] Failed to load resource: the server responded with a status of 500 (Internal Server Error) @ http://localhost:5173/api/v1/dashboard/suggestions:0
[  373965ms] [ERROR] [API 500] Request failed (500) @ http://localhost:5173/src/lib/api.ts:17
[  375778ms] [ERROR] Failed to load resource: the server responded with a status of 500 (Internal Server Error) @ http://localhost:5173/api/v1/interventions:0
[  375778ms] [ERROR] [API 500] Request failed (500) @ http://localhost:5173/src/lib/api.ts:17
[  375796ms] [ERROR] Failed to load resource: the server responded with a status of 500 (Internal Server Error) @ http://localhost:5173/api/v1/dashboard/kpis:0
[  375796ms] [ERROR] [API 500] Request failed (500) @ http://localhost:5173/src/lib/api.ts:17
[  375987ms] [ERROR] Failed to load resource: the server responded with a status of 500 (Internal Server Error) @ http://localhost:5173/api/v1/alerts/rich:0
[  375988ms] [ERROR] [API 500] Request failed (500) @ http://localhost:5173/src/lib/api.ts:17
[  375992ms] [ERROR] Failed to load resource: the server responded with a status of 500 (Internal Server Error) @ http://localhost:5173/api/v1/alerts:0
[  375992ms] [ERROR] [API 500] Request failed (500) @ http://localhost:5173/src/lib/api.ts:17
[  376317ms] [ERROR] Failed to load resource: the server responded with a status of 500 (Internal Server Error) @ http://localhost:5173/api/v1/dashboard/suggestions:0
[  376318ms] [ERROR] [API 500] Request failed (500) @ http://localhost:5173/src/lib/api.ts:17
[  377228ms] [ERROR] Failed to load resource: the server responded with a status of 500 (Internal Server Error) @ http://localhost:5173/api/v1/alerts:0
[  377228ms] [ERROR] [API 500] Request failed (500) @ http://localhost:5173/src/lib/api.ts:17
[  379291ms] [ERROR] Failed to load resource: the server responded with a status of 500 (Internal Server Error) @ http://localhost:5173/api/v1/alerts:0
[  379292ms] [ERROR] [API 500] Request failed (500) @ http://localhost:5173/src/lib/api.ts:17
[  379943ms] [ERROR] Failed to load resource: the server responded with a status of 500 (Internal Server Error) @ http://localhost:5173/api/v1/dashboard/kpis:0
[  379943ms] [ERROR] [API 500] Request failed (500) @ http://localhost:5173/src/lib/api.ts:17
[  379948ms] [ERROR] Failed to load resource: the server responded with a status of 500 (Internal Server Error) @ http://localhost:5173/api/v1/interventions:0
[  379948ms] [ERROR] [API 500] Request failed (500) @ http://localhost:5173/src/lib/api.ts:17
[  380795ms] [ERROR] Failed to load resource: the server responded with a status of 500 (Internal Server Error) @ http://localhost:5173/api/v1/dashboard/suggestions:0
[  380795ms] [ERROR] [API 500] Request failed (500) @ http://localhost:5173/src/lib/api.ts:17
[  380957ms] [ERROR] Failed to load resource: the server responded with a status of 500 (Internal Server Error) @ http://localhost:5173/api/v1/interventions:0
[  380957ms] [ERROR] [API 500] Request failed (500) @ http://localhost:5173/src/lib/api.ts:17
[  382349ms] [ERROR] Failed to load resource: the server responded with a status of 500 (Internal Server Error) @ http://localhost:5173/api/v1/interventions:0
[  382350ms] [ERROR] [API 500] Request failed (500) @ http://localhost:5173/src/lib/api.ts:17
[  383713ms] [ERROR] Failed to load resource: the server responded with a status of 500 (Internal Server Error) @ http://localhost:5173/api/v1/alerts:0
[  383714ms] [ERROR] [API 500] Request failed (500) @ http://localhost:5173/src/lib/api.ts:17
[  384473ms] [ERROR] Failed to load resource: the server responded with a status of 500 (Internal Server Error) @ http://localhost:5173/api/v1/interventions:0
[  384473ms] [ERROR] [API 500] Request failed (500) @ http://localhost:5173/src/lib/api.ts:17
[  387719ms] [ERROR] Failed to load resource: the server responded with a status of 500 (Internal Server Error) @ http://localhost:5173/api/v1/alerts/rich:0
[  387719ms] [ERROR] [API 500] Request failed (500) @ http://localhost:5173/src/lib/api.ts:17
[  388760ms] [ERROR] Failed to load resource: the server responded with a status of 500 (Internal Server Error) @ http://localhost:5173/api/v1/alerts/rich:0
[  388760ms] [ERROR] [API 500] Request failed (500) @ http://localhost:5173/src/lib/api.ts:17
[  388864ms] [ERROR] Failed to load resource: the server responded with a status of 500 (Internal Server Error) @ http://localhost:5173/api/v1/interventions:0
[  388864ms] [ERROR] [API 500] Request failed (500) @ http://localhost:5173/src/lib/api.ts:17
[  390870ms] [ERROR] Failed to load resource: the server responded with a status of 500 (Internal Server Error) @ http://localhost:5173/api/v1/alerts/rich:0
[  390871ms] [ERROR] [API 500] Request failed (500) @ http://localhost:5173/src/lib/api.ts:17
[  390871ms] [ERROR] Failed to load resource: the server responded with a status of 500 (Internal Server Error) @ http://localhost:5173/api/v1/interventions:0
[  390871ms] [ERROR] [API 500] Request failed (500) @ http://localhost:5173/src/lib/api.ts:17
[  391951ms] [ERROR] Failed to load resource: the server responded with a status of 500 (Internal Server Error) @ http://localhost:5173/api/v1/interventions:0
[  391951ms] [ERROR] [API 500] Request failed (500) @ http://localhost:5173/src/lib/api.ts:17
[  394097ms] [ERROR] Failed to load resource: the server responded with a status of 500 (Internal Server Error) @ http://localhost:5173/api/v1/interventions:0
[  394098ms] [ERROR] [API 500] Request failed (500) @ http://localhost:5173/src/lib/api.ts:17
[  394888ms] [ERROR] Failed to load resource: the server responded with a status of 500 (Internal Server Error) @ http://localhost:5173/api/v1/alerts/rich:0
[  394889ms] [ERROR] [API 500] Request failed (500) @ http://localhost:5173/src/lib/api.ts:17
[  394892ms] [ERROR] Failed to load resource: the server responded with a status of 500 (Internal Server Error) @ http://localhost:5173/api/v1/alerts:0
[  394892ms] [ERROR] [API 500] Request failed (500) @ http://localhost:5173/src/lib/api.ts:17
[  395047ms] [ERROR] Failed to load resource: the server responded with a status of 500 (Internal Server Error) @ http://localhost:5173/api/v1/stations:0
[  395048ms] [ERROR] [API 500] Request failed (500) @ http://localhost:5173/src/lib/api.ts:17
[  395237ms] [ERROR] WebSocket connection to 'ws://localhost:5173/ws/realtime' failed: Connection closed before receiving a handshake response @ http://localhost:5173/src/lib/websocket.ts:47
[  395965ms] [ERROR] Failed to load resource: the server responded with a status of 500 (Internal Server Error) @ http://localhost:5173/api/v1/alerts:0
[  395965ms] [ERROR] [API 500] Request failed (500) @ http://localhost:5173/src/lib/api.ts:17
[  396228ms] [ERROR] Failed to load resource: the server responded with a status of 500 (Internal Server Error) @ http://localhost:5173/api/v1/stations:0
[  396228ms] [ERROR] [API 500] Request failed (500) @ http://localhost:5173/src/lib/api.ts:17
[  398116ms] [ERROR] Failed to load resource: the server responded with a status of 500 (Internal Server Error) @ http://localhost:5173/api/v1/alerts:0
[  398117ms] [ERROR] [API 500] Request failed (500) @ http://localhost:5173/src/lib/api.ts:17
[  398297ms] [ERROR] Failed to load resource: the server responded with a status of 500 (Internal Server Error) @ http://localhost:5173/api/v1/interventions:0
[  398297ms] [ERROR] [API 500] Request failed (500) @ http://localhost:5173/src/lib/api.ts:17
[  398436ms] [ERROR] Failed to load resource: the server responded with a status of 500 (Internal Server Error) @ http://localhost:5173/api/v1/stations:0
[  398436ms] [ERROR] [API 500] Request failed (500) @ http://localhost:5173/src/lib/api.ts:17
[  402305ms] [ERROR] Failed to load resource: the server responded with a status of 500 (Internal Server Error) @ http://localhost:5173/api/v1/interventions:0
[  402306ms] [ERROR] [API 500] Request failed (500) @ http://localhost:5173/src/lib/api.ts:17
[  402467ms] [ERROR] Failed to load resource: the server responded with a status of 500 (Internal Server Error) @ http://localhost:5173/api/v1/alerts:0
[  402467ms] [ERROR] [API 500] Request failed (500) @ http://localhost:5173/src/lib/api.ts:17
[  402567ms] [ERROR] Failed to load resource: the server responded with a status of 500 (Internal Server Error) @ http://localhost:5173/api/v1/stations:0
[  402567ms] [ERROR] [API 500] Request failed (500) @ http://localhost:5173/src/lib/api.ts:17
[  403574ms] [ERROR] Failed to load resource: the server responded with a status of 500 (Internal Server Error) @ http://localhost:5173/api/v1/stations:0
[  403574ms] [ERROR] [API 500] Request failed (500) @ http://localhost:5173/src/lib/api.ts:17
[  403652ms] [ERROR] Failed to load resource: the server responded with a status of 500 (Internal Server Error) @ http://localhost:5173/api/v1/interventions:0
[  403652ms] [ERROR] [API 500] Request failed (500) @ http://localhost:5173/src/lib/api.ts:17
[  404872ms] [ERROR] Failed to load resource: the server responded with a status of 500 (Internal Server Error) @ http://localhost:5173/api/v1/stations:0
[  404872ms] [ERROR] [API 500] Request failed (500) @ http://localhost:5173/src/lib/api.ts:17
[  406141ms] [ERROR] Failed to load resource: the server responded with a status of 500 (Internal Server Error) @ http://localhost:5173/api/v1/interventions:0
[  406141ms] [ERROR] [API 500] Request failed (500) @ http://localhost:5173/src/lib/api.ts:17
[  407290ms] [ERROR] Failed to load resource: the server responded with a status of 500 (Internal Server Error) @ http://localhost:5173/api/v1/stations:0
[  407291ms] [ERROR] [API 500] Request failed (500) @ http://localhost:5173/src/lib/api.ts:17
[  409952ms] [ERROR] Failed to load resource: the server responded with a status of 500 (Internal Server Error) @ http://localhost:5173/api/v1/dashboard/kpis:0
[  409952ms] [ERROR] [API 500] Request failed (500) @ http://localhost:5173/src/lib/api.ts:17
[  410264ms] [ERROR] Failed to load resource: the server responded with a status of 500 (Internal Server Error) @ http://localhost:5173/api/v1/interventions:0
[  410264ms] [ERROR] [API 500] Request failed (500) @ http://localhost:5173/src/lib/api.ts:17
[  410802ms] [ERROR] Failed to load resource: the server responded with a status of 500 (Internal Server Error) @ http://localhost:5173/api/v1/dashboard/suggestions:0
[  410803ms] [ERROR] [API 500] Request failed (500) @ http://localhost:5173/src/lib/api.ts:17
[  411074ms] [ERROR] Failed to load resource: the server responded with a status of 500 (Internal Server Error) @ http://localhost:5173/api/v1/dashboard/kpis:0
[  411075ms] [ERROR] [API 500] Request failed (500) @ http://localhost:5173/src/lib/api.ts:17
[  411556ms] [ERROR] Failed to load resource: the server responded with a status of 500 (Internal Server Error) @ http://localhost:5173/api/v1/stations:0
[  411556ms] [ERROR] [API 500] Request failed (500) @ http://localhost:5173/src/lib/api.ts:17
[  412196ms] [ERROR] Failed to load resource: the server responded with a status of 500 (Internal Server Error) @ http://localhost:5173/api/v1/dashboard/suggestions:0
[  412196ms] [ERROR] [API 500] Request failed (500) @ http://localhost:5173/src/lib/api.ts:17
[  413366ms] [ERROR] Failed to load resource: the server responded with a status of 500 (Internal Server Error) @ http://localhost:5173/api/v1/dashboard/kpis:0
[  413366ms] [ERROR] [API 500] Request failed (500) @ http://localhost:5173/src/lib/api.ts:17
[  413565ms] [ERROR] Failed to load resource: the server responded with a status of 500 (Internal Server Error) @ http://localhost:5173/api/v1/stations:0
[  413566ms] [ERROR] [API 500] Request failed (500) @ http://localhost:5173/src/lib/api.ts:17
[  414557ms] [ERROR] Failed to load resource: the server responded with a status of 500 (Internal Server Error) @ http://localhost:5173/api/v1/dashboard/suggestions:0
[  414557ms] [ERROR] [API 500] Request failed (500) @ http://localhost:5173/src/lib/api.ts:17
[  414673ms] [ERROR] Failed to load resource: the server responded with a status of 500 (Internal Server Error) @ http://localhost:5173/api/v1/stations:0
[  414673ms] [ERROR] [API 500] Request failed (500) @ http://localhost:5173/src/lib/api.ts:17
[  416975ms] [ERROR] Failed to load resource: the server responded with a status of 500 (Internal Server Error) @ http://localhost:5173/api/v1/stations:0
[  416975ms] [ERROR] [API 500] Request failed (500) @ http://localhost:5173/src/lib/api.ts:17
[  417481ms] [ERROR] Failed to load resource: the server responded with a status of 500 (Internal Server Error) @ http://localhost:5173/api/v1/alerts/rich:0
[  417481ms] [ERROR] [API 500] Request failed (500) @ http://localhost:5173/src/lib/api.ts:17
[  417844ms] [ERROR] Failed to load resource: the server responded with a status of 500 (Internal Server Error) @ http://localhost:5173/api/v1/dashboard/kpis:0
[  417844ms] [ERROR] [API 500] Request failed (500) @ http://localhost:5173/src/lib/api.ts:17
[  418574ms] [ERROR] Failed to load resource: the server responded with a status of 500 (Internal Server Error) @ http://localhost:5173/api/v1/dashboard/suggestions:0
[  418574ms] [ERROR] [API 500] Request failed (500) @ http://localhost:5173/src/lib/api.ts:17
[  418792ms] [ERROR] Failed to load resource: the server responded with a status of 500 (Internal Server Error) @ http://localhost:5173/api/v1/alerts/rich:0
[  418792ms] [ERROR] [API 500] Request failed (500) @ http://localhost:5173/src/lib/api.ts:17
[  418851ms] [ERROR] Failed to load resource: the server responded with a status of 500 (Internal Server Error) @ http://localhost:5173/api/v1/dashboard/kpis:0
[  418852ms] [ERROR] [API 500] Request failed (500) @ http://localhost:5173/src/lib/api.ts:17
[  419582ms] [ERROR] Failed to load resource: the server responded with a status of 500 (Internal Server Error) @ http://localhost:5173/api/v1/dashboard/suggestions:0
[  419583ms] [ERROR] [API 500] Request failed (500) @ http://localhost:5173/src/lib/api.ts:17
[  420220ms] [ERROR] Failed to load resource: the server responded with a status of 500 (Internal Server Error) @ http://localhost:5173/api/v1/dashboard/kpis:0
[  420220ms] [ERROR] [API 500] Request failed (500) @ http://localhost:5173/src/lib/api.ts:17
[  420804ms] [ERROR] Failed to load resource: the server responded with a status of 500 (Internal Server Error) @ http://localhost:5173/api/v1/alerts/rich:0
[  420804ms] [ERROR] [API 500] Request failed (500) @ http://localhost:5173/src/lib/api.ts:17
[  420911ms] [ERROR] Failed to load resource: the server responded with a status of 500 (Internal Server Error) @ http://localhost:5173/api/v1/dashboard/suggestions:0
[  420912ms] [ERROR] [API 500] Request failed (500) @ http://localhost:5173/src/lib/api.ts:17
[  421155ms] [ERROR] Failed to load resource: the server responded with a status of 500 (Internal Server Error) @ http://localhost:5173/api/v1/stations:0
[  421155ms] [ERROR] [API 500] Request failed (500) @ http://localhost:5173/src/lib/api.ts:17
[  422374ms] [ERROR] Failed to load resource: the server responded with a status of 500 (Internal Server Error) @ http://localhost:5173/api/v1/dashboard/kpis:0
[  422375ms] [ERROR] [API 500] Request failed (500) @ http://localhost:5173/src/lib/api.ts:17
[  423213ms] [ERROR] Failed to load resource: the server responded with a status of 500 (Internal Server Error) @ http://localhost:5173/api/v1/dashboard/suggestions:0
[  423214ms] [ERROR] [API 500] Request failed (500) @ http://localhost:5173/src/lib/api.ts:17
[  424909ms] [ERROR] Failed to load resource: the server responded with a status of 500 (Internal Server Error) @ http://localhost:5173/api/v1/alerts/rich:0
[  424909ms] [ERROR] [API 500] Request failed (500) @ http://localhost:5173/src/lib/api.ts:17
[  424913ms] [ERROR] Failed to load resource: the server responded with a status of 500 (Internal Server Error) @ http://localhost:5173/api/v1/alerts:0
[  424913ms] [ERROR] [API 500] Request failed (500) @ http://localhost:5173/src/lib/api.ts:17
[  425245ms] [ERROR] Failed to load resource: the server responded with a status of 500 (Internal Server Error) @ http://localhost:5173/api/v1/stations:0
[  425245ms] [ERROR] [API 500] Request failed (500) @ http://localhost:5173/src/lib/api.ts:17
[  425327ms] [ERROR] WebSocket connection to 'ws://localhost:5173/ws/realtime' failed: Connection closed before receiving a handshake response @ http://localhost:5173/src/lib/websocket.ts:47
[  425352ms] [ERROR] Failed to load resource: the server responded with a status of 500 (Internal Server Error) @ http://localhost:5173/api/v1/interventions:0
[  425353ms] [ERROR] [API 500] Request failed (500) @ http://localhost:5173/src/lib/api.ts:17
[  426232ms] [ERROR] Failed to load resource: the server responded with a status of 500 (Internal Server Error) @ http://localhost:5173/api/v1/alerts:0
[  426233ms] [ERROR] [API 500] Request failed (500) @ http://localhost:5173/src/lib/api.ts:17
[  426488ms] [ERROR] Failed to load resource: the server responded with a status of 500 (Internal Server Error) @ http://localhost:5173/api/v1/interventions:0
[  426489ms] [ERROR] [API 500] Request failed (500) @ http://localhost:5173/src/lib/api.ts:17
[  426528ms] [ERROR] Failed to load resource: the server responded with a status of 500 (Internal Server Error) @ http://localhost:5173/api/v1/stations:0
[  426529ms] [ERROR] [API 500] Request failed (500) @ http://localhost:5173/src/lib/api.ts:17
[  426728ms] [ERROR] Failed to load resource: the server responded with a status of 500 (Internal Server Error) @ http://localhost:5173/api/v1/dashboard/kpis:0
[  426728ms] [ERROR] [API 500] Request failed (500) @ http://localhost:5173/src/lib/api.ts:17
[  427449ms] [ERROR] Failed to load resource: the server responded with a status of 500 (Internal Server Error) @ http://localhost:5173/api/v1/dashboard/suggestions:0
[  427450ms] [ERROR] [API 500] Request failed (500) @ http://localhost:5173/src/lib/api.ts:17
[  428524ms] [ERROR] Failed to load resource: the server responded with a status of 500 (Internal Server Error) @ http://localhost:5173/api/v1/interventions:0
[  428524ms] [ERROR] [API 500] Request failed (500) @ http://localhost:5173/src/lib/api.ts:17
[  428546ms] [ERROR] Failed to load resource: the server responded with a status of 500 (Internal Server Error) @ http://localhost:5173/api/v1/alerts:0
[  428546ms] [ERROR] [API 500] Request failed (500) @ http://localhost:5173/src/lib/api.ts:17
[  428592ms] [ERROR] Failed to load resource: the server responded with a status of 500 (Internal Server Error) @ http://localhost:5173/api/v1/stations:0
[  428592ms] [ERROR] [API 500] Request failed (500) @ http://localhost:5173/src/lib/api.ts:17
[  428737ms] [ERROR] Failed to load resource: the server responded with a status of 500 (Internal Server Error) @ http://localhost:5173/api/v1/dashboard/kpis:0
[  428737ms] [ERROR] [API 500] Request failed (500) @ http://localhost:5173/src/lib/api.ts:17
[  429457ms] [ERROR] Failed to load resource: the server responded with a status of 500 (Internal Server Error) @ http://localhost:5173/api/v1/dashboard/suggestions:0
[  429457ms] [ERROR] [API 500] Request failed (500) @ http://localhost:5173/src/lib/api.ts:17
[  430238ms] [ERROR] Failed to load resource: the server responded with a status of 500 (Internal Server Error) @ http://localhost:5173/api/v1/dashboard/kpis:0
[  430238ms] [ERROR] [API 500] Request failed (500) @ http://localhost:5173/src/lib/api.ts:17
[  430834ms] [ERROR] Failed to load resource: the server responded with a status of 500 (Internal Server Error) @ http://localhost:5173/api/v1/dashboard/suggestions:0
[  430834ms] [ERROR] [API 500] Request failed (500) @ http://localhost:5173/src/lib/api.ts:17
[  432643ms] [ERROR] Failed to load resource: the server responded with a status of 500 (Internal Server Error) @ http://localhost:5173/api/v1/dashboard/kpis:0
[  432644ms] [ERROR] [API 500] Request failed (500) @ http://localhost:5173/src/lib/api.ts:17
[  432687ms] [ERROR] Failed to load resource: the server responded with a status of 500 (Internal Server Error) @ http://localhost:5173/api/v1/stations:0
[  432687ms] [ERROR] [API 500] Request failed (500) @ http://localhost:5173/src/lib/api.ts:17
[  432758ms] [ERROR] Failed to load resource: the server responded with a status of 500 (Internal Server Error) @ http://localhost:5173/api/v1/alerts:0
[  432758ms] [ERROR] [API 500] Request failed (500) @ http://localhost:5173/src/lib/api.ts:17
[  432790ms] [ERROR] Failed to load resource: the server responded with a status of 500 (Internal Server Error) @ http://localhost:5173/api/v1/interventions:0
[  432790ms] [ERROR] [API 500] Request failed (500) @ http://localhost:5173/src/lib/api.ts:17
[  432995ms] [ERROR] Failed to load resource: the server responded with a status of 500 (Internal Server Error) @ http://localhost:5173/api/v1/dashboard/suggestions:0
[  432996ms] [ERROR] [API 500] Request failed (500) @ http://localhost:5173/src/lib/api.ts:17
[  433765ms] [ERROR] Failed to load resource: the server responded with a status of 500 (Internal Server Error) @ http://localhost:5173/api/v1/alerts/rich:0
[  433766ms] [ERROR] [API 500] Request failed (500) @ http://localhost:5173/src/lib/api.ts:17
[  433799ms] [ERROR] Failed to load resource: the server responded with a status of 500 (Internal Server Error) @ http://localhost:5173/api/v1/interventions:0
[  433799ms] [ERROR] [API 500] Request failed (500) @ http://localhost:5173/src/lib/api.ts:17
[  434835ms] [ERROR] Failed to load resource: the server responded with a status of 500 (Internal Server Error) @ http://localhost:5173/api/v1/alerts/rich:0
[  434836ms] [ERROR] [API 500] Request failed (500) @ http://localhost:5173/src/lib/api.ts:17
[  435089ms] [ERROR] Failed to load resource: the server responded with a status of 500 (Internal Server Error) @ http://localhost:5173/api/v1/interventions:0
[  435089ms] [ERROR] [API 500] Request failed (500) @ http://localhost:5173/src/lib/api.ts:17
[  436835ms] [ERROR] Failed to load resource: the server responded with a status of 500 (Internal Server Error) @ http://localhost:5173/api/v1/dashboard/kpis:0
[  436835ms] [ERROR] [API 500] Request failed (500) @ http://localhost:5173/src/lib/api.ts:17
[  437191ms] [ERROR] Failed to load resource: the server responded with a status of 500 (Internal Server Error) @ http://localhost:5173/api/v1/alerts/rich:0
[  437191ms] [ERROR] [API 500] Request failed (500) @ http://localhost:5173/src/lib/api.ts:17
[  437472ms] [ERROR] Failed to load resource: the server responded with a status of 500 (Internal Server Error) @ http://localhost:5173/api/v1/dashboard/suggestions:0
[  437472ms] [ERROR] [API 500] Request failed (500) @ http://localhost:5173/src/lib/api.ts:17
[  437528ms] [ERROR] Failed to load resource: the server responded with a status of 500 (Internal Server Error) @ http://localhost:5173/api/v1/interventions:0
[  437528ms] [ERROR] [API 500] Request failed (500) @ http://localhost:5173/src/lib/api.ts:17
[  440840ms] [ERROR] Failed to load resource: the server responded with a status of 500 (Internal Server Error) @ http://localhost:5173/api/v1/dashboard/kpis:0
[  440840ms] [ERROR] [API 500] Request failed (500) @ http://localhost:5173/src/lib/api.ts:17
[  441261ms] [ERROR] Failed to load resource: the server responded with a status of 500 (Internal Server Error) @ http://localhost:5173/api/v1/alerts/rich:0
[  441262ms] [ERROR] [API 500] Request failed (500) @ http://localhost:5173/src/lib/api.ts:17
[  441265ms] [ERROR] Failed to load resource: the server responded with a status of 500 (Internal Server Error) @ http://localhost:5173/api/v1/alerts:0
[  441266ms] [ERROR] [API 500] Request failed (500) @ http://localhost:5173/src/lib/api.ts:17
[  441481ms] [ERROR] Failed to load resource: the server responded with a status of 500 (Internal Server Error) @ http://localhost:5173/api/v1/dashboard/suggestions:0
[  441481ms] [ERROR] [API 500] Request failed (500) @ http://localhost:5173/src/lib/api.ts:17
[  442005ms] [ERROR] Failed to load resource: the server responded with a status of 500 (Internal Server Error) @ http://localhost:5173/api/v1/interventions:0
[  442005ms] [ERROR] [API 500] Request failed (500) @ http://localhost:5173/src/lib/api.ts:17
[  442068ms] [ERROR] Failed to load resource: the server responded with a status of 500 (Internal Server Error) @ http://localhost:5173/api/v1/dashboard/kpis:0
[  442068ms] [ERROR] [API 500] Request failed (500) @ http://localhost:5173/src/lib/api.ts:17
[  442325ms] [ERROR] Failed to load resource: the server responded with a status of 500 (Internal Server Error) @ http://localhost:5173/api/v1/alerts:0
[  442325ms] [ERROR] [API 500] Request failed (500) @ http://localhost:5173/src/lib/api.ts:17
[  442632ms] [ERROR] Failed to load resource: the server responded with a status of 500 (Internal Server Error) @ http://localhost:5173/api/v1/dashboard/suggestions:0
[  442632ms] [ERROR] [API 500] Request failed (500) @ http://localhost:5173/src/lib/api.ts:17
[  444013ms] [ERROR] Failed to load resource: the server responded with a status of 500 (Internal Server Error) @ http://localhost:5173/api/v1/interventions:0
[  444013ms] [ERROR] [API 500] Request failed (500) @ http://localhost:5173/src/lib/api.ts:17
[  444221ms] [ERROR] Failed to load resource: the server responded with a status of 500 (Internal Server Error) @ http://localhost:5173/api/v1/dashboard/kpis:0
[  444222ms] [ERROR] [API 500] Request failed (500) @ http://localhost:5173/src/lib/api.ts:17
[  444609ms] [ERROR] Failed to load resource: the server responded with a status of 500 (Internal Server Error) @ http://localhost:5173/api/v1/alerts:0
[  444610ms] [ERROR] [API 500] Request failed (500) @ http://localhost:5173/src/lib/api.ts:17
[  444765ms] [ERROR] Failed to load resource: the server responded with a status of 500 (Internal Server Error) @ http://localhost:5173/api/v1/dashboard/suggestions:0
[  444765ms] [ERROR] [API 500] Request failed (500) @ http://localhost:5173/src/lib/api.ts:17
[  445491ms] [ERROR] Failed to load resource: the server responded with a status of 500 (Internal Server Error) @ http://localhost:5173/api/v1/interventions:0
[  445492ms] [ERROR] [API 500] Request failed (500) @ http://localhost:5173/src/lib/api.ts:17
[  447606ms] [ERROR] Failed to load resource: the server responded with a status of 500 (Internal Server Error) @ http://localhost:5173/api/v1/interventions:0
[  447607ms] [ERROR] [API 500] Request failed (500) @ http://localhost:5173/src/lib/api.ts:17
[  448664ms] [ERROR] Failed to load resource: the server responded with a status of 500 (Internal Server Error) @ http://localhost:5173/api/v1/dashboard/kpis:0
[  448664ms] [ERROR] [API 500] Request failed (500) @ http://localhost:5173/src/lib/api.ts:17
[  448996ms] [ERROR] Failed to load resource: the server responded with a status of 500 (Internal Server Error) @ http://localhost:5173/api/v1/alerts:0
[  448996ms] [ERROR] [API 500] Request failed (500) @ http://localhost:5173/src/lib/api.ts:17
[  449200ms] [ERROR] Failed to load resource: the server responded with a status of 500 (Internal Server Error) @ http://localhost:5173/api/v1/dashboard/suggestions:0
[  449200ms] [ERROR] [API 500] Request failed (500) @ http://localhost:5173/src/lib/api.ts:17
[  451006ms] [ERROR] Failed to load resource: the server responded with a status of 500 (Internal Server Error) @ http://localhost:5173/api/v1/alerts/rich:0
[  451006ms] [ERROR] [API 500] Request failed (500) @ http://localhost:5173/src/lib/api.ts:17
[  452022ms] [ERROR] Failed to load resource: the server responded with a status of 500 (Internal Server Error) @ http://localhost:5173/api/v1/interventions:0
[  452023ms] [ERROR] [API 500] Request failed (500) @ http://localhost:5173/src/lib/api.ts:17
[  452276ms] [ERROR] Failed to load resource: the server responded with a status of 500 (Internal Server Error) @ http://localhost:5173/api/v1/alerts/rich:0
[  452276ms] [ERROR] [API 500] Request failed (500) @ http://localhost:5173/src/lib/api.ts:17
[  454291ms] [ERROR] Failed to load resource: the server responded with a status of 500 (Internal Server Error) @ http://localhost:5173/api/v1/alerts/rich:0
[  454292ms] [ERROR] [API 500] Request failed (500) @ http://localhost:5173/src/lib/api.ts:17
[  455334ms] [ERROR] WebSocket connection to 'ws://localhost:5173/ws/realtime' failed: Connection closed before receiving a handshake response @ http://localhost:5173/src/lib/websocket.ts:47
[  456031ms] [ERROR] Failed to load resource: the server responded with a status of 500 (Internal Server Error) @ http://localhost:5173/api/v1/interventions:0
[  456031ms] [ERROR] [API 500] Request failed (500) @ http://localhost:5173/src/lib/api.ts:17
[  457302ms] [ERROR] Failed to load resource: the server responded with a status of 500 (Internal Server Error) @ http://localhost:5173/api/v1/interventions:0
[  457303ms] [ERROR] [API 500] Request failed (500) @ http://localhost:5173/src/lib/api.ts:17
[  458420ms] [ERROR] Failed to load resource: the server responded with a status of 500 (Internal Server Error) @ http://localhost:5173/api/v1/alerts/rich:0
[  458420ms] [ERROR] [API 500] Request failed (500) @ http://localhost:5173/src/lib/api.ts:17
[  458422ms] [ERROR] Failed to load resource: the server responded with a status of 500 (Internal Server Error) @ http://localhost:5173/api/v1/alerts:0
[  458422ms] [ERROR] [API 500] Request failed (500) @ http://localhost:5173/src/lib/api.ts:17
[  459367ms] [ERROR] Failed to load resource: the server responded with a status of 500 (Internal Server Error) @ http://localhost:5173/api/v1/interventions:0
[  459367ms] [ERROR] [API 500] Request failed (500) @ http://localhost:5173/src/lib/api.ts:17
[  459615ms] [ERROR] Failed to load resource: the server responded with a status of 500 (Internal Server Error) @ http://localhost:5173/api/v1/alerts:0
[  459615ms] [ERROR] [API 500] Request failed (500) @ http://localhost:5173/src/lib/api.ts:17
[  461952ms] [ERROR] Failed to load resource: the server responded with a status of 500 (Internal Server Error) @ http://localhost:5173/api/v1/alerts:0
[  461952ms] [ERROR] [API 500] Request failed (500) @ http://localhost:5173/src/lib/api.ts:17
[  463659ms] [ERROR] Failed to load resource: the server responded with a status of 500 (Internal Server Error) @ http://localhost:5173/api/v1/interventions:0
[  463659ms] [ERROR] [API 500] Request failed (500) @ http://localhost:5173/src/lib/api.ts:17
[  466098ms] [ERROR] Failed to load resource: the server responded with a status of 500 (Internal Server Error) @ http://localhost:5173/api/v1/alerts:0
[  466099ms] [ERROR] [API 500] Request failed (500) @ http://localhost:5173/src/lib/api.ts:17
[  470108ms] [ERROR] Failed to load resource: the server responded with a status of 500 (Internal Server Error) @ http://localhost:5173/api/v1/alerts/rich:0
[  470108ms] [ERROR] [API 500] Request failed (500) @ http://localhost:5173/src/lib/api.ts:17
[  471315ms] [ERROR] Failed to load resource: the server responded with a status of 500 (Internal Server Error) @ http://localhost:5173/api/v1/alerts/rich:0
[  471316ms] [ERROR] [API 500] Request failed (500) @ http://localhost:5173/src/lib/api.ts:17
[  473644ms] [ERROR] Failed to load resource: the server responded with a status of 500 (Internal Server Error) @ http://localhost:5173/api/v1/alerts/rich:0
[  473645ms] [ERROR] [API 500] Request failed (500) @ http://localhost:5173/src/lib/api.ts:17
[  477818ms] [ERROR] Failed to load resource: the server responded with a status of 500 (Internal Server Error) @ http://localhost:5173/api/v1/alerts/rich:0
[  477818ms] [ERROR] [API 500] Request failed (500) @ http://localhost:5173/src/lib/api.ts:17
[  477819ms] [ERROR] Failed to load resource: the server responded with a status of 500 (Internal Server Error) @ http://localhost:5173/api/v1/alerts:0
[  477819ms] [ERROR] [API 500] Request failed (500) @ http://localhost:5173/src/lib/api.ts:17
[  478666ms] [ERROR] Failed to load resource: the server responded with a status of 500 (Internal Server Error) @ http://localhost:5173/api/v1/interventions:0
[  478667ms] [ERROR] [API 500] Request failed (500) @ http://localhost:5173/src/lib/api.ts:17
[  478668ms] [ERROR] Failed to load resource: the server responded with a status of 500 (Internal Server Error) @ http://localhost:5173/api/v1/dashboard/kpis:0
[  478669ms] [ERROR] [API 500] Request failed (500) @ http://localhost:5173/src/lib/api.ts:17
[  479179ms] [ERROR] Failed to load resource: the server responded with a status of 500 (Internal Server Error) @ http://localhost:5173/api/v1/alerts:0
[  479179ms] [ERROR] [API 500] Request failed (500) @ http://localhost:5173/src/lib/api.ts:17
[  479209ms] [ERROR] Failed to load resource: the server responded with a status of 500 (Internal Server Error) @ http://localhost:5173/api/v1/dashboard/suggestions:0
[  479209ms] [ERROR] [API 500] Request failed (500) @ http://localhost:5173/src/lib/api.ts:17
[  479802ms] [ERROR] Failed to load resource: the server responded with a status of 500 (Internal Server Error) @ http://localhost:5173/api/v1/interventions:0
[  479803ms] [ERROR] [API 500] Request failed (500) @ http://localhost:5173/src/lib/api.ts:17
[  479956ms] [ERROR] Failed to load resource: the server responded with a status of 500 (Internal Server Error) @ http://localhost:5173/api/v1/dashboard/kpis:0
[  479956ms] [ERROR] [API 500] Request failed (500) @ http://localhost:5173/src/lib/api.ts:17
[  480556ms] [ERROR] Failed to load resource: the server responded with a status of 500 (Internal Server Error) @ http://localhost:5173/api/v1/dashboard/suggestions:0
[  480556ms] [ERROR] [API 500] Request failed (500) @ http://localhost:5173/src/lib/api.ts:17
[  481333ms] [ERROR] Failed to load resource: the server responded with a status of 500 (Internal Server Error) @ http://localhost:5173/api/v1/alerts:0
[  481333ms] [ERROR] [API 500] Request failed (500) @ http://localhost:5173/src/lib/api.ts:17
[  481830ms] [ERROR] Failed to load resource: the server responded with a status of 500 (Internal Server Error) @ http://localhost:5173/api/v1/interventions:0
[  481830ms] [ERROR] [API 500] Request failed (500) @ http://localhost:5173/src/lib/api.ts:17
[  482055ms] [ERROR] Failed to load resource: the server responded with a status of 500 (Internal Server Error) @ http://localhost:5173/api/v1/dashboard/kpis:0
[  482055ms] [ERROR] [API 500] Request failed (500) @ http://localhost:5173/src/lib/api.ts:17
[  482752ms] [ERROR] Failed to load resource: the server responded with a status of 500 (Internal Server Error) @ http://localhost:5173/api/v1/dashboard/suggestions:0
[  482752ms] [ERROR] [API 500] Request failed (500) @ http://localhost:5173/src/lib/api.ts:17
[  485341ms] [ERROR] WebSocket connection to 'ws://localhost:5173/ws/realtime' failed: Connection closed before receiving a handshake response @ http://localhost:5173/src/lib/websocket.ts:47
[  485534ms] [ERROR] Failed to load resource: the server responded with a status of 500 (Internal Server Error) @ http://localhost:5173/api/v1/alerts:0
[  485535ms] [ERROR] [API 500] Request failed (500) @ http://localhost:5173/src/lib/api.ts:17
[  485855ms] [ERROR] Failed to load resource: the server responded with a status of 500 (Internal Server Error) @ http://localhost:5173/api/v1/interventions:0
[  485855ms] [ERROR] [API 500] Request failed (500) @ http://localhost:5173/src/lib/api.ts:17
[  486527ms] [ERROR] Failed to load resource: the server responded with a status of 500 (Internal Server Error) @ http://localhost:5173/api/v1/dashboard/kpis:0
[  486527ms] [ERROR] [API 500] Request failed (500) @ http://localhost:5173/src/lib/api.ts:17
[  486864ms] [ERROR] Failed to load resource: the server responded with a status of 500 (Internal Server Error) @ http://localhost:5173/api/v1/interventions:0
[  486864ms] [ERROR] [API 500] Request failed (500) @ http://localhost:5173/src/lib/api.ts:17
[  487152ms] [ERROR] Failed to load resource: the server responded with a status of 500 (Internal Server Error) @ http://localhost:5173/api/v1/dashboard/suggestions:0
[  487152ms] [ERROR] [API 500] Request failed (500) @ http://localhost:5173/src/lib/api.ts:17
[  487535ms] [ERROR] Failed to load resource: the server responded with a status of 500 (Internal Server Error) @ http://localhost:5173/api/v1/dashboard/kpis:0
[  487535ms] [ERROR] [API 500] Request failed (500) @ http://localhost:5173/src/lib/api.ts:17
[  487892ms] [ERROR] Failed to load resource: the server responded with a status of 500 (Internal Server Error) @ http://localhost:5173/api/v1/interventions:0
[  487892ms] [ERROR] [API 500] Request failed (500) @ http://localhost:5173/src/lib/api.ts:17
[  488161ms] [ERROR] Failed to load resource: the server responded with a status of 500 (Internal Server Error) @ http://localhost:5173/api/v1/dashboard/suggestions:0
[  488162ms] [ERROR] [API 500] Request failed (500) @ http://localhost:5173/src/lib/api.ts:17
[  488762ms] [ERROR] Failed to load resource: the server responded with a status of 500 (Internal Server Error) @ http://localhost:5173/api/v1/dashboard/kpis:0
[  488762ms] [ERROR] [API 500] Request failed (500) @ http://localhost:5173/src/lib/api.ts:17
[  489230ms] [ERROR] Failed to load resource: the server responded with a status of 500 (Internal Server Error) @ http://localhost:5173/api/v1/dashboard/suggestions:0
[  489231ms] [ERROR] [API 500] Request failed (500) @ http://localhost:5173/src/lib/api.ts:17
[  490009ms] [ERROR] Failed to load resource: the server responded with a status of 500 (Internal Server Error) @ http://localhost:5173/api/v1/interventions:0
[  490009ms] [ERROR] [API 500] Request failed (500) @ http://localhost:5173/src/lib/api.ts:17
[  491031ms] [ERROR] Failed to load resource: the server responded with a status of 500 (Internal Server Error) @ http://localhost:5173/api/v1/dashboard/kpis:0
[  491031ms] [ERROR] [API 500] Request failed (500) @ http://localhost:5173/src/lib/api.ts:17
[  491728ms] [ERROR] Failed to load resource: the server responded with a status of 500 (Internal Server Error) @ http://localhost:5173/api/v1/dashboard/suggestions:0
[  491728ms] [ERROR] [API 500] Request failed (500) @ http://localhost:5173/src/lib/api.ts:17
[  492697ms] [ERROR] Failed to load resource: the server responded with a status of 500 (Internal Server Error) @ http://localhost:5173/api/v1/stations:0
[  492697ms] [ERROR] [API 500] Request failed (500) @ http://localhost:5173/src/lib/api.ts:17
[  493847ms] [ERROR] Failed to load resource: the server responded with a status of 500 (Internal Server Error) @ http://localhost:5173/api/v1/stations:0
[  493847ms] [ERROR] [API 500] Request failed (500) @ http://localhost:5173/src/lib/api.ts:17
[  494193ms] [ERROR] Failed to load resource: the server responded with a status of 500 (Internal Server Error) @ http://localhost:5173/api/v1/interventions:0
[  494194ms] [ERROR] [API 500] Request failed (500) @ http://localhost:5173/src/lib/api.ts:17
[  495123ms] [ERROR] Failed to load resource: the server responded with a status of 500 (Internal Server Error) @ http://localhost:5173/api/v1/dashboard/kpis:0
[  495123ms] [ERROR] [API 500] Request failed (500) @ http://localhost:5173/src/lib/api.ts:17
[  495927ms] [ERROR] Failed to load resource: the server responded with a status of 500 (Internal Server Error) @ http://localhost:5173/api/v1/stations:0
[  495927ms] [ERROR] [API 500] Request failed (500) @ http://localhost:5173/src/lib/api.ts:17
[  496191ms] [ERROR] Failed to load resource: the server responded with a status of 500 (Internal Server Error) @ http://localhost:5173/api/v1/dashboard/suggestions:0
[  496192ms] [ERROR] [API 500] Request failed (500) @ http://localhost:5173/src/lib/api.ts:17
[  496198ms] [ERROR] Failed to load resource: the server responded with a status of 500 (Internal Server Error) @ http://localhost:5173/api/v1/interventions:0
[  496199ms] [ERROR] [API 500] Request failed (500) @ http://localhost:5173/src/lib/api.ts:17
[  497130ms] [ERROR] Failed to load resource: the server responded with a status of 500 (Internal Server Error) @ http://localhost:5173/api/v1/dashboard/kpis:0
[  497130ms] [ERROR] [API 500] Request failed (500) @ http://localhost:5173/src/lib/api.ts:17
[  497550ms] [ERROR] Failed to load resource: the server responded with a status of 500 (Internal Server Error) @ http://localhost:5173/api/v1/interventions:0
[  497550ms] [ERROR] [API 500] Request failed (500) @ http://localhost:5173/src/lib/api.ts:17
[  498167ms] [ERROR] Failed to load resource: the server responded with a status of 500 (Internal Server Error) @ http://localhost:5173/api/v1/dashboard/kpis:0
[  498168ms] [ERROR] [API 500] Request failed (500) @ http://localhost:5173/src/lib/api.ts:17
[  498199ms] [ERROR] Failed to load resource: the server responded with a status of 500 (Internal Server Error) @ http://localhost:5173/api/v1/dashboard/suggestions:0
[  498199ms] [ERROR] [API 500] Request failed (500) @ http://localhost:5173/src/lib/api.ts:17
[  499565ms] [ERROR] Failed to load resource: the server responded with a status of 500 (Internal Server Error) @ http://localhost:5173/api/v1/dashboard/suggestions:0
[  499566ms] [ERROR] [API 500] Request failed (500) @ http://localhost:5173/src/lib/api.ts:17
[  499627ms] [ERROR] Failed to load resource: the server responded with a status of 500 (Internal Server Error) @ http://localhost:5173/api/v1/interventions:0
[  499627ms] [ERROR] [API 500] Request failed (500) @ http://localhost:5173/src/lib/api.ts:17
[  500261ms] [ERROR] Failed to load resource: the server responded with a status of 500 (Internal Server Error) @ http://localhost:5173/api/v1/dashboard/kpis:0
[  500261ms] [ERROR] [API 500] Request failed (500) @ http://localhost:5173/src/lib/api.ts:17
[  500344ms] [ERROR] Failed to load resource: the server responded with a status of 500 (Internal Server Error) @ http://localhost:5173/api/v1/stations:0
[  500345ms] [ERROR] [API 500] Request failed (500) @ http://localhost:5173/src/lib/api.ts:17
[  500547ms] [ERROR] Failed to load resource: the server responded with a status of 500 (Internal Server Error) @ http://localhost:5173/api/v1/alerts/rich:0
[  500547ms] [ERROR] [API 500] Request failed (500) @ http://localhost:5173/src/lib/api.ts:17
[  501353ms] [ERROR] Failed to load resource: the server responded with a status of 500 (Internal Server Error) @ http://localhost:5173/api/v1/stations:0
[  501354ms] [ERROR] [API 500] Request failed (500) @ http://localhost:5173/src/lib/api.ts:17
[  501609ms] [ERROR] Failed to load resource: the server responded with a status of 500 (Internal Server Error) @ http://localhost:5173/api/v1/alerts/rich:0
[  501609ms] [ERROR] [API 500] Request failed (500) @ http://localhost:5173/src/lib/api.ts:17
[  501621ms] [ERROR] Failed to load resource: the server responded with a status of 500 (Internal Server Error) @ http://localhost:5173/api/v1/dashboard/suggestions:0
[  501621ms] [ERROR] [API 500] Request failed (500) @ http://localhost:5173/src/lib/api.ts:17
[  502715ms] [ERROR] Failed to load resource: the server responded with a status of 500 (Internal Server Error) @ http://localhost:5173/api/v1/stations:0
[  502716ms] [ERROR] [API 500] Request failed (500) @ http://localhost:5173/src/lib/api.ts:17
[  503900ms] [ERROR] Failed to load resource: the server responded with a status of 500 (Internal Server Error) @ http://localhost:5173/api/v1/alerts/rich:0
[  503900ms] [ERROR] [API 500] Request failed (500) @ http://localhost:5173/src/lib/api.ts:17
[  504106ms] [ERROR] Failed to load resource: the server responded with a status of 500 (Internal Server Error) @ http://localhost:5173/api/v1/interventions:0
[  504106ms] [ERROR] [API 500] Request failed (500) @ http://localhost:5173/src/lib/api.ts:17
[  504612ms] [ERROR] Failed to load resource: the server responded with a status of 500 (Internal Server Error) @ http://localhost:5173/api/v1/dashboard/kpis:0
[  504613ms] [ERROR] [API 500] Request failed (500) @ http://localhost:5173/src/lib/api.ts:17
[  505166ms] [ERROR] Failed to load resource: the server responded with a status of 500 (Internal Server Error) @ http://localhost:5173/api/v1/stations:0
[  505166ms] [ERROR] [API 500] Request failed (500) @ http://localhost:5173/src/lib/api.ts:17
[  505734ms] [ERROR] Failed to load resource: the server responded with a status of 500 (Internal Server Error) @ http://localhost:5173/api/v1/dashboard/suggestions:0
[  505734ms] [ERROR] [API 500] Request failed (500) @ http://localhost:5173/src/lib/api.ts:17
[  508064ms] [ERROR] Failed to load resource: the server responded with a status of 500 (Internal Server Error) @ http://localhost:5173/api/v1/alerts/rich:0
[  508064ms] [ERROR] [API 500] Request failed (500) @ http://localhost:5173/src/lib/api.ts:17
[  508066ms] [ERROR] Failed to load resource: the server responded with a status of 500 (Internal Server Error) @ http://localhost:5173/api/v1/alerts:0
[  508066ms] [ERROR] [API 500] Request failed (500) @ http://localhost:5173/src/lib/api.ts:17
[  508115ms] [ERROR] Failed to load resource: the server responded with a status of 500 (Internal Server Error) @ http://localhost:5173/api/v1/interventions:0
[  508115ms] [ERROR] [API 500] Request failed (500) @ http://localhost:5173/src/lib/api.ts:17
[  508620ms] [ERROR] Failed to load resource: the server responded with a status of 500 (Internal Server Error) @ http://localhost:5173/api/v1/dashboard/kpis:0
[  508621ms] [ERROR] [API 500] Request failed (500) @ http://localhost:5173/src/lib/api.ts:17
[  509391ms] [ERROR] Failed to load resource: the server responded with a status of 500 (Internal Server Error) @ http://localhost:5173/api/v1/interventions:0
[  509392ms] [ERROR] [API 500] Request failed (500) @ http://localhost:5173/src/lib/api.ts:17
[  509464ms] [ERROR] Failed to load resource: the server responded with a status of 500 (Internal Server Error) @ http://localhost:5173/api/v1/stations:0
[  509465ms] [ERROR] [API 500] Request failed (500) @ http://localhost:5173/src/lib/api.ts:17
[  509506ms] [ERROR] Failed to load resource: the server responded with a status of 500 (Internal Server Error) @ http://localhost:5173/api/v1/alerts:0
[  509506ms] [ERROR] [API 500] Request failed (500) @ http://localhost:5173/src/lib/api.ts:17
[  509741ms] [ERROR] Failed to load resource: the server responded with a status of 500 (Internal Server Error) @ http://localhost:5173/api/v1/dashboard/suggestions:0
[  509742ms] [ERROR] [API 500] Request failed (500) @ http://localhost:5173/src/lib/api.ts:17
[  509916ms] [ERROR] Failed to load resource: the server responded with a status of 500 (Internal Server Error) @ http://localhost:5173/api/v1/dashboard/kpis:0
[  509916ms] [ERROR] [API 500] Request failed (500) @ http://localhost:5173/src/lib/api.ts:17
[  510894ms] [ERROR] Failed to load resource: the server responded with a status of 500 (Internal Server Error) @ http://localhost:5173/api/v1/dashboard/suggestions:0
[  510895ms] [ERROR] [API 500] Request failed (500) @ http://localhost:5173/src/lib/api.ts:17
[  511472ms] [ERROR] Failed to load resource: the server responded with a status of 500 (Internal Server Error) @ http://localhost:5173/api/v1/stations:0
[  511473ms] [ERROR] [API 500] Request failed (500) @ http://localhost:5173/src/lib/api.ts:17
[  511597ms] [ERROR] Failed to load resource: the server responded with a status of 500 (Internal Server Error) @ http://localhost:5173/api/v1/alerts:0
[  511598ms] [ERROR] [API 500] Request failed (500) @ http://localhost:5173/src/lib/api.ts:17
[  511797ms] [ERROR] Failed to load resource: the server responded with a status of 500 (Internal Server Error) @ http://localhost:5173/api/v1/interventions:0
[  511798ms] [ERROR] [API 500] Request failed (500) @ http://localhost:5173/src/lib/api.ts:17
[  512101ms] [ERROR] Failed to load resource: the server responded with a status of 500 (Internal Server Error) @ http://localhost:5173/api/v1/dashboard/kpis:0
[  512102ms] [ERROR] [API 500] Request failed (500) @ http://localhost:5173/src/lib/api.ts:17
[  512815ms] [ERROR] Failed to load resource: the server responded with a status of 500 (Internal Server Error) @ http://localhost:5173/api/v1/stations:0
[  512815ms] [ERROR] [API 500] Request failed (500) @ http://localhost:5173/src/lib/api.ts:17
[  513175ms] [ERROR] Failed to load resource: the server responded with a status of 500 (Internal Server Error) @ http://localhost:5173/api/v1/dashboard/suggestions:0
[  513176ms] [ERROR] [API 500] Request failed (500) @ http://localhost:5173/src/lib/api.ts:17
[  515139ms] [ERROR] Failed to load resource: the server responded with a status of 500 (Internal Server Error) @ http://localhost:5173/api/v1/stations:0
[  515139ms] [ERROR] [API 500] Request failed (500) @ http://localhost:5173/src/lib/api.ts:17
[  515349ms] [ERROR] WebSocket connection to 'ws://localhost:5173/ws/realtime' failed: Connection closed before receiving a handshake response @ http://localhost:5173/src/lib/websocket.ts:47
[  515845ms] [ERROR] Failed to load resource: the server responded with a status of 500 (Internal Server Error) @ http://localhost:5173/api/v1/alerts:0
[  515845ms] [ERROR] [API 500] Request failed (500) @ http://localhost:5173/src/lib/api.ts:17
[  515849ms] [ERROR] Failed to load resource: the server responded with a status of 500 (Internal Server Error) @ http://localhost:5173/api/v1/interventions:0
[  515849ms] [ERROR] [API 500] Request failed (500) @ http://localhost:5173/src/lib/api.ts:17
[  516554ms] [ERROR] Failed to load resource: the server responded with a status of 500 (Internal Server Error) @ http://localhost:5173/api/v1/dashboard/kpis:0
[  516555ms] [ERROR] [API 500] Request failed (500) @ http://localhost:5173/src/lib/api.ts:17
[  516851ms] [ERROR] Failed to load resource: the server responded with a status of 500 (Internal Server Error) @ http://localhost:5173/api/v1/alerts/rich:0
[  516851ms] [ERROR] [API 500] Request failed (500) @ http://localhost:5173/src/lib/api.ts:17
[  517552ms] [ERROR] Failed to load resource: the server responded with a status of 500 (Internal Server Error) @ http://localhost:5173/api/v1/dashboard/suggestions:0
[  517553ms] [ERROR] [API 500] Request failed (500) @ http://localhost:5173/src/lib/api.ts:17
[  518044ms] [ERROR] Failed to load resource: the server responded with a status of 500 (Internal Server Error) @ http://localhost:5173/api/v1/alerts/rich:0
[  518044ms] [ERROR] [API 500] Request failed (500) @ http://localhost:5173/src/lib/api.ts:17
[  519251ms] [ERROR] Failed to load resource: the server responded with a status of 500 (Internal Server Error) @ http://localhost:5173/api/v1/stations:0
[  519251ms] [ERROR] [API 500] Request failed (500) @ http://localhost:5173/src/lib/api.ts:17
[  520055ms] [ERROR] Failed to load resource: the server responded with a status of 500 (Internal Server Error) @ http://localhost:5173/api/v1/alerts/rich:0
[  520055ms] [ERROR] [API 500] Request failed (500) @ http://localhost:5173/src/lib/api.ts:17
[  523260ms] [ERROR] Failed to load resource: the server responded with a status of 500 (Internal Server Error) @ http://localhost:5173/api/v1/stations:0
[  523260ms] [ERROR] [API 500] Request failed (500) @ http://localhost:5173/src/lib/api.ts:17
[  524081ms] [ERROR] Failed to load resource: the server responded with a status of 500 (Internal Server Error) @ http://localhost:5173/api/v1/alerts/rich:0
[  524081ms] [ERROR] [API 500] Request failed (500) @ http://localhost:5173/src/lib/api.ts:17
[  524084ms] [ERROR] Failed to load resource: the server responded with a status of 500 (Internal Server Error) @ http://localhost:5173/api/v1/alerts:0
[  524084ms] [ERROR] [API 500] Request failed (500) @ http://localhost:5173/src/lib/api.ts:17
[  524307ms] [ERROR] Failed to load resource: the server responded with a status of 500 (Internal Server Error) @ http://localhost:5173/api/v1/stations:0
[  524308ms] [ERROR] [API 500] Request failed (500) @ http://localhost:5173/src/lib/api.ts:17
[  525107ms] [ERROR] Failed to load resource: the server responded with a status of 500 (Internal Server Error) @ http://localhost:5173/api/v1/alerts:0
[  525108ms] [ERROR] [API 500] Request failed (500) @ http://localhost:5173/src/lib/api.ts:17
[  526688ms] [ERROR] Failed to load resource: the server responded with a status of 500 (Internal Server Error) @ http://localhost:5173/api/v1/stations:0
[  526689ms] [ERROR] [API 500] Request failed (500) @ http://localhost:5173/src/lib/api.ts:17
[  527451ms] [ERROR] Failed to load resource: the server responded with a status of 500 (Internal Server Error) @ http://localhost:5173/api/v1/alerts:0
[  527452ms] [ERROR] [API 500] Request failed (500) @ http://localhost:5173/src/lib/api.ts:17
[  530857ms] [ERROR] Failed to load resource: the server responded with a status of 500 (Internal Server Error) @ http://localhost:5173/api/v1/interventions:0
[  530857ms] [ERROR] [API 500] Request failed (500) @ http://localhost:5173/src/lib/api.ts:17
[  531172ms] [ERROR] Failed to load resource: the server responded with a status of 500 (Internal Server Error) @ http://localhost:5173/api/v1/stations:0
[  531172ms] [ERROR] [API 500] Request failed (500) @ http://localhost:5173/src/lib/api.ts:17
[  531758ms] [ERROR] Failed to load resource: the server responded with a status of 500 (Internal Server Error) @ http://localhost:5173/api/v1/alerts:0
[  531759ms] [ERROR] [API 500] Request failed (500) @ http://localhost:5173/src/lib/api.ts:17
[  531937ms] [ERROR] Failed to load resource: the server responded with a status of 500 (Internal Server Error) @ http://localhost:5173/api/v1/interventions:0
[  531937ms] [ERROR] [API 500] Request failed (500) @ http://localhost:5173/src/lib/api.ts:17
[  533767ms] [ERROR] Failed to load resource: the server responded with a status of 500 (Internal Server Error) @ http://localhost:5173/api/v1/alerts/rich:0
[  533768ms] [ERROR] [API 500] Request failed (500) @ http://localhost:5173/src/lib/api.ts:17
[  534425ms] [ERROR] Failed to load resource: the server responded with a status of 500 (Internal Server Error) @ http://localhost:5173/api/v1/interventions:0
[  534426ms] [ERROR] [API 500] Request failed (500) @ http://localhost:5173/src/lib/api.ts:17
[  534912ms] [ERROR] Failed to load resource: the server responded with a status of 500 (Internal Server Error) @ http://localhost:5173/api/v1/alerts/rich:0
[  534912ms] [ERROR] [API 500] Request failed (500) @ http://localhost:5173/src/lib/api.ts:17
[  537227ms] [ERROR] Failed to load resource: the server responded with a status of 500 (Internal Server Error) @ http://localhost:5173/api/v1/alerts/rich:0
[  537227ms] [ERROR] [API 500] Request failed (500) @ http://localhost:5173/src/lib/api.ts:17
[  538579ms] [ERROR] Failed to load resource: the server responded with a status of 500 (Internal Server Error) @ http://localhost:5173/api/v1/interventions:0
[  538580ms] [ERROR] [API 500] Request failed (500) @ http://localhost:5173/src/lib/api.ts:17
[  539588ms] [ERROR] Failed to load resource: the server responded with a status of 500 (Internal Server Error) @ http://localhost:5173/api/v1/interventions:0
[  539589ms] [ERROR] [API 500] Request failed (500) @ http://localhost:5173/src/lib/api.ts:17
[  540890ms] [ERROR] Failed to load resource: the server responded with a status of 500 (Internal Server Error) @ http://localhost:5173/api/v1/interventions:0
[  540891ms] [ERROR] [API 500] Request failed (500) @ http://localhost:5173/src/lib/api.ts:17
[  541321ms] [ERROR] Failed to load resource: the server responded with a status of 500 (Internal Server Error) @ http://localhost:5173/api/v1/alerts/rich:0
[  541321ms] [ERROR] [API 500] Request failed (500) @ http://localhost:5173/src/lib/api.ts:17
[  541325ms] [ERROR] Failed to load resource: the server responded with a status of 500 (Internal Server Error) @ http://localhost:5173/api/v1/alerts:0
[  541325ms] [ERROR] [API 500] Request failed (500) @ http://localhost:5173/src/lib/api.ts:17
[  542692ms] [ERROR] Failed to load resource: the server responded with a status of 500 (Internal Server Error) @ http://localhost:5173/api/v1/alerts:0
[  542692ms] [ERROR] [API 500] Request failed (500) @ http://localhost:5173/src/lib/api.ts:17
[  542978ms] [ERROR] Failed to load resource: the server responded with a status of 500 (Internal Server Error) @ http://localhost:5173/api/v1/interventions:0
[  542978ms] [ERROR] [API 500] Request failed (500) @ http://localhost:5173/src/lib/api.ts:17
[  544834ms] [ERROR] Failed to load resource: the server responded with a status of 500 (Internal Server Error) @ http://localhost:5173/api/v1/alerts:0
[  544834ms] [ERROR] [API 500] Request failed (500) @ http://localhost:5173/src/lib/api.ts:17
[  545356ms] [ERROR] WebSocket connection to 'ws://localhost:5173/ws/realtime' failed: Connection closed before receiving a handshake response @ http://localhost:5173/src/lib/websocket.ts:47
[  546564ms] [ERROR] Failed to load resource: the server responded with a status of 500 (Internal Server Error) @ http://localhost:5173/api/v1/dashboard/kpis:0
[  546564ms] [ERROR] [API 500] Request failed (500) @ http://localhost:5173/src/lib/api.ts:17
[  547421ms] [ERROR] Failed to load resource: the server responded with a status of 500 (Internal Server Error) @ http://localhost:5173/api/v1/interventions:0
[  547422ms] [ERROR] [API 500] Request failed (500) @ http://localhost:5173/src/lib/api.ts:17
[  547562ms] [ERROR] Failed to load resource: the server responded with a status of 500 (Internal Server Error) @ http://localhost:5173/api/v1/dashboard/suggestions:0
[  547562ms] [ERROR] [API 500] Request failed (500) @ http://localhost:5173/src/lib/api.ts:17
[  547800ms] [ERROR] Failed to load resource: the server responded with a status of 500 (Internal Server Error) @ http://localhost:5173/api/v1/dashboard/kpis:0
[  547800ms] [ERROR] [API 500] Request failed (500) @ http://localhost:5173/src/lib/api.ts:17
[  548876ms] [ERROR] Failed to load resource: the server responded with a status of 500 (Internal Server Error) @ http://localhost:5173/api/v1/dashboard/suggestions:0
[  548877ms] [ERROR] [API 500] Request failed (500) @ http://localhost:5173/src/lib/api.ts:17
[  549032ms] [ERROR] Failed to load resource: the server responded with a status of 500 (Internal Server Error) @ http://localhost:5173/api/v1/alerts:0
[  549032ms] [ERROR] [API 500] Request failed (500) @ http://localhost:5173/src/lib/api.ts:17
[  549430ms] [ERROR] Failed to load resource: the server responded with a status of 500 (Internal Server Error) @ http://localhost:5173/api/v1/interventions:0
[  549430ms] [ERROR] [API 500] Request failed (500) @ http://localhost:5173/src/lib/api.ts:17
[  549962ms] [ERROR] Failed to load resource: the server responded with a status of 500 (Internal Server Error) @ http://localhost:5173/api/v1/dashboard/kpis:0
[  549963ms] [ERROR] [API 500] Request failed (500) @ http://localhost:5173/src/lib/api.ts:17
[  550715ms] [ERROR] Failed to load resource: the server responded with a status of 500 (Internal Server Error) @ http://localhost:5173/api/v1/interventions:0
[  550715ms] [ERROR] [API 500] Request failed (500) @ http://localhost:5173/src/lib/api.ts:17
[  551260ms] [ERROR] Failed to load resource: the server responded with a status of 500 (Internal Server Error) @ http://localhost:5173/api/v1/dashboard/suggestions:0
[  551260ms] [ERROR] [API 500] Request failed (500) @ http://localhost:5173/src/lib/api.ts:17
[  553041ms] [ERROR] Failed to load resource: the server responded with a status of 500 (Internal Server Error) @ http://localhost:5173/api/v1/alerts/rich:0
[  553041ms] [ERROR] [API 500] Request failed (500) @ http://localhost:5173/src/lib/api.ts:17
[  553102ms] [ERROR] Failed to load resource: the server responded with a status of 500 (Internal Server Error) @ http://localhost:5173/api/v1/interventions:0
[  553102ms] [ERROR] [API 500] Request failed (500) @ http://localhost:5173/src/lib/api.ts:17
[  554400ms] [ERROR] Failed to load resource: the server responded with a status of 500 (Internal Server Error) @ http://localhost:5173/api/v1/dashboard/kpis:0
[  554401ms] [ERROR] [API 500] Request failed (500) @ http://localhost:5173/src/lib/api.ts:17
[  554519ms] [ERROR] Failed to load resource: the server responded with a status of 500 (Internal Server Error) @ http://localhost:5173/api/v1/alerts/rich:0
[  554520ms] [ERROR] [API 500] Request failed (500) @ http://localhost:5173/src/lib/api.ts:17
[  555409ms] [ERROR] Failed to load resource: the server responded with a status of 500 (Internal Server Error) @ http://localhost:5173/api/v1/dashboard/kpis:0
[  555410ms] [ERROR] [API 500] Request failed (500) @ http://localhost:5173/src/lib/api.ts:17
[  555610ms] [ERROR] Failed to load resource: the server responded with a status of 500 (Internal Server Error) @ http://localhost:5173/api/v1/dashboard/suggestions:0
[  555610ms] [ERROR] [API 500] Request failed (500) @ http://localhost:5173/src/lib/api.ts:17
[  556494ms] [ERROR] Failed to load resource: the server responded with a status of 500 (Internal Server Error) @ http://localhost:5173/api/v1/dashboard/kpis:0
[  556494ms] [ERROR] [API 500] Request failed (500) @ http://localhost:5173/src/lib/api.ts:17
[  556586ms] [ERROR] Failed to load resource: the server responded with a status of 500 (Internal Server Error) @ http://localhost:5173/api/v1/alerts/rich:0
[  556587ms] [ERROR] [API 500] Request failed (500) @ http://localhost:5173/src/lib/api.ts:17
[  556618ms] [ERROR] Failed to load resource: the server responded with a status of 500 (Internal Server Error) @ http://localhost:5173/api/v1/dashboard/suggestions:0
[  556618ms] [ERROR] [API 500] Request failed (500) @ http://localhost:5173/src/lib/api.ts:17
[  557419ms] [ERROR] Failed to load resource: the server responded with a status of 500 (Internal Server Error) @ http://localhost:5173/api/v1/interventions:0
[  557419ms] [ERROR] [API 500] Request failed (500) @ http://localhost:5173/src/lib/api.ts:17
[  557949ms] [ERROR] Failed to load resource: the server responded with a status of 500 (Internal Server Error) @ http://localhost:5173/api/v1/dashboard/suggestions:0
[  557949ms] [ERROR] [API 500] Request failed (500) @ http://localhost:5173/src/lib/api.ts:17
[  558612ms] [ERROR] Failed to load resource: the server responded with a status of 500 (Internal Server Error) @ http://localhost:5173/api/v1/dashboard/kpis:0
[  558612ms] [ERROR] [API 500] Request failed (500) @ http://localhost:5173/src/lib/api.ts:17
[  560275ms] [ERROR] Failed to load resource: the server responded with a status of 500 (Internal Server Error) @ http://localhost:5173/api/v1/dashboard/suggestions:0
[  560276ms] [ERROR] [API 500] Request failed (500) @ http://localhost:5173/src/lib/api.ts:17
[  560855ms] [ERROR] Failed to load resource: the server responded with a status of 500 (Internal Server Error) @ http://localhost:5173/api/v1/alerts/rich:0
[  560855ms] [ERROR] [API 500] Request failed (500) @ http://localhost:5173/src/lib/api.ts:17
[  560857ms] [ERROR] Failed to load resource: the server responded with a status of 500 (Internal Server Error) @ http://localhost:5173/api/v1/alerts:0
[  560858ms] [ERROR] [API 500] Request failed (500) @ http://localhost:5173/src/lib/api.ts:17
[  561428ms] [ERROR] Failed to load resource: the server responded with a status of 500 (Internal Server Error) @ http://localhost:5173/api/v1/interventions:0
[  561428ms] [ERROR] [API 500] Request failed (500) @ http://localhost:5173/src/lib/api.ts:17
[  561878ms] [ERROR] Failed to load resource: the server responded with a status of 500 (Internal Server Error) @ http://localhost:5173/api/v1/alerts:0
[  561878ms] [ERROR] [API 500] Request failed (500) @ http://localhost:5173/src/lib/api.ts:17
[  562627ms] [ERROR] Failed to load resource: the server responded with a status of 500 (Internal Server Error) @ http://localhost:5173/api/v1/interventions:0
[  562627ms] [ERROR] [API 500] Request failed (500) @ http://localhost:5173/src/lib/api.ts:17
[  563037ms] [ERROR] Failed to load resource: the server responded with a status of 500 (Internal Server Error) @ http://localhost:5173/api/v1/dashboard/kpis:0
[  563037ms] [ERROR] [API 500] Request failed (500) @ http://localhost:5173/src/lib/api.ts:17
[  564034ms] [ERROR] Failed to load resource: the server responded with a status of 500 (Internal Server Error) @ http://localhost:5173/api/v1/alerts:0
[  564035ms] [ERROR] [API 500] Request failed (500) @ http://localhost:5173/src/lib/api.ts:17
[  564528ms] [ERROR] Failed to load resource: the server responded with a status of 500 (Internal Server Error) @ http://localhost:5173/api/v1/dashboard/suggestions:0
[  564528ms] [ERROR] [API 500] Request failed (500) @ http://localhost:5173/src/lib/api.ts:17
[  564996ms] [ERROR] Failed to load resource: the server responded with a status of 500 (Internal Server Error) @ http://localhost:5173/api/v1/interventions:0
[  564996ms] [ERROR] [API 500] Request failed (500) @ http://localhost:5173/src/lib/api.ts:17
[  565043ms] [ERROR] Failed to load resource: the server responded with a status of 500 (Internal Server Error) @ http://localhost:5173/api/v1/dashboard/kpis:0
[  565044ms] [ERROR] [API 500] Request failed (500) @ http://localhost:5173/src/lib/api.ts:17
[  566130ms] [ERROR] Failed to load resource: the server responded with a status of 500 (Internal Server Error) @ http://localhost:5173/api/v1/dashboard/kpis:0
[  566130ms] [ERROR] [API 500] Request failed (500) @ http://localhost:5173/src/lib/api.ts:17
[  566535ms] [ERROR] Failed to load resource: the server responded with a status of 500 (Internal Server Error) @ http://localhost:5173/api/v1/dashboard/suggestions:0
[  566535ms] [ERROR] [API 500] Request failed (500) @ http://localhost:5173/src/lib/api.ts:17
[  567995ms] [ERROR] Failed to load resource: the server responded with a status of 500 (Internal Server Error) @ http://localhost:5173/api/v1/dashboard/suggestions:0
[  567995ms] [ERROR] [API 500] Request failed (500) @ http://localhost:5173/src/lib/api.ts:17
[  568194ms] [ERROR] Failed to load resource: the server responded with a status of 500 (Internal Server Error) @ http://localhost:5173/api/v1/dashboard/kpis:0
[  568194ms] [ERROR] [API 500] Request failed (500) @ http://localhost:5173/src/lib/api.ts:17
[  568397ms] [ERROR] Failed to load resource: the server responded with a status of 500 (Internal Server Error) @ http://localhost:5173/api/v1/alerts:0
[  568397ms] [ERROR] [API 500] Request failed (500) @ http://localhost:5173/src/lib/api.ts:17
[  569079ms] [ERROR] Failed to load resource: the server responded with a status of 500 (Internal Server Error) @ http://localhost:5173/api/v1/interventions:0
[  569080ms] [ERROR] [API 500] Request failed (500) @ http://localhost:5173/src/lib/api.ts:17
[  570398ms] [ERROR] Failed to load resource: the server responded with a status of 500 (Internal Server Error) @ http://localhost:5173/api/v1/dashboard/suggestions:0
[  570399ms] [ERROR] [API 500] Request failed (500) @ http://localhost:5173/src/lib/api.ts:17
[  572679ms] [ERROR] Failed to load resource: the server responded with a status of 500 (Internal Server Error) @ http://localhost:5173/api/v1/dashboard/kpis:0
[  572679ms] [ERROR] [API 500] Request failed (500) @ http://localhost:5173/src/lib/api.ts:17
[  574649ms] [ERROR] Failed to load resource: the server responded with a status of 500 (Internal Server Error) @ http://localhost:5173/api/v1/dashboard/suggestions:0
[  574650ms] [ERROR] [API 500] Request failed (500) @ http://localhost:5173/src/lib/api.ts:17
[  575363ms] [ERROR] WebSocket connection to 'ws://localhost:5173/ws/realtime' failed: Connection closed before receiving a handshake response @ http://localhost:5173/src/lib/websocket.ts:47
[  576688ms] [ERROR] Failed to load resource: the server responded with a status of 500 (Internal Server Error) @ http://localhost:5173/api/v1/dashboard/kpis:0
[  576688ms] [ERROR] [API 500] Request failed (500) @ http://localhost:5173/src/lib/api.ts:17
[  578159ms] [ERROR] Failed to load resource: the server responded with a status of 500 (Internal Server Error) @ http://localhost:5173/api/v1/dashboard/kpis:0
[  578159ms] [ERROR] [API 500] Request failed (500) @ http://localhost:5173/src/lib/api.ts:17
[  578658ms] [ERROR] Failed to load resource: the server responded with a status of 500 (Internal Server Error) @ http://localhost:5173/api/v1/dashboard/suggestions:0
[  578658ms] [ERROR] [API 500] Request failed (500) @ http://localhost:5173/src/lib/api.ts:17
[  579677ms] [ERROR] Failed to load resource: the server responded with a status of 500 (Internal Server Error) @ http://localhost:5173/api/v1/dashboard/suggestions:0
[  579677ms] [ERROR] [API 500] Request failed (500) @ http://localhost:5173/src/lib/api.ts:17
[  580277ms] [ERROR] Failed to load resource: the server responded with a status of 500 (Internal Server Error) @ http://localhost:5173/api/v1/dashboard/kpis:0
[  580278ms] [ERROR] [API 500] Request failed (500) @ http://localhost:5173/src/lib/api.ts:17
[  581970ms] [ERROR] Failed to load resource: the server responded with a status of 500 (Internal Server Error) @ http://localhost:5173/api/v1/dashboard/suggestions:0
[  581970ms] [ERROR] [API 500] Request failed (500) @ http://localhost:5173/src/lib/api.ts:17
[  583410ms] [ERROR] Failed to load resource: the server responded with a status of 500 (Internal Server Error) @ http://localhost:5173/api/v1/alerts/rich:0
[  583410ms] [ERROR] [API 500] Request failed (500) @ http://localhost:5173/src/lib/api.ts:17
[  584086ms] [ERROR] Failed to load resource: the server responded with a status of 500 (Internal Server Error) @ http://localhost:5173/api/v1/interventions:0
[  584087ms] [ERROR] [API 500] Request failed (500) @ http://localhost:5173/src/lib/api.ts:17
[  584556ms] [ERROR] Failed to load resource: the server responded with a status of 500 (Internal Server Error) @ http://localhost:5173/api/v1/dashboard/kpis:0
[  584556ms] [ERROR] [API 500] Request failed (500) @ http://localhost:5173/src/lib/api.ts:17
[  584728ms] [ERROR] Failed to load resource: the server responded with a status of 500 (Internal Server Error) @ http://localhost:5173/api/v1/alerts/rich:0
[  584729ms] [ERROR] [API 500] Request failed (500) @ http://localhost:5173/src/lib/api.ts:17
[  585515ms] [ERROR] Failed to load resource: the server responded with a status of 500 (Internal Server Error) @ http://localhost:5173/api/v1/interventions:0
[  585515ms] [ERROR] [API 500] Request failed (500) @ http://localhost:5173/src/lib/api.ts:17
[  586392ms] [ERROR] Failed to load resource: the server responded with a status of 500 (Internal Server Error) @ http://localhost:5173/api/v1/dashboard/suggestions:0
[  586392ms] [ERROR] [API 500] Request failed (500) @ http://localhost:5173/src/lib/api.ts:17
[  586914ms] [ERROR] Failed to load resource: the server responded with a status of 500 (Internal Server Error) @ http://localhost:5173/api/v1/alerts/rich:0
[  586915ms] [ERROR] [API 500] Request failed (500) @ http://localhost:5173/src/lib/api.ts:17
[  587913ms] [ERROR] Failed to load resource: the server responded with a status of 500 (Internal Server Error) @ http://localhost:5173/api/v1/interventions:0
[  587913ms] [ERROR] [API 500] Request failed (500) @ http://localhost:5173/src/lib/api.ts:17
[  591182ms] [ERROR] Failed to load resource: the server responded with a status of 500 (Internal Server Error) @ http://localhost:5173/api/v1/stations:0
[  591182ms] [ERROR] [API 500] Request failed (500) @ http://localhost:5173/src/lib/api.ts:17
[  591248ms] [ERROR] Failed to load resource: the server responded with a status of 500 (Internal Server Error) @ http://localhost:5173/api/v1/alerts/rich:0
[  591248ms] [ERROR] [API 500] Request failed (500) @ http://localhost:5173/src/lib/api.ts:17
[  591254ms] [ERROR] Failed to load resource: the server responded with a status of 500 (Internal Server Error) @ http://localhost:5173/api/v1/alerts:0
[  591254ms] [ERROR] [API 500] Request failed (500) @ http://localhost:5173/src/lib/api.ts:17
[  592108ms] [ERROR] Failed to load resource: the server responded with a status of 500 (Internal Server Error) @ http://localhost:5173/api/v1/interventions:0
[  592109ms] [ERROR] [API 500] Request failed (500) @ http://localhost:5173/src/lib/api.ts:17
[  592446ms] [ERROR] Failed to load resource: the server responded with a status of 500 (Internal Server Error) @ http://localhost:5173/api/v1/alerts:0
[  592446ms] [ERROR] [API 500] Request failed (500) @ http://localhost:5173/src/lib/api.ts:17
[  592529ms] [ERROR] Failed to load resource: the server responded with a status of 500 (Internal Server Error) @ http://localhost:5173/api/v1/stations:0
[  592529ms] [ERROR] [API 500] Request failed (500) @ http://localhost:5173/src/lib/api.ts:17
[  593117ms] [ERROR] Failed to load resource: the server responded with a status of 500 (Internal Server Error) @ http://localhost:5173/api/v1/interventions:0
[  593117ms] [ERROR] [API 500] Request failed (500) @ http://localhost:5173/src/lib/api.ts:17
[  594493ms] [ERROR] Failed to load resource: the server responded with a status of 500 (Internal Server Error) @ http://localhost:5173/api/v1/interventions:0
[  594494ms] [ERROR] [API 500] Request failed (500) @ http://localhost:5173/src/lib/api.ts:17
[  594817ms] [ERROR] Failed to load resource: the server responded with a status of 500 (Internal Server Error) @ http://localhost:5173/api/v1/stations:0
[  594817ms] [ERROR] [API 500] Request failed (500) @ http://localhost:5173/src/lib/api.ts:17
[  594922ms] [ERROR] Failed to load resource: the server responded with a status of 500 (Internal Server Error) @ http://localhost:5173/api/v1/alerts:0
[  594922ms] [ERROR] [API 500] Request failed (500) @ http://localhost:5173/src/lib/api.ts:17
[  596902ms] [ERROR] Failed to load resource: the server responded with a status of 500 (Internal Server Error) @ http://localhost:5173/api/v1/interventions:0
[  596902ms] [ERROR] [API 500] Request failed (500) @ http://localhost:5173/src/lib/api.ts:17
[  599139ms] [ERROR] Failed to load resource: the server responded with a status of 500 (Internal Server Error) @ http://localhost:5173/api/v1/alerts:0
[  599139ms] [ERROR] [API 500] Request failed (500) @ http://localhost:5173/src/lib/api.ts:17
[  599197ms] [ERROR] Failed to load resource: the server responded with a status of 500 (Internal Server Error) @ http://localhost:5173/api/v1/stations:0
[  599198ms] [ERROR] [API 500] Request failed (500) @ http://localhost:5173/src/lib/api.ts:17
[  600147ms] [ERROR] Failed to load resource: the server responded with a status of 500 (Internal Server Error) @ http://localhost:5173/api/v1/alerts/rich:0
[  600148ms] [ERROR] [API 500] Request failed (500) @ http://localhost:5173/src/lib/api.ts:17
[  600206ms] [ERROR] Failed to load resource: the server responded with a status of 500 (Internal Server Error) @ http://localhost:5173/api/v1/stations:0
[  600207ms] [ERROR] [API 500] Request failed (500) @ http://localhost:5173/src/lib/api.ts:17
[  600995ms] [ERROR] Failed to load resource: the server responded with a status of 500 (Internal Server Error) @ http://localhost:5173/api/v1/interventions:0
[  600995ms] [ERROR] [API 500] Request failed (500) @ http://localhost:5173/src/lib/api.ts:17
[  601332ms] [ERROR] Failed to load resource: the server responded with a status of 500 (Internal Server Error) @ http://localhost:5173/api/v1/alerts/rich:0
[  601332ms] [ERROR] [API 500] Request failed (500) @ http://localhost:5173/src/lib/api.ts:17
[  601526ms] [ERROR] Failed to load resource: the server responded with a status of 500 (Internal Server Error) @ http://localhost:5173/api/v1/stations:0
[  601526ms] [ERROR] [API 500] Request failed (500) @ http://localhost:5173/src/lib/api.ts:17
[  603004ms] [ERROR] Failed to load resource: the server responded with a status of 500 (Internal Server Error) @ http://localhost:5173/api/v1/interventions:0
[  603004ms] [ERROR] [API 500] Request failed (500) @ http://localhost:5173/src/lib/api.ts:17
[  603382ms] [ERROR] Failed to load resource: the server responded with a status of 500 (Internal Server Error) @ http://localhost:5173/api/v1/alerts/rich:0
[  603382ms] [ERROR] [API 500] Request failed (500) @ http://localhost:5173/src/lib/api.ts:17
[  603785ms] [ERROR] Failed to load resource: the server responded with a status of 500 (Internal Server Error) @ http://localhost:5173/api/v1/stations:0
[  603785ms] [ERROR] [API 500] Request failed (500) @ http://localhost:5173/src/lib/api.ts:17
[  604167ms] [ERROR] Failed to load resource: the server responded with a status of 500 (Internal Server Error) @ http://localhost:5173/api/v1/interventions:0
[  604168ms] [ERROR] [API 500] Request failed (500) @ http://localhost:5173/src/lib/api.ts:17
[  605371ms] [ERROR] WebSocket connection to 'ws://localhost:5173/ws/realtime' failed: Connection closed before receiving a handshake response @ http://localhost:5173/src/lib/websocket.ts:47
[  606401ms] [ERROR] Failed to load resource: the server responded with a status of 500 (Internal Server Error) @ http://localhost:5173/api/v1/interventions:0
[  606401ms] [ERROR] [API 500] Request failed (500) @ http://localhost:5173/src/lib/api.ts:17
[  607724ms] [ERROR] Failed to load resource: the server responded with a status of 500 (Internal Server Error) @ http://localhost:5173/api/v1/alerts/rich:0
[  607724ms] [ERROR] [API 500] Request failed (500) @ http://localhost:5173/src/lib/api.ts:17
[  607726ms] [ERROR] Failed to load resource: the server responded with a status of 500 (Internal Server Error) @ http://localhost:5173/api/v1/alerts:0
[  607726ms] [ERROR] [API 500] Request failed (500) @ http://localhost:5173/src/lib/api.ts:17
[  608138ms] [ERROR] Failed to load resource: the server responded with a status of 500 (Internal Server Error) @ http://localhost:5173/api/v1/stations:0
[  608138ms] [ERROR] [API 500] Request failed (500) @ http://localhost:5173/src/lib/api.ts:17
[  609029ms] [ERROR] Failed to load resource: the server responded with a status of 500 (Internal Server Error) @ http://localhost:5173/api/v1/alerts:0
[  609029ms] [ERROR] [API 500] Request failed (500) @ http://localhost:5173/src/lib/api.ts:17
[  610146ms] [ERROR] Failed to load resource: the server responded with a status of 500 (Internal Server Error) @ http://localhost:5173/api/v1/stations:0
[  610146ms] [ERROR] [API 500] Request failed (500) @ http://localhost:5173/src/lib/api.ts:17
[  610562ms] [ERROR] Failed to load resource: the server responded with a status of 500 (Internal Server Error) @ http://localhost:5173/api/v1/interventions:0
[  610563ms] [ERROR] [API 500] Request failed (500) @ http://localhost:5173/src/lib/api.ts:17
[  611192ms] [ERROR] Failed to load resource: the server responded with a status of 500 (Internal Server Error) @ http://localhost:5173/api/v1/stations:0
[  611192ms] [ERROR] [API 500] Request failed (500) @ http://localhost:5173/src/lib/api.ts:17
[  611193ms] [ERROR] Failed to load resource: the server responded with a status of 500 (Internal Server Error) @ http://localhost:5173/api/v1/alerts:0
[  611193ms] [ERROR] [API 500] Request failed (500) @ http://localhost:5173/src/lib/api.ts:17
[  613641ms] [ERROR] Failed to load resource: the server responded with a status of 500 (Internal Server Error) @ http://localhost:5173/api/v1/stations:0
[  613642ms] [ERROR] [API 500] Request failed (500) @ http://localhost:5173/src/lib/api.ts:17
[  614565ms] [ERROR] Failed to load resource: the server responded with a status of 500 (Internal Server Error) @ http://localhost:5173/api/v1/dashboard/kpis:0
[  614566ms] [ERROR] [API 500] Request failed (500) @ http://localhost:5173/src/lib/api.ts:17
[  614568ms] [ERROR] Failed to load resource: the server responded with a status of 500 (Internal Server Error) @ http://localhost:5173/api/v1/interventions:0
[  614568ms] [ERROR] [API 500] Request failed (500) @ http://localhost:5173/src/lib/api.ts:17
[  615463ms] [ERROR] Failed to load resource: the server responded with a status of 500 (Internal Server Error) @ http://localhost:5173/api/v1/alerts:0
[  615463ms] [ERROR] [API 500] Request failed (500) @ http://localhost:5173/src/lib/api.ts:17
[  615696ms] [ERROR] Failed to load resource: the server responded with a status of 500 (Internal Server Error) @ http://localhost:5173/api/v1/dashboard/kpis:0
[  615697ms] [ERROR] [API 500] Request failed (500) @ http://localhost:5173/src/lib/api.ts:17
[  615977ms] [ERROR] Failed to load resource: the server responded with a status of 500 (Internal Server Error) @ http://localhost:5173/api/v1/interventions:0
[  615977ms] [ERROR] [API 500] Request failed (500) @ http://localhost:5173/src/lib/api.ts:17
[  616399ms] [ERROR] Failed to load resource: the server responded with a status of 500 (Internal Server Error) @ http://localhost:5173/api/v1/dashboard/suggestions:0
[  616400ms] [ERROR] [API 500] Request failed (500) @ http://localhost:5173/src/lib/api.ts:17
[  617470ms] [ERROR] Failed to load resource: the server responded with a status of 500 (Internal Server Error) @ http://localhost:5173/api/v1/alerts/rich:0
[  617470ms] [ERROR] [API 500] Request failed (500) @ http://localhost:5173/src/lib/api.ts:17
[  617740ms] [ERROR] Failed to load resource: the server responded with a status of 500 (Internal Server Error) @ http://localhost:5173/api/v1/dashboard/suggestions:0
[  617740ms] [ERROR] [API 500] Request failed (500) @ http://localhost:5173/src/lib/api.ts:17
[  617782ms] [ERROR] Failed to load resource: the server responded with a status of 500 (Internal Server Error) @ http://localhost:5173/api/v1/dashboard/kpis:0
[  617782ms] [ERROR] [API 500] Request failed (500) @ http://localhost:5173/src/lib/api.ts:17
[  617989ms] [ERROR] Failed to load resource: the server responded with a status of 500 (Internal Server Error) @ http://localhost:5173/api/v1/interventions:0
[  617990ms] [ERROR] [API 500] Request failed (500) @ http://localhost:5173/src/lib/api.ts:17
[  618114ms] [ERROR] Failed to load resource: the server responded with a status of 500 (Internal Server Error) @ http://localhost:5173/api/v1/stations:0
[  618114ms] [ERROR] [API 500] Request failed (500) @ http://localhost:5173/src/lib/api.ts:17
[  618653ms] [ERROR] Failed to load resource: the server responded with a status of 500 (Internal Server Error) @ http://localhost:5173/api/v1/alerts/rich:0
[  618654ms] [ERROR] [API 500] Request failed (500) @ http://localhost:5173/src/lib/api.ts:17
[  619891ms] [ERROR] Failed to load resource: the server responded with a status of 500 (Internal Server Error) @ http://localhost:5173/api/v1/dashboard/suggestions:0
[  619892ms] [ERROR] [API 500] Request failed (500) @ http://localhost:5173/src/lib/api.ts:17
[  621093ms] [ERROR] Failed to load resource: the server responded with a status of 500 (Internal Server Error) @ http://localhost:5173/api/v1/alerts/rich:0
[  621094ms] [ERROR] [API 500] Request failed (500) @ http://localhost:5173/src/lib/api.ts:17
[  621952ms] [ERROR] Failed to load resource: the server responded with a status of 500 (Internal Server Error) @ http://localhost:5173/api/v1/dashboard/kpis:0
[  621952ms] [ERROR] [API 500] Request failed (500) @ http://localhost:5173/src/lib/api.ts:17
[  622123ms] [ERROR] Failed to load resource: the server responded with a status of 500 (Internal Server Error) @ http://localhost:5173/api/v1/stations:0
[  622124ms] [ERROR] [API 500] Request failed (500) @ http://localhost:5173/src/lib/api.ts:17
[  622231ms] [ERROR] Failed to load resource: the server responded with a status of 500 (Internal Server Error) @ http://localhost:5173/api/v1/interventions:0
[  622231ms] [ERROR] [API 500] Request failed (500) @ http://localhost:5173/src/lib/api.ts:17
[  622957ms] [ERROR] Failed to load resource: the server responded with a status of 500 (Internal Server Error) @ http://localhost:5173/api/v1/dashboard/kpis:0
[  622957ms] [ERROR] [API 500] Request failed (500) @ http://localhost:5173/src/lib/api.ts:17
[  623141ms] [ERROR] Failed to load resource: the server responded with a status of 500 (Internal Server Error) @ http://localhost:5173/api/v1/stations:0
[  623141ms] [ERROR] [API 500] Request failed (500) @ http://localhost:5173/src/lib/api.ts:17
[  624228ms] [ERROR] Failed to load resource: the server responded with a status of 500 (Internal Server Error) @ http://localhost:5173/api/v1/dashboard/kpis:0
[  624228ms] [ERROR] [API 500] Request failed (500) @ http://localhost:5173/src/lib/api.ts:17
[  624261ms] [ERROR] Failed to load resource: the server responded with a status of 500 (Internal Server Error) @ http://localhost:5173/api/v1/dashboard/suggestions:0
[  624261ms] [ERROR] [API 500] Request failed (500) @ http://localhost:5173/src/lib/api.ts:17
[  625217ms] [ERROR] Failed to load resource: the server responded with a status of 500 (Internal Server Error) @ http://localhost:5173/api/v1/stations:0
[  625218ms] [ERROR] [API 500] Request failed (500) @ http://localhost:5173/src/lib/api.ts:17
[  625270ms] [ERROR] Failed to load resource: the server responded with a status of 500 (Internal Server Error) @ http://localhost:5173/api/v1/dashboard/suggestions:0
[  625270ms] [ERROR] [API 500] Request failed (500) @ http://localhost:5173/src/lib/api.ts:17
[  625477ms] [ERROR] Failed to load resource: the server responded with a status of 500 (Internal Server Error) @ http://localhost:5173/api/v1/alerts/rich:0
[  625478ms] [ERROR] [API 500] Request failed (500) @ http://localhost:5173/src/lib/api.ts:17
[  625481ms] [ERROR] Failed to load resource: the server responded with a status of 500 (Internal Server Error) @ http://localhost:5173/api/v1/alerts:0
[  625481ms] [ERROR] [API 500] Request failed (500) @ http://localhost:5173/src/lib/api.ts:17
[  626353ms] [ERROR] Failed to load resource: the server responded with a status of 500 (Internal Server Error) @ http://localhost:5173/api/v1/dashboard/suggestions:0
[  626354ms] [ERROR] [API 500] Request failed (500) @ http://localhost:5173/src/lib/api.ts:17
[  626433ms] [ERROR] Failed to load resource: the server responded with a status of 500 (Internal Server Error) @ http://localhost:5173/api/v1/dashboard/kpis:0
[  626433ms] [ERROR] [API 500] Request failed (500) @ http://localhost:5173/src/lib/api.ts:17
[  626971ms] [ERROR] Failed to load resource: the server responded with a status of 500 (Internal Server Error) @ http://localhost:5173/api/v1/alerts:0
[  626971ms] [ERROR] [API 500] Request failed (500) @ http://localhost:5173/src/lib/api.ts:17
[  628684ms] [ERROR] Failed to load resource: the server responded with a status of 500 (Internal Server Error) @ http://localhost:5173/api/v1/dashboard/suggestions:0
[  628684ms] [ERROR] [API 500] Request failed (500) @ http://localhost:5173/src/lib/api.ts:17
[  629138ms] [ERROR] Failed to load resource: the server responded with a status of 500 (Internal Server Error) @ http://localhost:5173/api/v1/alerts:0
[  629139ms] [ERROR] [API 500] Request failed (500) @ http://localhost:5173/src/lib/api.ts:17
[  629315ms] [ERROR] Failed to load resource: the server responded with a status of 500 (Internal Server Error) @ http://localhost:5173/api/v1/stations:0
[  629315ms] [ERROR] [API 500] Request failed (500) @ http://localhost:5173/src/lib/api.ts:17
[  630603ms] [ERROR] Failed to load resource: the server responded with a status of 500 (Internal Server Error) @ http://localhost:5173/api/v1/dashboard/kpis:0
[  630603ms] [ERROR] [API 500] Request failed (500) @ http://localhost:5173/src/lib/api.ts:17
[  632611ms] [ERROR] Failed to load resource: the server responded with a status of 500 (Internal Server Error) @ http://localhost:5173/api/v1/dashboard/kpis:0
[  632611ms] [ERROR] [API 500] Request failed (500) @ http://localhost:5173/src/lib/api.ts:17
[  633073ms] [ERROR] Failed to load resource: the server responded with a status of 500 (Internal Server Error) @ http://localhost:5173/api/v1/dashboard/suggestions:0
[  633074ms] [ERROR] [API 500] Request failed (500) @ http://localhost:5173/src/lib/api.ts:17
[  633339ms] [ERROR] Failed to load resource: the server responded with a status of 500 (Internal Server Error) @ http://localhost:5173/api/v1/alerts:0
[  633339ms] [ERROR] [API 500] Request failed (500) @ http://localhost:5173/src/lib/api.ts:17
[  633913ms] [ERROR] Failed to load resource: the server responded with a status of 500 (Internal Server Error) @ http://localhost:5173/api/v1/dashboard/kpis:0
[  633913ms] [ERROR] [API 500] Request failed (500) @ http://localhost:5173/src/lib/api.ts:17
[  635082ms] [ERROR] Failed to load resource: the server responded with a status of 500 (Internal Server Error) @ http://localhost:5173/api/v1/dashboard/suggestions:0
[  635082ms] [ERROR] [API 500] Request failed (500) @ http://localhost:5173/src/lib/api.ts:17
[  635379ms] [ERROR] WebSocket connection to 'ws://localhost:5173/ws/realtime' failed: Connection closed before receiving a handshake response @ http://localhost:5173/src/lib/websocket.ts:47
[  635925ms] [ERROR] Failed to load resource: the server responded with a status of 500 (Internal Server Error) @ http://localhost:5173/api/v1/dashboard/kpis:0
[  635926ms] [ERROR] [API 500] Request failed (500) @ http://localhost:5173/src/lib/api.ts:17
[  636325ms] [ERROR] Failed to load resource: the server responded with a status of 500 (Internal Server Error) @ http://localhost:5173/api/v1/dashboard/suggestions:0
[  636326ms] [ERROR] [API 500] Request failed (500) @ http://localhost:5173/src/lib/api.ts:17
[  637239ms] [ERROR] Failed to load resource: the server responded with a status of 500 (Internal Server Error) @ http://localhost:5173/api/v1/interventions:0
[  637239ms] [ERROR] [API 500] Request failed (500) @ http://localhost:5173/src/lib/api.ts:17
[  637346ms] [ERROR] Failed to load resource: the server responded with a status of 500 (Internal Server Error) @ http://localhost:5173/api/v1/alerts/rich:0
[  637346ms] [ERROR] [API 500] Request failed (500) @ http://localhost:5173/src/lib/api.ts:17
[  638371ms] [ERROR] Failed to load resource: the server responded with a status of 500 (Internal Server Error) @ http://localhost:5173/api/v1/dashboard/suggestions:0
[  638371ms] [ERROR] [API 500] Request failed (500) @ http://localhost:5173/src/lib/api.ts:17
[  638416ms] [ERROR] Failed to load resource: the server responded with a status of 500 (Internal Server Error) @ http://localhost:5173/api/v1/interventions:0
[  638416ms] [ERROR] [API 500] Request failed (500) @ http://localhost:5173/src/lib/api.ts:17
[  638835ms] [ERROR] Failed to load resource: the server responded with a status of 500 (Internal Server Error) @ http://localhost:5173/api/v1/alerts/rich:0
[  638835ms] [ERROR] [API 500] Request failed (500) @ http://localhost:5173/src/lib/api.ts:17
[  639996ms] [ERROR] Failed to load resource: the server responded with a status of 500 (Internal Server Error) @ http://localhost:5173/api/v1/dashboard/kpis:0
[  639997ms] [ERROR] [API 500] Request failed (500) @ http://localhost:5173/src/lib/api.ts:17
[  640898ms] [ERROR] Failed to load resource: the server responded with a status of 500 (Internal Server Error) @ http://localhost:5173/api/v1/interventions:0
[  640898ms] [ERROR] [API 500] Request failed (500) @ http://localhost:5173/src/lib/api.ts:17
[  641030ms] [ERROR] Failed to load resource: the server responded with a status of 500 (Internal Server Error) @ http://localhost:5173/api/v1/alerts/rich:0
[  641030ms] [ERROR] [API 500] Request failed (500) @ http://localhost:5173/src/lib/api.ts:17
[  642777ms] [ERROR] Failed to load resource: the server responded with a status of 500 (Internal Server Error) @ http://localhost:5173/api/v1/dashboard/suggestions:0
[  642778ms] [ERROR] [API 500] Request failed (500) @ http://localhost:5173/src/lib/api.ts:17
[  644004ms] [ERROR] Failed to load resource: the server responded with a status of 500 (Internal Server Error) @ http://localhost:5173/api/v1/dashboard/kpis:0
[  644004ms] [ERROR] [API 500] Request failed (500) @ http://localhost:5173/src/lib/api.ts:17
[  644913ms] [ERROR] Failed to load resource: the server responded with a status of 500 (Internal Server Error) @ http://localhost:5173/api/v1/interventions:0
[  644914ms] [ERROR] [API 500] Request failed (500) @ http://localhost:5173/src/lib/api.ts:17
[  645181ms] [ERROR] Failed to load resource: the server responded with a status of 500 (Internal Server Error) @ http://localhost:5173/api/v1/dashboard/kpis:0
[  645182ms] [ERROR] [API 500] Request failed (500) @ http://localhost:5173/src/lib/api.ts:17
[  645346ms] [ERROR] Failed to load resource: the server responded with a status of 500 (Internal Server Error) @ http://localhost:5173/api/v1/alerts/rich:0
[  645347ms] [ERROR] [API 500] Request failed (500) @ http://localhost:5173/src/lib/api.ts:17
[  645350ms] [ERROR] Failed to load resource: the server responded with a status of 500 (Internal Server Error) @ http://localhost:5173/api/v1/alerts:0
[  645351ms] [ERROR] [API 500] Request failed (500) @ http://localhost:5173/src/lib/api.ts:17
[  645920ms] [ERROR] Failed to load resource: the server responded with a status of 500 (Internal Server Error) @ http://localhost:5173/api/v1/interventions:0
[  645921ms] [ERROR] [API 500] Request failed (500) @ http://localhost:5173/src/lib/api.ts:17
[  646694ms] [ERROR] Failed to load resource: the server responded with a status of 500 (Internal Server Error) @ http://localhost:5173/api/v1/alerts:0
[  646694ms] [ERROR] [API 500] Request failed (500) @ http://localhost:5173/src/lib/api.ts:17
[  646785ms] [ERROR] Failed to load resource: the server responded with a status of 500 (Internal Server Error) @ http://localhost:5173/api/v1/dashboard/suggestions:0
[  646785ms] [ERROR] [API 500] Request failed (500) @ http://localhost:5173/src/lib/api.ts:17
[  647024ms] [ERROR] Failed to load resource: the server responded with a status of 500 (Internal Server Error) @ http://localhost:5173/api/v1/interventions:0
[  647024ms] [ERROR] [API 500] Request failed (500) @ http://localhost:5173/src/lib/api.ts:17
[  647301ms] [ERROR] Failed to load resource: the server responded with a status of 500 (Internal Server Error) @ http://localhost:5173/api/v1/dashboard/kpis:0
[  647302ms] [ERROR] [API 500] Request failed (500) @ http://localhost:5173/src/lib/api.ts:17
[  647846ms] [ERROR] Failed to load resource: the server responded with a status of 500 (Internal Server Error) @ http://localhost:5173/api/v1/dashboard/suggestions:0
[  647846ms] [ERROR] [API 500] Request failed (500) @ http://localhost:5173/src/lib/api.ts:17
[  649053ms] [ERROR] Failed to load resource: the server responded with a status of 500 (Internal Server Error) @ http://localhost:5173/api/v1/alerts:0
[  649053ms] [ERROR] [API 500] Request failed (500) @ http://localhost:5173/src/lib/api.ts:17
[  649451ms] [ERROR] Failed to load resource: the server responded with a status of 500 (Internal Server Error) @ http://localhost:5173/api/v1/interventions:0
[  649451ms] [ERROR] [API 500] Request failed (500) @ http://localhost:5173/src/lib/api.ts:17
[  649934ms] [ERROR] Failed to load resource: the server responded with a status of 500 (Internal Server Error) @ http://localhost:5173/api/v1/dashboard/suggestions:0
[  649934ms] [ERROR] [API 500] Request failed (500) @ http://localhost:5173/src/lib/api.ts:17
[  651752ms] [ERROR] Failed to load resource: the server responded with a status of 500 (Internal Server Error) @ http://localhost:5173/api/v1/dashboard/kpis:0
[  651753ms] [ERROR] [API 500] Request failed (500) @ http://localhost:5173/src/lib/api.ts:17
[  653428ms] [ERROR] Failed to load resource: the server responded with a status of 500 (Internal Server Error) @ http://localhost:5173/api/v1/alerts:0
[  653428ms] [ERROR] [API 500] Request failed (500) @ http://localhost:5173/src/lib/api.ts:17
[  653590ms] [ERROR] Failed to load resource: the server responded with a status of 500 (Internal Server Error) @ http://localhost:5173/api/v1/interventions:0
[  653590ms] [ERROR] [API 500] Request failed (500) @ http://localhost:5173/src/lib/api.ts:17
[  654154ms] [ERROR] Failed to load resource: the server responded with a status of 500 (Internal Server Error) @ http://localhost:5173/api/v1/dashboard/suggestions:0
[  654154ms] [ERROR] [API 500] Request failed (500) @ http://localhost:5173/src/lib/api.ts:17
[  655599ms] [ERROR] Failed to load resource: the server responded with a status of 500 (Internal Server Error) @ http://localhost:5173/api/v1/interventions:0
[  655599ms] [ERROR] [API 500] Request failed (500) @ http://localhost:5173/src/lib/api.ts:17
[  656831ms] [ERROR] Failed to load resource: the server responded with a status of 500 (Internal Server Error) @ http://localhost:5173/api/v1/interventions:0
[  656832ms] [ERROR] [API 500] Request failed (500) @ http://localhost:5173/src/lib/api.ts:17
[  659146ms] [ERROR] Failed to load resource: the server responded with a status of 500 (Internal Server Error) @ http://localhost:5173/api/v1/interventions:0
[  659146ms] [ERROR] [API 500] Request failed (500) @ http://localhost:5173/src/lib/api.ts:17
[  663643ms] [ERROR] Failed to load resource: the server responded with a status of 500 (Internal Server Error) @ http://localhost:5173/api/v1/interventions:0
[  663643ms] [ERROR] [API 500] Request failed (500) @ http://localhost:5173/src/lib/api.ts:17
[  665386ms] [ERROR] WebSocket connection to 'ws://localhost:5173/ws/realtime' failed: Connection closed before receiving a handshake response @ http://localhost:5173/src/lib/websocket.ts:47
[  667652ms] [ERROR] Failed to load resource: the server responded with a status of 500 (Internal Server Error) @ http://localhost:5173/api/v1/interventions:0
[  667653ms] [ERROR] [API 500] Request failed (500) @ http://localhost:5173/src/lib/api.ts:17
[  668443ms] [ERROR] Failed to load resource: the server responded with a status of 500 (Internal Server Error) @ http://localhost:5173/api/v1/alerts/rich:0
[  668443ms] [ERROR] [API 500] Request failed (500) @ http://localhost:5173/src/lib/api.ts:17
[  669022ms] [ERROR] Failed to load resource: the server responded with a status of 500 (Internal Server Error) @ http://localhost:5173/api/v1/interventions:0
[  669022ms] [ERROR] [API 500] Request failed (500) @ http://localhost:5173/src/lib/api.ts:17
[  669579ms] [ERROR] Failed to load resource: the server responded with a status of 500 (Internal Server Error) @ http://localhost:5173/api/v1/alerts/rich:0
[  669579ms] [ERROR] [API 500] Request failed (500) @ http://localhost:5173/src/lib/api.ts:17
[  671515ms] [ERROR] Failed to load resource: the server responded with a status of 500 (Internal Server Error) @ http://localhost:5173/api/v1/interventions:0
[  671516ms] [ERROR] [API 500] Request failed (500) @ http://localhost:5173/src/lib/api.ts:17
[  671829ms] [ERROR] Failed to load resource: the server responded with a status of 500 (Internal Server Error) @ http://localhost:5173/api/v1/alerts/rich:0
[  671830ms] [ERROR] [API 500] Request failed (500) @ http://localhost:5173/src/lib/api.ts:17
[  675708ms] [ERROR] Failed to load resource: the server responded with a status of 500 (Internal Server Error) @ http://localhost:5173/api/v1/interventions:0
[  675708ms] [ERROR] [API 500] Request failed (500) @ http://localhost:5173/src/lib/api.ts:17
[  676248ms] [ERROR] Failed to load resource: the server responded with a status of 500 (Internal Server Error) @ http://localhost:5173/api/v1/alerts/rich:0
[  676248ms] [ERROR] [API 500] Request failed (500) @ http://localhost:5173/src/lib/api.ts:17
[  676251ms] [ERROR] Failed to load resource: the server responded with a status of 500 (Internal Server Error) @ http://localhost:5173/api/v1/alerts:0
[  676251ms] [ERROR] [API 500] Request failed (500) @ http://localhost:5173/src/lib/api.ts:17
[  677614ms] [ERROR] Failed to load resource: the server responded with a status of 500 (Internal Server Error) @ http://localhost:5173/api/v1/alerts:0
[  677614ms] [ERROR] [API 500] Request failed (500) @ http://localhost:5173/src/lib/api.ts:17
[  680087ms] [ERROR] Failed to load resource: the server responded with a status of 500 (Internal Server Error) @ http://localhost:5173/api/v1/alerts:0
[  680087ms] [ERROR] [API 500] Request failed (500) @ http://localhost:5173/src/lib/api.ts:17
[  681761ms] [ERROR] Failed to load resource: the server responded with a status of 500 (Internal Server Error) @ http://localhost:5173/api/v1/dashboard/kpis:0
[  681762ms] [ERROR] [API 500] Request failed (500) @ http://localhost:5173/src/lib/api.ts:17
[  682991ms] [ERROR] Failed to load resource: the server responded with a status of 500 (Internal Server Error) @ http://localhost:5173/api/v1/dashboard/kpis:0
[  682991ms] [ERROR] [API 500] Request failed (500) @ http://localhost:5173/src/lib/api.ts:17
[  684163ms] [ERROR] Failed to load resource: the server responded with a status of 500 (Internal Server Error) @ http://localhost:5173/api/v1/dashboard/suggestions:0
[  684163ms] [ERROR] [API 500] Request failed (500) @ http://localhost:5173/src/lib/api.ts:17
[  684288ms] [ERROR] Failed to load resource: the server responded with a status of 500 (Internal Server Error) @ http://localhost:5173/api/v1/alerts:0
[  684289ms] [ERROR] [API 500] Request failed (500) @ http://localhost:5173/src/lib/api.ts:17
[  685297ms] [ERROR] Failed to load resource: the server responded with a status of 500 (Internal Server Error) @ http://localhost:5173/api/v1/alerts/rich:0
[  685297ms] [ERROR] [API 500] Request failed (500) @ http://localhost:5173/src/lib/api.ts:17
[  685397ms] [ERROR] Failed to load resource: the server responded with a status of 500 (Internal Server Error) @ http://localhost:5173/api/v1/dashboard/kpis:0
[  685397ms] [ERROR] [API 500] Request failed (500) @ http://localhost:5173/src/lib/api.ts:17
[  685529ms] [ERROR] Failed to load resource: the server responded with a status of 500 (Internal Server Error) @ http://localhost:5173/api/v1/dashboard/suggestions:0
[  685529ms] [ERROR] [API 500] Request failed (500) @ http://localhost:5173/src/lib/api.ts:17
[  686759ms] [ERROR] Failed to load resource: the server responded with a status of 500 (Internal Server Error) @ http://localhost:5173/api/v1/alerts/rich:0
[  686759ms] [ERROR] [API 500] Request failed (500) @ http://localhost:5173/src/lib/api.ts:17
[  688028ms] [ERROR] Failed to load resource: the server responded with a status of 500 (Internal Server Error) @ http://localhost:5173/api/v1/dashboard/suggestions:0
[  688028ms] [ERROR] [API 500] Request failed (500) @ http://localhost:5173/src/lib/api.ts:17
[  689066ms] [ERROR] Failed to load resource: the server responded with a status of 500 (Internal Server Error) @ http://localhost:5173/api/v1/alerts/rich:0
[  689067ms] [ERROR] [API 500] Request failed (500) @ http://localhost:5173/src/lib/api.ts:17
[  689323ms] [ERROR] Failed to load resource: the server responded with a status of 500 (Internal Server Error) @ http://localhost:5173/api/v1/stations:0
[  689323ms] [ERROR] [API 500] Request failed (500) @ http://localhost:5173/src/lib/api.ts:17
[  689581ms] [ERROR] Failed to load resource: the server responded with a status of 500 (Internal Server Error) @ http://localhost:5173/api/v1/dashboard/kpis:0
[  689582ms] [ERROR] [API 500] Request failed (500) @ http://localhost:5173/src/lib/api.ts:17
[  690591ms] [ERROR] Failed to load resource: the server responded with a status of 500 (Internal Server Error) @ http://localhost:5173/api/v1/dashboard/kpis:0
[  690591ms] [ERROR] [API 500] Request failed (500) @ http://localhost:5173/src/lib/api.ts:17
[  690717ms] [ERROR] Failed to load resource: the server responded with a status of 500 (Internal Server Error) @ http://localhost:5173/api/v1/interventions:0
[  690717ms] [ERROR] [API 500] Request failed (500) @ http://localhost:5173/src/lib/api.ts:17
[  690822ms] [ERROR] Failed to load resource: the server responded with a status of 500 (Internal Server Error) @ http://localhost:5173/api/v1/stations:0
[  690822ms] [ERROR] [API 500] Request failed (500) @ http://localhost:5173/src/lib/api.ts:17
[  692083ms] [ERROR] Failed to load resource: the server responded with a status of 500 (Internal Server Error) @ http://localhost:5173/api/v1/dashboard/kpis:0
[  692083ms] [ERROR] [API 500] Request failed (500) @ http://localhost:5173/src/lib/api.ts:17
[  692089ms] [ERROR] Failed to load resource: the server responded with a status of 500 (Internal Server Error) @ http://localhost:5173/api/v1/interventions:0
[  692089ms] [ERROR] [API 500] Request failed (500) @ http://localhost:5173/src/lib/api.ts:17
[  692105ms] [ERROR] Failed to load resource: the server responded with a status of 500 (Internal Server Error) @ http://localhost:5173/api/v1/dashboard/suggestions:0
[  692106ms] [ERROR] [API 500] Request failed (500) @ http://localhost:5173/src/lib/api.ts:17
[  693114ms] [ERROR] Failed to load resource: the server responded with a status of 500 (Internal Server Error) @ http://localhost:5173/api/v1/dashboard/suggestions:0
[  693114ms] [ERROR] [API 500] Request failed (500) @ http://localhost:5173/src/lib/api.ts:17
[  693253ms] [ERROR] Failed to load resource: the server responded with a status of 500 (Internal Server Error) @ http://localhost:5173/api/v1/stations:0
[  693254ms] [ERROR] [API 500] Request failed (500) @ http://localhost:5173/src/lib/api.ts:17
[  693428ms] [ERROR] Failed to load resource: the server responded with a status of 500 (Internal Server Error) @ http://localhost:5173/api/v1/alerts/rich:0
[  693428ms] [ERROR] [API 500] Request failed (500) @ http://localhost:5173/src/lib/api.ts:17
[  693431ms] [ERROR] Failed to load resource: the server responded with a status of 500 (Internal Server Error) @ http://localhost:5173/api/v1/alerts:0
[  693431ms] [ERROR] [API 500] Request failed (500) @ http://localhost:5173/src/lib/api.ts:17
[  694239ms] [ERROR] Failed to load resource: the server responded with a status of 500 (Internal Server Error) @ http://localhost:5173/api/v1/dashboard/suggestions:0
[  694239ms] [ERROR] [API 500] Request failed (500) @ http://localhost:5173/src/lib/api.ts:17
[  694254ms] [ERROR] Failed to load resource: the server responded with a status of 500 (Internal Server Error) @ http://localhost:5173/api/v1/dashboard/kpis:0
[  694254ms] [ERROR] [API 500] Request failed (500) @ http://localhost:5173/src/lib/api.ts:17
[  694568ms] [ERROR] Failed to load resource: the server responded with a status of 500 (Internal Server Error) @ http://localhost:5173/api/v1/interventions:0
[  694569ms] [ERROR] [API 500] Request failed (500) @ http://localhost:5173/src/lib/api.ts:17
[  694751ms] [ERROR] Failed to load resource: the server responded with a status of 500 (Internal Server Error) @ http://localhost:5173/api/v1/alerts:0
[  694751ms] [ERROR] [API 500] Request failed (500) @ http://localhost:5173/src/lib/api.ts:17
[  695394ms] [ERROR] WebSocket connection to 'ws://localhost:5173/ws/realtime' failed: Connection closed before receiving a handshake response @ http://localhost:5173/src/lib/websocket.ts:47
[  696645ms] [ERROR] Failed to load resource: the server responded with a status of 500 (Internal Server Error) @ http://localhost:5173/api/v1/dashboard/suggestions:0
[  696645ms] [ERROR] [API 500] Request failed (500) @ http://localhost:5173/src/lib/api.ts:17
[  697237ms] [ERROR] Failed to load resource: the server responded with a status of 500 (Internal Server Error) @ http://localhost:5173/api/v1/alerts:0
[  697237ms] [ERROR] [API 500] Request failed (500) @ http://localhost:5173/src/lib/api.ts:17
[  697367ms] [ERROR] Failed to load resource: the server responded with a status of 500 (Internal Server Error) @ http://localhost:5173/api/v1/stations:0
[  697368ms] [ERROR] [API 500] Request failed (500) @ http://localhost:5173/src/lib/api.ts:17
[  698373ms] [ERROR] Failed to load resource: the server responded with a status of 500 (Internal Server Error) @ http://localhost:5173/api/v1/stations:0
[  698374ms] [ERROR] [API 500] Request failed (500) @ http://localhost:5173/src/lib/api.ts:17
[  698529ms] [ERROR] Failed to load resource: the server responded with a status of 500 (Internal Server Error) @ http://localhost:5173/api/v1/dashboard/kpis:0
[  698529ms] [ERROR] [API 500] Request failed (500) @ http://localhost:5173/src/lib/api.ts:17
[  698935ms] [ERROR] Failed to load resource: the server responded with a status of 500 (Internal Server Error) @ http://localhost:5173/api/v1/interventions:0
[  698936ms] [ERROR] [API 500] Request failed (500) @ http://localhost:5173/src/lib/api.ts:17
[  699382ms] [ERROR] Failed to load resource: the server responded with a status of 500 (Internal Server Error) @ http://localhost:5173/api/v1/stations:0
[  699382ms] [ERROR] [API 500] Request failed (500) @ http://localhost:5173/src/lib/api.ts:17
[  699944ms] [ERROR] Failed to load resource: the server responded with a status of 500 (Internal Server Error) @ http://localhost:5173/api/v1/interventions:0
[  699944ms] [ERROR] [API 500] Request failed (500) @ http://localhost:5173/src/lib/api.ts:17
[  700534ms] [ERROR] Failed to load resource: the server responded with a status of 500 (Internal Server Error) @ http://localhost:5173/api/v1/dashboard/kpis:0
[  700535ms] [ERROR] [API 500] Request failed (500) @ http://localhost:5173/src/lib/api.ts:17
[  700875ms] [ERROR] Failed to load resource: the server responded with a status of 500 (Internal Server Error) @ http://localhost:5173/api/v1/dashboard/suggestions:0
[  700876ms] [ERROR] [API 500] Request failed (500) @ http://localhost:5173/src/lib/api.ts:17
[  701022ms] [ERROR] Failed to load resource: the server responded with a status of 500 (Internal Server Error) @ http://localhost:5173/api/v1/interventions:0
[  701022ms] [ERROR] [API 500] Request failed (500) @ http://localhost:5173/src/lib/api.ts:17
[  701486ms] [ERROR] Failed to load resource: the server responded with a status of 500 (Internal Server Error) @ http://localhost:5173/api/v1/alerts:0
[  701486ms] [ERROR] [API 500] Request failed (500) @ http://localhost:5173/src/lib/api.ts:17
[  701732ms] [ERROR] Failed to load resource: the server responded with a status of 500 (Internal Server Error) @ http://localhost:5173/api/v1/stations:0
[  701733ms] [ERROR] [API 500] Request failed (500) @ http://localhost:5173/src/lib/api.ts:17
[  701773ms] [ERROR] Failed to load resource: the server responded with a status of 500 (Internal Server Error) @ http://localhost:5173/api/v1/dashboard/kpis:0
[  701773ms] [ERROR] [API 500] Request failed (500) @ http://localhost:5173/src/lib/api.ts:17
[  702881ms] [ERROR] Failed to load resource: the server responded with a status of 500 (Internal Server Error) @ http://localhost:5173/api/v1/dashboard/suggestions:0
[  702881ms] [ERROR] [API 500] Request failed (500) @ http://localhost:5173/src/lib/api.ts:17
[  703213ms] [ERROR] Failed to load resource: the server responded with a status of 500 (Internal Server Error) @ http://localhost:5173/api/v1/interventions:0
[  703213ms] [ERROR] [API 500] Request failed (500) @ http://localhost:5173/src/lib/api.ts:17
[  703495ms] [ERROR] Failed to load resource: the server responded with a status of 500 (Internal Server Error) @ http://localhost:5173/api/v1/alerts/rich:0
[  703495ms] [ERROR] [API 500] Request failed (500) @ http://localhost:5173/src/lib/api.ts:17
[  703805ms] [ERROR] Failed to load resource: the server responded with a status of 500 (Internal Server Error) @ http://localhost:5173/api/v1/dashboard/kpis:0
[  703805ms] [ERROR] [API 500] Request failed (500) @ http://localhost:5173/src/lib/api.ts:17
[  704136ms] [ERROR] Failed to load resource: the server responded with a status of 500 (Internal Server Error) @ http://localhost:5173/api/v1/dashboard/suggestions:0
[  704136ms] [ERROR] [API 500] Request failed (500) @ http://localhost:5173/src/lib/api.ts:17
[  704739ms] [ERROR] Failed to load resource: the server responded with a status of 500 (Internal Server Error) @ http://localhost:5173/api/v1/alerts/rich:0
[  704739ms] [ERROR] [API 500] Request failed (500) @ http://localhost:5173/src/lib/api.ts:17
[  706179ms] [ERROR] Failed to load resource: the server responded with a status of 500 (Internal Server Error) @ http://localhost:5173/api/v1/stations:0
[  706179ms] [ERROR] [API 500] Request failed (500) @ http://localhost:5173/src/lib/api.ts:17
[  706483ms] [ERROR] Failed to load resource: the server responded with a status of 500 (Internal Server Error) @ http://localhost:5173/api/v1/dashboard/suggestions:0
[  706484ms] [ERROR] [API 500] Request failed (500) @ http://localhost:5173/src/lib/api.ts:17
[  707090ms] [ERROR] Failed to load resource: the server responded with a status of 500 (Internal Server Error) @ http://localhost:5173/api/v1/alerts/rich:0
[  707090ms] [ERROR] [API 500] Request failed (500) @ http://localhost:5173/src/lib/api.ts:17
[  707473ms] [ERROR] Failed to load resource: the server responded with a status of 500 (Internal Server Error) @ http://localhost:5173/api/v1/interventions:0
[  707473ms] [ERROR] [API 500] Request failed (500) @ http://localhost:5173/src/lib/api.ts:17
[  708188ms] [ERROR] Failed to load resource: the server responded with a status of 500 (Internal Server Error) @ http://localhost:5173/api/v1/stations:0
[  708189ms] [ERROR] [API 500] Request failed (500) @ http://localhost:5173/src/lib/api.ts:17
[  708302ms] [ERROR] Failed to load resource: the server responded with a status of 500 (Internal Server Error) @ http://localhost:5173/api/v1/dashboard/kpis:0
[  708303ms] [ERROR] [API 500] Request failed (500) @ http://localhost:5173/src/lib/api.ts:17
[  709481ms] [ERROR] Failed to load resource: the server responded with a status of 500 (Internal Server Error) @ http://localhost:5173/api/v1/interventions:0
[  709482ms] [ERROR] [API 500] Request failed (500) @ http://localhost:5173/src/lib/api.ts:17
[  709518ms] [ERROR] Failed to load resource: the server responded with a status of 500 (Internal Server Error) @ http://localhost:5173/api/v1/stations:0
[  709519ms] [ERROR] [API 500] Request failed (500) @ http://localhost:5173/src/lib/api.ts:17
[  710663ms] [ERROR] Failed to load resource: the server responded with a status of 500 (Internal Server Error) @ http://localhost:5173/api/v1/interventions:0
[  710664ms] [ERROR] [API 500] Request failed (500) @ http://localhost:5173/src/lib/api.ts:17
[  710894ms] [ERROR] Failed to load resource: the server responded with a status of 500 (Internal Server Error) @ http://localhost:5173/api/v1/dashboard/suggestions:0
[  710894ms] [ERROR] [API 500] Request failed (500) @ http://localhost:5173/src/lib/api.ts:17
[  711529ms] [ERROR] Failed to load resource: the server responded with a status of 500 (Internal Server Error) @ http://localhost:5173/api/v1/alerts/rich:0
[  711530ms] [ERROR] [API 500] Request failed (500) @ http://localhost:5173/src/lib/api.ts:17
[  711532ms] [ERROR] Failed to load resource: the server responded with a status of 500 (Internal Server Error) @ http://localhost:5173/api/v1/alerts:0
[  711533ms] [ERROR] [API 500] Request failed (500) @ http://localhost:5173/src/lib/api.ts:17
[  711944ms] [ERROR] Failed to load resource: the server responded with a status of 500 (Internal Server Error) @ http://localhost:5173/api/v1/stations:0
[  711945ms] [ERROR] [API 500] Request failed (500) @ http://localhost:5173/src/lib/api.ts:17
[  712310ms] [ERROR] Failed to load resource: the server responded with a status of 500 (Internal Server Error) @ http://localhost:5173/api/v1/dashboard/kpis:0
[  712311ms] [ERROR] [API 500] Request failed (500) @ http://localhost:5173/src/lib/api.ts:17
[  712964ms] [ERROR] Failed to load resource: the server responded with a status of 500 (Internal Server Error) @ http://localhost:5173/api/v1/interventions:0
[  712964ms] [ERROR] [API 500] Request failed (500) @ http://localhost:5173/src/lib/api.ts:17
[  712967ms] [ERROR] Failed to load resource: the server responded with a status of 500 (Internal Server Error) @ http://localhost:5173/api/v1/alerts:0
[  712967ms] [ERROR] [API 500] Request failed (500) @ http://localhost:5173/src/lib/api.ts:17
[  713724ms] [ERROR] Failed to load resource: the server responded with a status of 500 (Internal Server Error) @ http://localhost:5173/api/v1/dashboard/kpis:0
[  713725ms] [ERROR] [API 500] Request failed (500) @ http://localhost:5173/src/lib/api.ts:17
[  714902ms] [ERROR] Failed to load resource: the server responded with a status of 500 (Internal Server Error) @ http://localhost:5173/api/v1/dashboard/suggestions:0
[  714903ms] [ERROR] [API 500] Request failed (500) @ http://localhost:5173/src/lib/api.ts:17
[  715253ms] [ERROR] Failed to load resource: the server responded with a status of 500 (Internal Server Error) @ http://localhost:5173/api/v1/alerts:0
[  715254ms] [ERROR] [API 500] Request failed (500) @ http://localhost:5173/src/lib/api.ts:17
[  715785ms] [ERROR] Failed to load resource: the server responded with a status of 500 (Internal Server Error) @ http://localhost:5173/api/v1/dashboard/kpis:0
[  715786ms] [ERROR] [API 500] Request failed (500) @ http://localhost:5173/src/lib/api.ts:17
[  716002ms] [ERROR] Failed to load resource: the server responded with a status of 500 (Internal Server Error) @ http://localhost:5173/api/v1/dashboard/suggestions:0
[  716002ms] [ERROR] [API 500] Request failed (500) @ http://localhost:5173/src/lib/api.ts:17
[  716131ms] [ERROR] Failed to load resource: the server responded with a status of 500 (Internal Server Error) @ http://localhost:5173/api/v1/stations:0
[  716131ms] [ERROR] [API 500] Request failed (500) @ http://localhost:5173/src/lib/api.ts:17
[  717392ms] [ERROR] Failed to load resource: the server responded with a status of 500 (Internal Server Error) @ http://localhost:5173/api/v1/interventions:0
[  717392ms] [ERROR] [API 500] Request failed (500) @ http://localhost:5173/src/lib/api.ts:17
[  718392ms] [ERROR] Failed to load resource: the server responded with a status of 500 (Internal Server Error) @ http://localhost:5173/api/v1/dashboard/suggestions:0
[  718392ms] [ERROR] [API 500] Request failed (500) @ http://localhost:5173/src/lib/api.ts:17
[  719306ms] [ERROR] Failed to load resource: the server responded with a status of 500 (Internal Server Error) @ http://localhost:5173/api/v1/alerts:0
[  719307ms] [ERROR] [API 500] Request failed (500) @ http://localhost:5173/src/lib/api.ts:17
[  720139ms] [ERROR] Failed to load resource: the server responded with a status of 500 (Internal Server Error) @ http://localhost:5173/api/v1/stations:0
[  720140ms] [ERROR] [API 500] Request failed (500) @ http://localhost:5173/src/lib/api.ts:17
[  720163ms] [ERROR] Failed to load resource: the server responded with a status of 500 (Internal Server Error) @ http://localhost:5173/api/v1/dashboard/kpis:0
[  720163ms] [ERROR] [API 500] Request failed (500) @ http://localhost:5173/src/lib/api.ts:17
[  721401ms] [ERROR] Failed to load resource: the server responded with a status of 500 (Internal Server Error) @ http://localhost:5173/api/v1/interventions:0
[  721401ms] [ERROR] [API 500] Request failed (500) @ http://localhost:5173/src/lib/api.ts:17
[  721554ms] [ERROR] Failed to load resource: the server responded with a status of 500 (Internal Server Error) @ http://localhost:5173/api/v1/stations:0
[  721555ms] [ERROR] [API 500] Request failed (500) @ http://localhost:5173/src/lib/api.ts:17
[  722450ms] [ERROR] Failed to load resource: the server responded with a status of 500 (Internal Server Error) @ http://localhost:5173/api/v1/interventions:0
[  722450ms] [ERROR] [API 500] Request failed (500) @ http://localhost:5173/src/lib/api.ts:17
[  722753ms] [ERROR] Failed to load resource: the server responded with a status of 500 (Internal Server Error) @ http://localhost:5173/api/v1/dashboard/suggestions:0
[  722754ms] [ERROR] [API 500] Request failed (500) @ http://localhost:5173/src/lib/api.ts:17
[  723314ms] [ERROR] Failed to load resource: the server responded with a status of 500 (Internal Server Error) @ http://localhost:5173/api/v1/alerts/rich:0
[  723314ms] [ERROR] [API 500] Request failed (500) @ http://localhost:5173/src/lib/api.ts:17
[  723600ms] [ERROR] Failed to load resource: the server responded with a status of 500 (Internal Server Error) @ http://localhost:5173/api/v1/stations:0
[  723601ms] [ERROR] [API 500] Request failed (500) @ http://localhost:5173/src/lib/api.ts:17
[  724370ms] [ERROR] Failed to load resource: the server responded with a status of 500 (Internal Server Error) @ http://localhost:5173/api/v1/alerts/rich:0
[  724371ms] [ERROR] [API 500] Request failed (500) @ http://localhost:5173/src/lib/api.ts:17
[  724772ms] [ERROR] Failed to load resource: the server responded with a status of 500 (Internal Server Error) @ http://localhost:5173/api/v1/interventions:0
[  724773ms] [ERROR] [API 500] Request failed (500) @ http://localhost:5173/src/lib/api.ts:17
[  725401ms] [ERROR] WebSocket connection to 'ws://localhost:5173/ws/realtime' failed: Connection closed before receiving a handshake response @ http://localhost:5173/src/lib/websocket.ts:47
[  726870ms] [ERROR] Failed to load resource: the server responded with a status of 500 (Internal Server Error) @ http://localhost:5173/api/v1/alerts/rich:0
[  726871ms] [ERROR] [API 500] Request failed (500) @ http://localhost:5173/src/lib/api.ts:17
[  728033ms] [ERROR] Failed to load resource: the server responded with a status of 500 (Internal Server Error) @ http://localhost:5173/api/v1/stations:0
[  728034ms] [ERROR] [API 500] Request failed (500) @ http://localhost:5173/src/lib/api.ts:17
[  729273ms] [ERROR] Failed to load resource: the server responded with a status of 500 (Internal Server Error) @ http://localhost:5173/api/v1/interventions:0
[  729273ms] [ERROR] [API 500] Request failed (500) @ http://localhost:5173/src/lib/api.ts:17
[  730885ms] [ERROR] Failed to load resource: the server responded with a status of 500 (Internal Server Error) @ http://localhost:5173/api/v1/alerts/rich:0
[  730885ms] [ERROR] [API 500] Request failed (500) @ http://localhost:5173/src/lib/api.ts:17
[  730888ms] [ERROR] Failed to load resource: the server responded with a status of 500 (Internal Server Error) @ http://localhost:5173/api/v1/alerts:0
[  730889ms] [ERROR] [API 500] Request failed (500) @ http://localhost:5173/src/lib/api.ts:17
[  732046ms] [ERROR] Failed to load resource: the server responded with a status of 500 (Internal Server Error) @ http://localhost:5173/api/v1/alerts:0
[  732046ms] [ERROR] [API 500] Request failed (500) @ http://localhost:5173/src/lib/api.ts:17
[  734083ms] [ERROR] Failed to load resource: the server responded with a status of 500 (Internal Server Error) @ http://localhost:5173/api/v1/alerts:0
[  734083ms] [ERROR] [API 500] Request failed (500) @ http://localhost:5173/src/lib/api.ts:17
[  738513ms] [ERROR] Failed to load resource: the server responded with a status of 500 (Internal Server Error) @ http://localhost:5173/api/v1/alerts:0
[  738514ms] [ERROR] [API 500] Request failed (500) @ http://localhost:5173/src/lib/api.ts:17
[  744281ms] [ERROR] Failed to load resource: the server responded with a status of 500 (Internal Server Error) @ http://localhost:5173/api/v1/interventions:0
[  744281ms] [ERROR] [API 500] Request failed (500) @ http://localhost:5173/src/lib/api.ts:17
[  745767ms] [ERROR] Failed to load resource: the server responded with a status of 500 (Internal Server Error) @ http://localhost:5173/api/v1/interventions:0
[  745768ms] [ERROR] [API 500] Request failed (500) @ http://localhost:5173/src/lib/api.ts:17
[  747874ms] [ERROR] Failed to load resource: the server responded with a status of 500 (Internal Server Error) @ http://localhost:5173/api/v1/interventions:0
[  747874ms] [ERROR] [API 500] Request failed (500) @ http://localhost:5173/src/lib/api.ts:17
[  750167ms] [ERROR] Failed to load resource: the server responded with a status of 500 (Internal Server Error) @ http://localhost:5173/api/v1/dashboard/kpis:0
[  750167ms] [ERROR] [API 500] Request failed (500) @ http://localhost:5173/src/lib/api.ts:17
[  751539ms] [ERROR] Failed to load resource: the server responded with a status of 500 (Internal Server Error) @ http://localhost:5173/api/v1/dashboard/kpis:0
[  751540ms] [ERROR] [API 500] Request failed (500) @ http://localhost:5173/src/lib/api.ts:17
[  752011ms] [ERROR] Failed to load resource: the server responded with a status of 500 (Internal Server Error) @ http://localhost:5173/api/v1/interventions:0
[  752012ms] [ERROR] [API 500] Request failed (500) @ http://localhost:5173/src/lib/api.ts:17
[  752762ms] [ERROR] Failed to load resource: the server responded with a status of 500 (Internal Server Error) @ http://localhost:5173/api/v1/dashboard/suggestions:0
[  752762ms] [ERROR] [API 500] Request failed (500) @ http://localhost:5173/src/lib/api.ts:17
[  753017ms] [ERROR] Failed to load resource: the server responded with a status of 500 (Internal Server Error) @ http://localhost:5173/api/v1/interventions:0
[  753017ms] [ERROR] [API 500] Request failed (500) @ http://localhost:5173/src/lib/api.ts:17
[  753527ms] [ERROR] Failed to load resource: the server responded with a status of 500 (Internal Server Error) @ http://localhost:5173/api/v1/alerts/rich:0
[  753528ms] [ERROR] [API 500] Request failed (500) @ http://localhost:5173/src/lib/api.ts:17
[  753633ms] [ERROR] Failed to load resource: the server responded with a status of 500 (Internal Server Error) @ http://localhost:5173/api/v1/dashboard/kpis:0
[  753634ms] [ERROR] [API 500] Request failed (500) @ http://localhost:5173/src/lib/api.ts:17
[  753825ms] [ERROR] Failed to load resource: the server responded with a status of 500 (Internal Server Error) @ http://localhost:5173/api/v1/dashboard/suggestions:0
[  753825ms] [ERROR] [API 500] Request failed (500) @ http://localhost:5173/src/lib/api.ts:17
[  754370ms] [ERROR] Failed to load resource: the server responded with a status of 500 (Internal Server Error) @ http://localhost:5173/api/v1/interventions:0
[  754370ms] [ERROR] [API 500] Request failed (500) @ http://localhost:5173/src/lib/api.ts:17
[  754793ms] [ERROR] Failed to load resource: the server responded with a status of 500 (Internal Server Error) @ http://localhost:5173/api/v1/alerts/rich:0
[  754794ms] [ERROR] [API 500] Request failed (500) @ http://localhost:5173/src/lib/api.ts:17
[  755406ms] [ERROR] WebSocket connection to 'ws://localhost:5173/ws/realtime' failed: Connection closed before receiving a handshake response @ http://localhost:5173/src/lib/websocket.ts:47
[  755949ms] [ERROR] Failed to load resource: the server responded with a status of 500 (Internal Server Error) @ http://localhost:5173/api/v1/dashboard/suggestions:0
[  755950ms] [ERROR] [API 500] Request failed (500) @ http://localhost:5173/src/lib/api.ts:17
[  756456ms] [ERROR] Failed to load resource: the server responded with a status of 500 (Internal Server Error) @ http://localhost:5173/api/v1/interventions:0
[  756457ms] [ERROR] [API 500] Request failed (500) @ http://localhost:5173/src/lib/api.ts:17
[  756973ms] [ERROR] Failed to load resource: the server responded with a status of 500 (Internal Server Error) @ http://localhost:5173/api/v1/alerts/rich:0
[  756974ms] [ERROR] [API 500] Request failed (500) @ http://localhost:5173/src/lib/api.ts:17
