[      40ms] [INFO] %cDownload the React DevTools for a better development experience: https://react.dev/link/react-devtools font-weight:bold @ http://localhost:5173/node_modules/.vite/deps/react-dom_client.js?v=cd6bad9c:20102
[      71ms] [ERROR] WebSocket connection to 'ws://localhost:5173/ws/realtime' failed: Error during WebSocket handshake: Unexpected response code: 403 @ http://localhost:5173/src/lib/websocket.ts:47
[     111ms] [ERROR] WebSocket connection to 'ws://localhost:5173/ws/realtime' failed: Error during WebSocket handshake: Unexpected response code: 403 @ http://localhost:5173/src/lib/websocket.ts:47
[     147ms] [ERROR] WebSocket connection to 'ws://localhost:5173/ws/realtime' failed: Error during WebSocket handshake: Unexpected response code: 403 @ http://localhost:5173/src/lib/websocket.ts:47
[     148ms] [ERROR] WebSocket connection to 'ws://localhost:5173/ws/realtime' failed: Error during WebSocket handshake: Unexpected response code: 403 @ http://localhost:5173/src/lib/websocket.ts:47
[    3889ms] [ERROR] WebSocket connection to 'ws://localhost:5173/ws/realtime' failed: Error during WebSocket handshake: Unexpected response code: 403 @ http://localhost:5173/src/lib/websocket.ts:47
[    9000ms] [ERROR] WebSocket connection to 'ws://localhost:5173/ws/realtime' failed: Error during WebSocket handshake: Unexpected response code: 403 @ http://localhost:5173/src/lib/websocket.ts:47
[   16076ms] [ERROR] WebSocket connection to 'ws://localhost:5173/ws/realtime' failed: Error during WebSocket handshake: Unexpected response code: 403 @ http://localhost:5173/src/lib/websocket.ts:47
[   26315ms] [ERROR] WebSocket connection to 'ws://localhost:5173/ws/realtime' failed: Error during WebSocket handshake: Unexpected response code: 403 @ http://localhost:5173/src/lib/websocket.ts:47
[   42286ms] [ERROR] WebSocket connection to 'ws://localhost:5173/ws/realtime' failed: Error during WebSocket handshake: Unexpected response code: 403 @ http://localhost:5173/src/lib/websocket.ts:47
[   66072ms] [ERROR] WebSocket connection to 'ws://localhost:5173/ws/realtime' failed: Error during WebSocket handshake: Unexpected response code: 403 @ http://localhost:5173/src/lib/websocket.ts:47
[   73149ms] [ERROR] Failed to load resource: the server responded with a status of 404 (Not Found) @ http://localhost:5173/api/v1/dashboard/kpi:0
[   74306ms] [ERROR] WebSocket connection to 'ws://localhost:5173/ws/realtime' failed: Error during WebSocket handshake: Unexpected response code: 403 @ :0
[   86620ms] [ERROR] Failed to load resource: the server responded with a status of 404 (Not Found) @ http://localhost:5173/api/v1/dashboard/kpi:0
[   93402ms] [ERROR] WebSocket connection to 'ws://localhost:8000/ws/realtime' failed: Error during WebSocket handshake: Unexpected response code: 403 @ :0
[   96093ms] [ERROR] WebSocket connection to 'ws://localhost:5173/ws/realtime' failed: Error during WebSocket handshake: Unexpected response code: 403 @ http://localhost:5173/src/lib/websocket.ts:47
[  126120ms] [ERROR] WebSocket connection to 'ws://localhost:5173/ws/realtime' failed: Error during WebSocket handshake: Unexpected response code: 403 @ http://localhost:5173/src/lib/websocket.ts:47
[  156146ms] [ERROR] WebSocket connection to 'ws://localhost:5173/ws/realtime' failed: Error during WebSocket handshake: Unexpected response code: 403 @ http://localhost:5173/src/lib/websocket.ts:47
[  186163ms] [ERROR] WebSocket connection to 'ws://localhost:5173/ws/realtime' failed: Error during WebSocket handshake: Unexpected response code: 403 @ http://localhost:5173/src/lib/websocket.ts:47
[  216194ms] [ERROR] WebSocket connection to 'ws://localhost:5173/ws/realtime' failed: Error during WebSocket handshake: Unexpected response code: 403 @ http://localhost:5173/src/lib/websocket.ts:47
[  246199ms] [ERROR] WebSocket connection to 'ws://localhost:5173/ws/realtime' failed: Error during WebSocket handshake: Unexpected response code: 403 @ http://localhost:5173/src/lib/websocket.ts:47
[  270203ms] [ERROR] Failed to load resource: the server responded with a status of 500 (Internal Server Error) @ http://localhost:5173/api/v1/dashboard/kpis:0
[  270204ms] [ERROR] [API 500] Request failed (500) @ http://localhost:5173/src/lib/api.ts:17
[  270205ms] [ERROR] Failed to load resource: the server responded with a status of 500 (Internal Server Error) @ http://localhost:5173/api/v1/dashboard/suggestions:0
[  270205ms] [ERROR] [API 500] Request failed (500) @ http://localhost:5173/src/lib/api.ts:17
[  270284ms] [ERROR] Failed to load resource: the server responded with a status of 500 (Internal Server Error) @ http://localhost:5173/api/v1/alerts/rich:0
[  270284ms] [ERROR] [API 500] Request failed (500) @ http://localhost:5173/src/lib/api.ts:17
[  270285ms] [ERROR] Failed to load resource: the server responded with a status of 500 (Internal Server Error) @ http://localhost:5173/api/v1/interventions:0
[  270285ms] [ERROR] [API 500] Request failed (500) @ http://localhost:5173/src/lib/api.ts:17
[  271379ms] [ERROR] Failed to load resource: the server responded with a status of 500 (Internal Server Error) @ http://localhost:5173/api/v1/dashboard/kpis:0
[  271379ms] [ERROR] [API 500] Request failed (500) @ http://localhost:5173/src/lib/api.ts:17
[  271562ms] [ERROR] Failed to load resource: the server responded with a status of 500 (Internal Server Error) @ http://localhost:5173/api/v1/dashboard/suggestions:0
[  271562ms] [ERROR] [API 500] Request failed (500) @ http://localhost:5173/src/lib/api.ts:17
[  271568ms] [ERROR] Failed to load resource: the server responded with a status of 500 (Internal Server Error) @ http://localhost:5173/api/v1/interventions:0
[  271568ms] [ERROR] [API 500] Request failed (500) @ http://localhost:5173/src/lib/api.ts:17
[  271761ms] [ERROR] Failed to load resource: the server responded with a status of 500 (Internal Server Error) @ http://localhost:5173/api/v1/alerts/rich:0
[  271761ms] [ERROR] [API 500] Request failed (500) @ http://localhost:5173/src/lib/api.ts:17
[  271772ms] [LOG] [vite] server connection lost. Polling for restart... @ http://localhost:5173/@vite/client:963
[  271773ms] [ERROR] WebSocket connection to 'ws://localhost:5173/' failed: Error in connection establishment: net::ERR_CONNECTION_REFUSED @ http://localhost:5173/@vite/client:1034
[  272776ms] [ERROR] WebSocket connection to 'ws://localhost:5173/' failed: Error in connection establishment: net::ERR_CONNECTION_REFUSED @ http://localhost:5173/@vite/client:1034
[  273663ms] [ERROR] [API] Network error: no response received @ http://localhost:5173/src/lib/api.ts:19
[  273663ms] [ERROR] Failed to load resource: net::ERR_CONNECTION_REFUSED @ http://localhost:5173/api/v1/interventions:0
[  273779ms] [ERROR] WebSocket connection to 'ws://localhost:5173/' failed: Error in connection establishment: net::ERR_CONNECTION_REFUSED @ http://localhost:5173/@vite/client:1034
[  273870ms] [ERROR] [API] Network error: no response received @ http://localhost:5173/src/lib/api.ts:19
[  273870ms] [ERROR] Failed to load resource: net::ERR_CONNECTION_REFUSED @ http://localhost:5173/api/v1/dashboard/kpis:0
[  273870ms] [ERROR] [API] Network error: no response received @ http://localhost:5173/src/lib/api.ts:19
[  273870ms] [ERROR] Failed to load resource: net::ERR_CONNECTION_REFUSED @ http://localhost:5173/api/v1/dashboard/suggestions:0
[  274036ms] [ERROR] [API] Network error: no response received @ http://localhost:5173/src/lib/api.ts:19
[  274036ms] [ERROR] Failed to load resource: net::ERR_CONNECTION_REFUSED @ http://localhost:5173/api/v1/alerts/rich:0
[  274784ms] [ERROR] WebSocket connection to 'ws://localhost:5173/' failed: Error in connection establishment: net::ERR_CONNECTION_REFUSED @ http://localhost:5173/@vite/client:1034
[  275786ms] [ERROR] WebSocket connection to 'ws://localhost:5173/' failed: Error in connection establishment: net::ERR_CONNECTION_REFUSED @ http://localhost:5173/@vite/client:1034
[  276204ms] [ERROR] WebSocket connection to 'ws://localhost:5173/ws/realtime' failed: Error in connection establishment: net::ERR_CONNECTION_REFUSED @ http://localhost:5173/src/lib/websocket.ts:47
[  276791ms] [ERROR] WebSocket connection to 'ws://localhost:5173/' failed: Error in connection establishment: net::ERR_CONNECTION_REFUSED @ http://localhost:5173/@vite/client:1034
[  277797ms] [ERROR] WebSocket connection to 'ws://localhost:5173/' failed: Error in connection establishment: net::ERR_CONNECTION_REFUSED @ http://localhost:5173/@vite/client:1034
[  277831ms] [ERROR] [API] Network error: no response received @ http://localhost:5173/src/lib/api.ts:19
[  277832ms] [ERROR] Failed to load resource: net::ERR_CONNECTION_REFUSED @ http://localhost:5173/api/v1/interventions:0
[  278296ms] [ERROR] [API] Network error: no response received @ http://localhost:5173/src/lib/api.ts:19
[  278297ms] [ERROR] Failed to load resource: net::ERR_CONNECTION_REFUSED @ http://localhost:5173/api/v1/dashboard/suggestions:0
[  278297ms] [ERROR] [API] Network error: no response received @ http://localhost:5173/src/lib/api.ts:19
[  278298ms] [ERROR] Failed to load resource: net::ERR_CONNECTION_REFUSED @ http://localhost:5173/api/v1/dashboard/kpis:0
[  278333ms] [ERROR] [API] Network error: no response received @ http://localhost:5173/src/lib/api.ts:19
[  278333ms] [ERROR] Failed to load resource: net::ERR_CONNECTION_REFUSED @ http://localhost:5173/api/v1/alerts/rich:0
[  278334ms] [ERROR] [API] Network error: no response received @ http://localhost:5173/src/lib/api.ts:19
[  278334ms] [ERROR] Failed to load resource: net::ERR_CONNECTION_REFUSED @ http://localhost:5173/api/v1/alerts:0
[  278807ms] [ERROR] WebSocket connection to 'ws://localhost:5173/' failed: Error in connection establishment: net::ERR_CONNECTION_REFUSED @ http://localhost:5173/@vite/client:1034
[  278838ms] [ERROR] [API] Network error: no response received @ http://localhost:5173/src/lib/api.ts:19
[  278838ms] [ERROR] Failed to load resource: net::ERR_CONNECTION_REFUSED @ http://localhost:5173/api/v1/interventions:0
[  279303ms] [ERROR] [API] Network error: no response received @ http://localhost:5173/src/lib/api.ts:19
[  279303ms] [ERROR] Failed to load resource: net::ERR_CONNECTION_REFUSED @ http://localhost:5173/api/v1/dashboard/suggestions:0
[  279303ms] [ERROR] [API] Network error: no response received @ http://localhost:5173/src/lib/api.ts:19
[  279303ms] [ERROR] Failed to load resource: net::ERR_CONNECTION_REFUSED @ http://localhost:5173/api/v1/dashboard/kpis:0
[  279341ms] [ERROR] [API] Network error: no response received @ http://localhost:5173/src/lib/api.ts:19
[  279341ms] [ERROR] Failed to load resource: net::ERR_CONNECTION_REFUSED @ http://localhost:5173/api/v1/alerts:0
[  279834ms] [ERROR] WebSocket connection to 'ws://localhost:5173/' failed: Error in connection establishment: net::ERR_CONNECTION_REFUSED @ http://localhost:5173/@vite/client:1034
[  280062ms] [ERROR] [API] Network error: no response received @ http://localhost:5173/src/lib/api.ts:19
[  280062ms] [ERROR] Failed to load resource: net::ERR_CONNECTION_REFUSED @ http://localhost:5173/api/v1/interventions:0
[  280589ms] [ERROR] [API] Network error: no response received @ http://localhost:5173/src/lib/api.ts:19
[  280589ms] [ERROR] Failed to load resource: net::ERR_CONNECTION_REFUSED @ http://localhost:5173/api/v1/dashboard/suggestions:0
[  280788ms] [ERROR] [API] Network error: no response received @ http://localhost:5173/src/lib/api.ts:19
[  280788ms] [ERROR] Failed to load resource: net::ERR_CONNECTION_REFUSED @ http://localhost:5173/api/v1/dashboard/kpis:0
[  280862ms] [ERROR] WebSocket connection to 'ws://localhost:5173/' failed: Error in connection establishment: net::ERR_CONNECTION_REFUSED @ http://localhost:5173/@vite/client:1034
[  281584ms] [ERROR] [API] Network error: no response received @ http://localhost:5173/src/lib/api.ts:19
[  281584ms] [ERROR] Failed to load resource: net::ERR_CONNECTION_REFUSED @ http://localhost:5173/api/v1/alerts:0
[  281896ms] [ERROR] WebSocket connection to 'ws://localhost:5173/' failed: Error in connection establishment: net::ERR_CONNECTION_REFUSED @ http://localhost:5173/@vite/client:1034
[  282150ms] [ERROR] [API] Network error: no response received @ http://localhost:5173/src/lib/api.ts:19
[  282150ms] [ERROR] Failed to load resource: net::ERR_CONNECTION_REFUSED @ http://localhost:5173/api/v1/interventions:0
[  282694ms] [ERROR] [API] Network error: no response received @ http://localhost:5173/src/lib/api.ts:19
[  282694ms] [ERROR] Failed to load resource: net::ERR_CONNECTION_REFUSED @ http://localhost:5173/api/v1/dashboard/suggestions:0
[  282967ms] [ERROR] WebSocket connection to 'ws://localhost:5173/' failed: Error in connection establishment: net::ERR_CONNECTION_REFUSED @ http://localhost:5173/@vite/client:1034
[  283063ms] [ERROR] [API] Network error: no response received @ http://localhost:5173/src/lib/api.ts:19
[  283063ms] [ERROR] Failed to load resource: net::ERR_CONNECTION_REFUSED @ http://localhost:5173/api/v1/dashboard/kpis:0
[  284188ms] [ERROR] WebSocket connection to 'ws://localhost:5173/' failed: Error in connection establishment: net::ERR_CONNECTION_REFUSED @ http://localhost:5173/@vite/client:1034
[  285687ms] [ERROR] WebSocket connection to 'ws://localhost:5173/' failed: Error in connection establishment: net::ERR_CONNECTION_REFUSED @ http://localhost:5173/@vite/client:1034
[  285834ms] [ERROR] [API] Network error: no response received @ http://localhost:5173/src/lib/api.ts:19
[  285835ms] [ERROR] Failed to load resource: net::ERR_CONNECTION_REFUSED @ http://localhost:5173/api/v1/alerts:0
[  286191ms] [ERROR] [API] Network error: no response received @ http://localhost:5173/src/lib/api.ts:19
[  286191ms] [ERROR] Failed to load resource: net::ERR_CONNECTION_REFUSED @ http://localhost:5173/api/v1/interventions:0
[  286839ms] [ERROR] [API] Network error: no response received @ http://localhost:5173/src/lib/api.ts:19
[  286839ms] [ERROR] Failed to load resource: net::ERR_CONNECTION_REFUSED @ http://localhost:5173/api/v1/alerts/rich:0
[  287013ms] [ERROR] [API] Network error: no response received @ http://localhost:5173/src/lib/api.ts:19
[  287014ms] [ERROR] Failed to load resource: net::ERR_CONNECTION_REFUSED @ http://localhost:5173/api/v1/dashboard/suggestions:0
[  287061ms] [ERROR] WebSocket connection to 'ws://localhost:5173/' failed: Error in connection establishment: net::ERR_CONNECTION_REFUSED @ http://localhost:5173/@vite/client:1034
[  287118ms] [ERROR] [API] Network error: no response received @ http://localhost:5173/src/lib/api.ts:19
[  287118ms] [ERROR] Failed to load resource: net::ERR_CONNECTION_REFUSED @ http://localhost:5173/api/v1/dashboard/kpis:0
[  287868ms] [ERROR] [API] Network error: no response received @ http://localhost:5173/src/lib/api.ts:19
[  287868ms] [ERROR] Failed to load resource: net::ERR_CONNECTION_REFUSED @ http://localhost:5173/api/v1/alerts/rich:0
[  288196ms] [ERROR] [API] Network error: no response received @ http://localhost:5173/src/lib/api.ts:19
[  288197ms] [ERROR] Failed to load resource: net::ERR_CONNECTION_REFUSED @ http://localhost:5173/api/v1/interventions:0
[  289019ms] [ERROR] [API] Network error: no response received @ http://localhost:5173/src/lib/api.ts:19
[  289019ms] [ERROR] Failed to load resource: net::ERR_CONNECTION_REFUSED @ http://localhost:5173/api/v1/dashboard/suggestions:0
[  289122ms] [ERROR] [API] Network error: no response received @ http://localhost:5173/src/lib/api.ts:19
[  289122ms] [ERROR] Failed to load resource: net::ERR_CONNECTION_REFUSED @ http://localhost:5173/api/v1/dashboard/kpis:0
[  289331ms] [ERROR] [API] Network error: no response received @ http://localhost:5173/src/lib/api.ts:19
[  289331ms] [ERROR] Failed to load resource: net::ERR_CONNECTION_REFUSED @ http://localhost:5173/api/v1/interventions:0
[  289577ms] [ERROR] WebSocket connection to 'ws://localhost:5173/' failed: Error in connection establishment: net::ERR_CONNECTION_REFUSED @ http://localhost:5173/@vite/client:1034
[  290065ms] [ERROR] [API] Network error: no response received @ http://localhost:5173/src/lib/api.ts:19
[  290065ms] [ERROR] Failed to load resource: net::ERR_CONNECTION_REFUSED @ http://localhost:5173/api/v1/dashboard/suggestions:0
[  290139ms] [ERROR] [API] Network error: no response received @ http://localhost:5173/src/lib/api.ts:19
[  290139ms] [ERROR] Failed to load resource: net::ERR_CONNECTION_REFUSED @ http://localhost:5173/api/v1/alerts/rich:0
[  290331ms] [ERROR] [API] Network error: no response received @ http://localhost:5173/src/lib/api.ts:19
[  290332ms] [ERROR] Failed to load resource: net::ERR_CONNECTION_REFUSED @ http://localhost:5173/api/v1/dashboard/kpis:0
[  291568ms] [ERROR] [API] Network error: no response received @ http://localhost:5173/src/lib/api.ts:19
[  291568ms] [ERROR] Failed to load resource: net::ERR_CONNECTION_REFUSED @ http://localhost:5173/api/v1/interventions:0
[  292475ms] [ERROR] [API] Network error: no response received @ http://localhost:5173/src/lib/api.ts:19
[  292475ms] [ERROR] Failed to load resource: net::ERR_CONNECTION_REFUSED @ http://localhost:5173/api/v1/dashboard/suggestions:0
[  292547ms] [ERROR] [API] Network error: no response received @ http://localhost:5173/src/lib/api.ts:19
[  292547ms] [ERROR] Failed to load resource: net::ERR_CONNECTION_REFUSED @ http://localhost:5173/api/v1/dashboard/kpis:0
[  292559ms] [ERROR] WebSocket connection to 'ws://localhost:5173/' failed: Error in connection establishment: net::ERR_CONNECTION_REFUSED @ http://localhost:5173/@vite/client:1034
[  294600ms] [ERROR] [API] Network error: no response received @ http://localhost:5173/src/lib/api.ts:19
[  294601ms] [ERROR] Failed to load resource: net::ERR_CONNECTION_REFUSED @ http://localhost:5173/api/v1/alerts/rich:0
[  294602ms] [ERROR] [API] Network error: no response received @ http://localhost:5173/src/lib/api.ts:19
[  294603ms] [ERROR] Failed to load resource: net::ERR_CONNECTION_REFUSED @ http://localhost:5173/api/v1/alerts:0
[  295605ms] [ERROR] [API] Network error: no response received @ http://localhost:5173/src/lib/api.ts:19
[  295605ms] [ERROR] Failed to load resource: net::ERR_CONNECTION_REFUSED @ http://localhost:5173/api/v1/interventions:0
[  295784ms] [ERROR] [API] Network error: no response received @ http://localhost:5173/src/lib/api.ts:19
[  295784ms] [ERROR] Failed to load resource: net::ERR_CONNECTION_REFUSED @ http://localhost:5173/api/v1/alerts:0
[  296594ms] [ERROR] [API] Network error: no response received @ http://localhost:5173/src/lib/api.ts:19
[  296594ms] [ERROR] Failed to load resource: net::ERR_CONNECTION_REFUSED @ http://localhost:5173/api/v1/dashboard/kpis:0
[  296904ms] [ERROR] [API] Network error: no response received @ http://localhost:5173/src/lib/api.ts:19
[  296905ms] [ERROR] Failed to load resource: net::ERR_CONNECTION_REFUSED @ http://localhost:5173/api/v1/dashboard/suggestions:0
[  297925ms] [ERROR] WebSocket connection to 'ws://localhost:5173/' failed: Error in connection establishment: net::ERR_CONNECTION_REFUSED @ http://localhost:5173/@vite/client:1034
[  298274ms] [ERROR] [API] Network error: no response received @ http://localhost:5173/src/lib/api.ts:19
[  298274ms] [ERROR] Failed to load resource: net::ERR_CONNECTION_REFUSED @ http://localhost:5173/api/v1/alerts:0
[  299611ms] [ERROR] [API] Network error: no response received @ http://localhost:5173/src/lib/api.ts:19
[  299611ms] [ERROR] Failed to load resource: net::ERR_CONNECTION_REFUSED @ http://localhost:5173/api/v1/interventions:0
[  300189ms] [ERROR] [API] Network error: no response received @ http://localhost:5173/src/lib/api.ts:19
[  300189ms] [ERROR] Failed to load resource: net::ERR_CONNECTION_REFUSED @ http://localhost:5173/api/v1/stations:0
[  300438ms] [ERROR] WebSocket connection to 'ws://localhost:5173/' failed: Error in connection establishment: net::ERR_CONNECTION_REFUSED @ http://localhost:5173/@vite/client:1034
[  300599ms] [ERROR] [API] Network error: no response received @ http://localhost:5173/src/lib/api.ts:19
[  300599ms] [ERROR] Failed to load resource: net::ERR_CONNECTION_REFUSED @ http://localhost:5173/api/v1/dashboard/kpis:0
[  300695ms] [ERROR] [API] Network error: no response received @ http://localhost:5173/src/lib/api.ts:19
[  300695ms] [ERROR] Failed to load resource: net::ERR_CONNECTION_REFUSED @ http://localhost:5173/api/v1/interventions:0
[  300909ms] [ERROR] [API] Network error: no response received @ http://localhost:5173/src/lib/api.ts:19
[  300909ms] [ERROR] Failed to load resource: net::ERR_CONNECTION_REFUSED @ http://localhost:5173/api/v1/dashboard/suggestions:0
[  301193ms] [ERROR] [API] Network error: no response received @ http://localhost:5173/src/lib/api.ts:19
[  301194ms] [ERROR] Failed to load resource: net::ERR_CONNECTION_REFUSED @ http://localhost:5173/api/v1/stations:0
[  301783ms] [ERROR] [API] Network error: no response received @ http://localhost:5173/src/lib/api.ts:19
[  301783ms] [ERROR] Failed to load resource: net::ERR_CONNECTION_REFUSED @ http://localhost:5173/api/v1/dashboard/kpis:0
[  302210ms] [ERROR] [API] Network error: no response received @ http://localhost:5173/src/lib/api.ts:19
[  302210ms] [ERROR] Failed to load resource: net::ERR_CONNECTION_REFUSED @ http://localhost:5173/api/v1/dashboard/suggestions:0
[  302771ms] [ERROR] [API] Network error: no response received @ http://localhost:5173/src/lib/api.ts:19
[  302771ms] [ERROR] Failed to load resource: net::ERR_CONNECTION_REFUSED @ http://localhost:5173/api/v1/alerts:0
[  303125ms] [ERROR] [API] Network error: no response received @ http://localhost:5173/src/lib/api.ts:19
[  303125ms] [ERROR] Failed to load resource: net::ERR_CONNECTION_REFUSED @ http://localhost:5173/api/v1/interventions:0
[  303393ms] [ERROR] [API] Network error: no response received @ http://localhost:5173/src/lib/api.ts:19
[  303393ms] [ERROR] Failed to load resource: net::ERR_CONNECTION_REFUSED @ http://localhost:5173/api/v1/stations:0
[  304280ms] [ERROR] [API] Network error: no response received @ http://localhost:5173/src/lib/api.ts:19
[  304280ms] [ERROR] Failed to load resource: net::ERR_CONNECTION_REFUSED @ http://localhost:5173/api/v1/dashboard/kpis:0
[  304591ms] [ERROR] WebSocket connection to 'ws://localhost:5173/' failed: Error in connection establishment: net::ERR_CONNECTION_REFUSED @ http://localhost:5173/@vite/client:1034
[  304678ms] [ERROR] [API] Network error: no response received @ http://localhost:5173/src/lib/api.ts:19
[  304678ms] [ERROR] Failed to load resource: net::ERR_CONNECTION_REFUSED @ http://localhost:5173/api/v1/dashboard/suggestions:0
[  304778ms] [ERROR] [API] Network error: no response received @ http://localhost:5173/src/lib/api.ts:19
[  304778ms] [ERROR] Failed to load resource: net::ERR_CONNECTION_REFUSED @ http://localhost:5173/api/v1/alerts/rich:0
[  305961ms] [ERROR] [API] Network error: no response received @ http://localhost:5173/src/lib/api.ts:19
[  305962ms] [ERROR] Failed to load resource: net::ERR_CONNECTION_REFUSED @ http://localhost:5173/api/v1/alerts/rich:0
[  307132ms] [ERROR] [API] Network error: no response received @ http://localhost:5173/src/lib/api.ts:19
[  307132ms] [ERROR] Failed to load resource: net::ERR_CONNECTION_REFUSED @ http://localhost:5173/api/v1/interventions:0
[  307578ms] [ERROR] [API] Network error: no response received @ http://localhost:5173/src/lib/api.ts:19
[  307578ms] [ERROR] Failed to load resource: net::ERR_CONNECTION_REFUSED @ http://localhost:5173/api/v1/stations:0
[  308360ms] [ERROR] [API] Network error: no response received @ http://localhost:5173/src/lib/api.ts:19
[  308360ms] [ERROR] Failed to load resource: net::ERR_CONNECTION_REFUSED @ http://localhost:5173/api/v1/alerts/rich:0
[  308398ms] [ERROR] [API] Network error: no response received @ http://localhost:5173/src/lib/api.ts:19
[  308399ms] [ERROR] Failed to load resource: net::ERR_CONNECTION_REFUSED @ http://localhost:5173/api/v1/dashboard/kpis:0
[  308582ms] [ERROR] [API] Network error: no response received @ http://localhost:5173/src/lib/api.ts:19
[  308582ms] [ERROR] Failed to load resource: net::ERR_CONNECTION_REFUSED @ http://localhost:5173/api/v1/stations:0
[  308710ms] [ERROR] [API] Network error: no response received @ http://localhost:5173/src/lib/api.ts:19
[  308710ms] [ERROR] Failed to load resource: net::ERR_CONNECTION_REFUSED @ http://localhost:5173/api/v1/dashboard/suggestions:0
[  308933ms] [ERROR] WebSocket connection to 'ws://localhost:5173/ws/realtime' failed: Error in connection establishment: net::ERR_CONNECTION_REFUSED @ http://localhost:5173/src/lib/websocket.ts:47
[  309678ms] [ERROR] WebSocket connection to 'ws://localhost:5173/' failed: Error in connection establishment: net::ERR_CONNECTION_REFUSED @ http://localhost:5173/@vite/client:1034
[  310063ms] [ERROR] [API] Network error: no response received @ http://localhost:5173/src/lib/api.ts:19
[  310063ms] [ERROR] Failed to load resource: net::ERR_CONNECTION_REFUSED @ http://localhost:5173/api/v1/stations:0
[  312136ms] [ERROR] [API] Network error: no response received @ http://localhost:5173/src/lib/api.ts:19
[  312136ms] [ERROR] Failed to load resource: net::ERR_CONNECTION_REFUSED @ http://localhost:5173/api/v1/stations:0
[  312490ms] [ERROR] [API] Network error: no response received @ http://localhost:5173/src/lib/api.ts:19
[  312491ms] [ERROR] Failed to load resource: net::ERR_CONNECTION_REFUSED @ http://localhost:5173/api/v1/alerts/rich:0
[  312491ms] [ERROR] [API] Network error: no response received @ http://localhost:5173/src/lib/api.ts:19
[  312492ms] [ERROR] Failed to load resource: net::ERR_CONNECTION_REFUSED @ http://localhost:5173/api/v1/alerts:0
[  313831ms] [ERROR] [API] Network error: no response received @ http://localhost:5173/src/lib/api.ts:19
[  313831ms] [ERROR] Failed to load resource: net::ERR_CONNECTION_REFUSED @ http://localhost:5173/api/v1/alerts:0
[  313936ms] [ERROR] WebSocket connection to 'ws://localhost:5173/' failed: Error in connection establishment: net::ERR_CONNECTION_REFUSED @ http://localhost:5173/@vite/client:1034
[  316091ms] [ERROR] [API] Network error: no response received @ http://localhost:5173/src/lib/api.ts:19
[  316091ms] [ERROR] Failed to load resource: net::ERR_CONNECTION_REFUSED @ http://localhost:5173/api/v1/alerts:0
[  316417ms] [ERROR] [API] Network error: no response received @ http://localhost:5173/src/lib/api.ts:19
[  316417ms] [ERROR] Failed to load resource: net::ERR_CONNECTION_REFUSED @ http://localhost:5173/api/v1/stations:0
[  318423ms] [ERROR] [API] Network error: no response received @ http://localhost:5173/src/lib/api.ts:19
[  318424ms] [ERROR] Failed to load resource: net::ERR_CONNECTION_REFUSED @ http://localhost:5173/api/v1/stations:0
[  318835ms] [ERROR] WebSocket connection to 'ws://localhost:5173/' failed: Error in connection establishment: net::ERR_CONNECTION_REFUSED @ http://localhost:5173/@vite/client:1034
[  319838ms] [ERROR] [API] Network error: no response received @ http://localhost:5173/src/lib/api.ts:19
[  319838ms] [ERROR] Failed to load resource: net::ERR_CONNECTION_REFUSED @ http://localhost:5173/api/v1/stations:0
[  320328ms] [ERROR] [API] Network error: no response received @ http://localhost:5173/src/lib/api.ts:19
[  320329ms] [ERROR] Failed to load resource: net::ERR_CONNECTION_REFUSED @ http://localhost:5173/api/v1/alerts:0
[  321898ms] [ERROR] [API] Network error: no response received @ http://localhost:5173/src/lib/api.ts:19
[  321899ms] [ERROR] Failed to load resource: net::ERR_CONNECTION_REFUSED @ http://localhost:5173/api/v1/stations:0
[  322136ms] [ERROR] [API] Network error: no response received @ http://localhost:5173/src/lib/api.ts:19
[  322136ms] [ERROR] Failed to load resource: net::ERR_CONNECTION_REFUSED @ http://localhost:5173/api/v1/interventions:0
[  323438ms] [ERROR] [API] Network error: no response received @ http://localhost:5173/src/lib/api.ts:19
[  323438ms] [ERROR] Failed to load resource: net::ERR_CONNECTION_REFUSED @ http://localhost:5173/api/v1/interventions:0
[  324183ms] [ERROR] WebSocket connection to 'ws://localhost:5173/' failed: Error in connection establishment: net::ERR_CONNECTION_REFUSED @ http://localhost:5173/@vite/client:1034
[  324336ms] [ERROR] [API] Network error: no response received @ http://localhost:5173/src/lib/api.ts:19
[  324336ms] [ERROR] Failed to load resource: net::ERR_CONNECTION_REFUSED @ http://localhost:5173/api/v1/alerts/rich:0
[  325350ms] [ERROR] [API] Network error: no response received @ http://localhost:5173/src/lib/api.ts:19
[  325350ms] [ERROR] Failed to load resource: net::ERR_CONNECTION_REFUSED @ http://localhost:5173/api/v1/alerts/rich:0
[  325847ms] [ERROR] [API] Network error: no response received @ http://localhost:5173/src/lib/api.ts:19
[  325847ms] [ERROR] Failed to load resource: net::ERR_CONNECTION_REFUSED @ http://localhost:5173/api/v1/interventions:0
[  326161ms] [ERROR] [API] Network error: no response received @ http://localhost:5173/src/lib/api.ts:19
[  326162ms] [ERROR] Failed to load resource: net::ERR_CONNECTION_REFUSED @ http://localhost:5173/api/v1/stations:0
[  327773ms] [ERROR] [API] Network error: no response received @ http://localhost:5173/src/lib/api.ts:19
[  327773ms] [ERROR] Failed to load resource: net::ERR_CONNECTION_REFUSED @ http://localhost:5173/api/v1/alerts/rich:0
[  329347ms] [ERROR] WebSocket connection to 'ws://localhost:5173/' failed: Error in connection establishment: net::ERR_CONNECTION_REFUSED @ http://localhost:5173/@vite/client:1034
[  330057ms] [ERROR] [API] Network error: no response received @ http://localhost:5173/src/lib/api.ts:19
[  330058ms] [ERROR] Failed to load resource: net::ERR_CONNECTION_REFUSED @ http://localhost:5173/api/v1/interventions:0
[  330166ms] [ERROR] [API] Network error: no response received @ http://localhost:5173/src/lib/api.ts:19
[  330166ms] [ERROR] Failed to load resource: net::ERR_CONNECTION_REFUSED @ http://localhost:5173/api/v1/stations:0
[  331060ms] [ERROR] [API] Network error: no response received @ http://localhost:5173/src/lib/api.ts:19
[  331060ms] [ERROR] Failed to load resource: net::ERR_CONNECTION_REFUSED @ http://localhost:5173/api/v1/interventions:0
[  331309ms] [ERROR] [API] Network error: no response received @ http://localhost:5173/src/lib/api.ts:19
[  331309ms] [ERROR] Failed to load resource: net::ERR_CONNECTION_REFUSED @ http://localhost:5173/api/v1/stations:0
[  332034ms] [ERROR] [API] Network error: no response received @ http://localhost:5173/src/lib/api.ts:19
[  332035ms] [ERROR] Failed to load resource: net::ERR_CONNECTION_REFUSED @ http://localhost:5173/api/v1/alerts/rich:0
[  332036ms] [ERROR] [API] Network error: no response received @ http://localhost:5173/src/lib/api.ts:19
[  332036ms] [ERROR] Failed to load resource: net::ERR_CONNECTION_REFUSED @ http://localhost:5173/api/v1/alerts:0
[  332392ms] [ERROR] [API] Network error: no response received @ http://localhost:5173/src/lib/api.ts:19
[  332392ms] [ERROR] Failed to load resource: net::ERR_CONNECTION_REFUSED @ http://localhost:5173/api/v1/interventions:0
[  332894ms] [ERROR] WebSocket connection to 'ws://localhost:5173/' failed: Error in connection establishment: net::ERR_CONNECTION_REFUSED @ http://localhost:5173/@vite/client:1034
[  333194ms] [ERROR] [API] Network error: no response received @ http://localhost:5173/src/lib/api.ts:19
[  333194ms] [ERROR] Failed to load resource: net::ERR_CONNECTION_REFUSED @ http://localhost:5173/api/v1/alerts:0
[  333769ms] [ERROR] [API] Network error: no response received @ http://localhost:5173/src/lib/api.ts:19
[  333770ms] [ERROR] Failed to load resource: net::ERR_CONNECTION_REFUSED @ http://localhost:5173/api/v1/stations:0
[  334512ms] [ERROR] [API] Network error: no response received @ http://localhost:5173/src/lib/api.ts:19
[  334512ms] [ERROR] Failed to load resource: net::ERR_CONNECTION_REFUSED @ http://localhost:5173/api/v1/interventions:0
[  335692ms] [ERROR] [API] Network error: no response received @ http://localhost:5173/src/lib/api.ts:19
[  335692ms] [ERROR] Failed to load resource: net::ERR_CONNECTION_REFUSED @ http://localhost:5173/api/v1/alerts:0
[  338047ms] [ERROR] [API] Network error: no response received @ http://localhost:5173/src/lib/api.ts:19
[  338047ms] [ERROR] Failed to load resource: net::ERR_CONNECTION_REFUSED @ http://localhost:5173/api/v1/stations:0
[  338405ms] [ERROR] [API] Network error: no response received @ http://localhost:5173/src/lib/api.ts:19
[  338405ms] [ERROR] Failed to load resource: net::ERR_CONNECTION_REFUSED @ http://localhost:5173/api/v1/dashboard/kpis:0
[  338667ms] [ERROR] [API] Network error: no response received @ http://localhost:5173/src/lib/api.ts:19
[  338668ms] [ERROR] Failed to load resource: net::ERR_CONNECTION_REFUSED @ http://localhost:5173/api/v1/interventions:0
[  338717ms] [ERROR] [API] Network error: no response received @ http://localhost:5173/src/lib/api.ts:19
[  338717ms] [ERROR] Failed to load resource: net::ERR_CONNECTION_REFUSED @ http://localhost:5173/api/v1/dashboard/suggestions:0
[  338872ms] [ERROR] WebSocket connection to 'ws://localhost:5173/' failed: Error in connection establishment: net::ERR_CONNECTION_REFUSED @ http://localhost:5173/@vite/client:1034
[  339774ms] [ERROR] [API] Network error: no response received @ http://localhost:5173/src/lib/api.ts:19
[  339774ms] [ERROR] Failed to load resource: net::ERR_CONNECTION_REFUSED @ http://localhost:5173/api/v1/dashboard/kpis:0
[  339853ms] [ERROR] [API] Network error: no response received @ http://localhost:5173/src/lib/api.ts:19
[  339854ms] [ERROR] Failed to load resource: net::ERR_CONNECTION_REFUSED @ http://localhost:5173/api/v1/alerts:0
[  340032ms] [ERROR] [API] Network error: no response received @ http://localhost:5173/src/lib/api.ts:19
[  340032ms] [ERROR] Failed to load resource: net::ERR_CONNECTION_REFUSED @ http://localhost:5173/api/v1/dashboard/suggestions:0
[  340674ms] [ERROR] [API] Network error: no response received @ http://localhost:5173/src/lib/api.ts:19
[  340674ms] [ERROR] Failed to load resource: net::ERR_CONNECTION_REFUSED @ http://localhost:5173/api/v1/interventions:0
[  340687ms] [ERROR] WebSocket connection to 'ws://localhost:5173/ws/realtime' failed: Error in connection establishment: net::ERR_CONNECTION_REFUSED @ http://localhost:5173/src/lib/websocket.ts:47
[  341928ms] [ERROR] [API] Network error: no response received @ http://localhost:5173/src/lib/api.ts:19
[  341928ms] [ERROR] Failed to load resource: net::ERR_CONNECTION_REFUSED @ http://localhost:5173/api/v1/dashboard/kpis:0
[  342046ms] [ERROR] [API] Network error: no response received @ http://localhost:5173/src/lib/api.ts:19
[  342046ms] [ERROR] Failed to load resource: net::ERR_CONNECTION_REFUSED @ http://localhost:5173/api/v1/dashboard/suggestions:0
[  342065ms] [ERROR] [API] Network error: no response received @ http://localhost:5173/src/lib/api.ts:19
[  342065ms] [ERROR] Failed to load resource: net::ERR_CONNECTION_REFUSED @ http://localhost:5173/api/v1/interventions:0
[  343571ms] [ERROR] WebSocket connection to 'ws://localhost:5173/' failed: Error in connection establishment: net::ERR_CONNECTION_REFUSED @ http://localhost:5173/@vite/client:1034
[  344220ms] [ERROR] [API] Network error: no response received @ http://localhost:5173/src/lib/api.ts:19
[  344220ms] [ERROR] Failed to load resource: net::ERR_CONNECTION_REFUSED @ http://localhost:5173/api/v1/interventions:0
[  346150ms] [ERROR] [API] Network error: no response received @ http://localhost:5173/src/lib/api.ts:19
[  346151ms] [ERROR] Failed to load resource: net::ERR_CONNECTION_REFUSED @ http://localhost:5173/api/v1/dashboard/suggestions:0
[  346298ms] [ERROR] [API] Network error: no response received @ http://localhost:5173/src/lib/api.ts:19
[  346298ms] [ERROR] Failed to load resource: net::ERR_CONNECTION_REFUSED @ http://localhost:5173/api/v1/dashboard/kpis:0
[  347155ms] [ERROR] [API] Network error: no response received @ http://localhost:5173/src/lib/api.ts:19
[  347156ms] [ERROR] Failed to load resource: net::ERR_CONNECTION_REFUSED @ http://localhost:5173/api/v1/dashboard/suggestions:0
[  347303ms] [ERROR] [API] Network error: no response received @ http://localhost:5173/src/lib/api.ts:19
[  347303ms] [ERROR] Failed to load resource: net::ERR_CONNECTION_REFUSED @ http://localhost:5173/api/v1/dashboard/kpis:0
[  348252ms] [ERROR] WebSocket connection to 'ws://localhost:5173/' failed: Error in connection establishment: net::ERR_CONNECTION_REFUSED @ http://localhost:5173/@vite/client:1034
[  348320ms] [ERROR] [API] Network error: no response received @ http://localhost:5173/src/lib/api.ts:19
[  348321ms] [ERROR] Failed to load resource: net::ERR_CONNECTION_REFUSED @ http://localhost:5173/api/v1/dashboard/suggestions:0
[  348470ms] [ERROR] [API] Network error: no response received @ http://localhost:5173/src/lib/api.ts:19
[  348470ms] [ERROR] Failed to load resource: net::ERR_CONNECTION_REFUSED @ http://localhost:5173/api/v1/dashboard/kpis:0
[  348613ms] [ERROR] [API] Network error: no response received @ http://localhost:5173/src/lib/api.ts:19
[  348613ms] [ERROR] Failed to load resource: net::ERR_CONNECTION_REFUSED @ http://localhost:5173/api/v1/interventions:0
[  350460ms] [ERROR] [API] Network error: no response received @ http://localhost:5173/src/lib/api.ts:19
[  350460ms] [ERROR] Failed to load resource: net::ERR_CONNECTION_REFUSED @ http://localhost:5173/api/v1/dashboard/suggestions:0
[  350542ms] [ERROR] [API] Network error: no response received @ http://localhost:5173/src/lib/api.ts:19
[  350542ms] [ERROR] Failed to load resource: net::ERR_CONNECTION_REFUSED @ http://localhost:5173/api/v1/dashboard/kpis:0
[  352619ms] [ERROR] [API] Network error: no response received @ http://localhost:5173/src/lib/api.ts:19
[  352619ms] [ERROR] Failed to load resource: net::ERR_CONNECTION_REFUSED @ http://localhost:5173/api/v1/interventions:0
[  353261ms] [ERROR] WebSocket connection to 'ws://localhost:5173/' failed: Error in connection establishment: net::ERR_CONNECTION_REFUSED @ http://localhost:5173/@vite/client:1034
[  354108ms] [ERROR] [API] Network error: no response received @ http://localhost:5173/src/lib/api.ts:19
[  354108ms] [ERROR] Failed to load resource: net::ERR_CONNECTION_REFUSED @ http://localhost:5173/api/v1/interventions:0
[  354711ms] [ERROR] [API] Network error: no response received @ http://localhost:5173/src/lib/api.ts:19
[  354711ms] [ERROR] Failed to load resource: net::ERR_CONNECTION_REFUSED @ http://localhost:5173/api/v1/dashboard/kpis:0
[  354756ms] [ERROR] [API] Network error: no response received @ http://localhost:5173/src/lib/api.ts:19
[  354756ms] [ERROR] Failed to load resource: net::ERR_CONNECTION_REFUSED @ http://localhost:5173/api/v1/dashboard/suggestions:0
[  354860ms] [ERROR] [API] Network error: no response received @ http://localhost:5173/src/lib/api.ts:19
[  354860ms] [ERROR] Failed to load resource: net::ERR_CONNECTION_REFUSED @ http://localhost:5173/api/v1/alerts/rich:0
[  355945ms] [ERROR] [API] Network error: no response received @ http://localhost:5173/src/lib/api.ts:19
[  355945ms] [ERROR] Failed to load resource: net::ERR_CONNECTION_REFUSED @ http://localhost:5173/api/v1/alerts/rich:0
[  356481ms] [ERROR] [API] Network error: no response received @ http://localhost:5173/src/lib/api.ts:19
[  356481ms] [ERROR] Failed to load resource: net::ERR_CONNECTION_REFUSED @ http://localhost:5173/api/v1/interventions:0
[  356716ms] [ERROR] [API] Network error: no response received @ http://localhost:5173/src/lib/api.ts:19
[  356716ms] [ERROR] Failed to load resource: net::ERR_CONNECTION_REFUSED @ http://localhost:5173/api/v1/dashboard/kpis:0
[  356760ms] [ERROR] [API] Network error: no response received @ http://localhost:5173/src/lib/api.ts:19
[  356760ms] [ERROR] Failed to load resource: net::ERR_CONNECTION_REFUSED @ http://localhost:5173/api/v1/dashboard/suggestions:0
[  356987ms] [ERROR] WebSocket connection to 'ws://localhost:5173/' failed: Error in connection establishment: net::ERR_CONNECTION_REFUSED @ http://localhost:5173/@vite/client:1034
[  357790ms] [ERROR] [API] Network error: no response received @ http://localhost:5173/src/lib/api.ts:19
[  357790ms] [ERROR] Failed to load resource: net::ERR_CONNECTION_REFUSED @ http://localhost:5173/api/v1/dashboard/kpis:0
[  357797ms] [ERROR] [API] Network error: no response received @ http://localhost:5173/src/lib/api.ts:19
[  357797ms] [ERROR] Failed to load resource: net::ERR_CONNECTION_REFUSED @ http://localhost:5173/api/v1/dashboard/suggestions:0
[  358350ms] [ERROR] [API] Network error: no response received @ http://localhost:5173/src/lib/api.ts:19
[  358350ms] [ERROR] Failed to load resource: net::ERR_CONNECTION_REFUSED @ http://localhost:5173/api/v1/alerts/rich:0
[  359830ms] [ERROR] [API] Network error: no response received @ http://localhost:5173/src/lib/api.ts:19
[  359830ms] [ERROR] Failed to load resource: net::ERR_CONNECTION_REFUSED @ http://localhost:5173/api/v1/dashboard/kpis:0
[  360006ms] [ERROR] [API] Network error: no response received @ http://localhost:5173/src/lib/api.ts:19
[  360006ms] [ERROR] Failed to load resource: net::ERR_CONNECTION_REFUSED @ http://localhost:5173/api/v1/dashboard/suggestions:0
[  360739ms] [ERROR] [API] Network error: no response received @ http://localhost:5173/src/lib/api.ts:19
[  360739ms] [ERROR] Failed to load resource: net::ERR_CONNECTION_REFUSED @ http://localhost:5173/api/v1/interventions:0
[  360938ms] [ERROR] WebSocket connection to 'ws://localhost:5173/' failed: Error in connection establishment: net::ERR_CONNECTION_REFUSED @ http://localhost:5173/@vite/client:1034
[  362505ms] [ERROR] [API] Network error: no response received @ http://localhost:5173/src/lib/api.ts:19
[  362506ms] [ERROR] Failed to load resource: net::ERR_CONNECTION_REFUSED @ http://localhost:5173/api/v1/alerts/rich:0
[  362507ms] [ERROR] [API] Network error: no response received @ http://localhost:5173/src/lib/api.ts:19
[  362507ms] [ERROR] Failed to load resource: net::ERR_CONNECTION_REFUSED @ http://localhost:5173/api/v1/alerts:0
[  363538ms] [ERROR] [API] Network error: no response received @ http://localhost:5173/src/lib/api.ts:19
[  363538ms] [ERROR] Failed to load resource: net::ERR_CONNECTION_REFUSED @ http://localhost:5173/api/v1/alerts:0
[  364224ms] [ERROR] [API] Network error: no response received @ http://localhost:5173/src/lib/api.ts:19
[  364224ms] [ERROR] Failed to load resource: net::ERR_CONNECTION_REFUSED @ http://localhost:5173/api/v1/dashboard/kpis:0
[  364498ms] [ERROR] [API] Network error: no response received @ http://localhost:5173/src/lib/api.ts:19
[  364499ms] [ERROR] Failed to load resource: net::ERR_CONNECTION_REFUSED @ http://localhost:5173/api/v1/dashboard/suggestions:0
[  365601ms] [ERROR] [API] Network error: no response received @ http://localhost:5173/src/lib/api.ts:19
[  365601ms] [ERROR] Failed to load resource: net::ERR_CONNECTION_REFUSED @ http://localhost:5173/api/v1/alerts:0
[  366293ms] [ERROR] WebSocket connection to 'ws://localhost:5173/' failed: Error in connection establishment: net::ERR_CONNECTION_REFUSED @ http://localhost:5173/@vite/client:1034
[  368229ms] [ERROR] [API] Network error: no response received @ http://localhost:5173/src/lib/api.ts:19
[  368229ms] [ERROR] Failed to load resource: net::ERR_CONNECTION_REFUSED @ http://localhost:5173/api/v1/dashboard/kpis:0
[  368505ms] [ERROR] [API] Network error: no response received @ http://localhost:5173/src/lib/api.ts:19
[  368505ms] [ERROR] Failed to load resource: net::ERR_CONNECTION_REFUSED @ http://localhost:5173/api/v1/dashboard/suggestions:0
[  369401ms] [ERROR] WebSocket connection to 'ws://localhost:5173/' failed: Error in connection establishment: net::ERR_CONNECTION_REFUSED @ http://localhost:5173/@vite/client:1034
[  369539ms] [ERROR] [API] Network error: no response received @ http://localhost:5173/src/lib/api.ts:19
[  369539ms] [ERROR] Failed to load resource: net::ERR_CONNECTION_REFUSED @ http://localhost:5173/api/v1/dashboard/kpis:0
[  369808ms] [ERROR] [API] Network error: no response received @ http://localhost:5173/src/lib/api.ts:19
[  369808ms] [ERROR] Failed to load resource: net::ERR_CONNECTION_REFUSED @ http://localhost:5173/api/v1/dashboard/suggestions:0
[  369863ms] [ERROR] [API] Network error: no response received @ http://localhost:5173/src/lib/api.ts:19
[  369863ms] [ERROR] Failed to load resource: net::ERR_CONNECTION_REFUSED @ http://localhost:5173/api/v1/alerts:0
[  370869ms] [ERROR] [API] Network error: no response received @ http://localhost:5173/src/lib/api.ts:19
[  370870ms] [ERROR] Failed to load resource: net::ERR_CONNECTION_REFUSED @ http://localhost:5173/api/v1/alerts/rich:0
[  371907ms] [ERROR] [API] Network error: no response received @ http://localhost:5173/src/lib/api.ts:19
[  371907ms] [ERROR] Failed to load resource: net::ERR_CONNECTION_REFUSED @ http://localhost:5173/api/v1/dashboard/kpis:0
[  372046ms] [ERROR] [API] Network error: no response received @ http://localhost:5173/src/lib/api.ts:19
[  372046ms] [ERROR] Failed to load resource: net::ERR_CONNECTION_REFUSED @ http://localhost:5173/api/v1/dashboard/suggestions:0
[  372124ms] [ERROR] WebSocket connection to 'ws://localhost:5173/ws/realtime' failed: Error in connection establishment: net::ERR_CONNECTION_REFUSED @ http://localhost:5173/src/lib/websocket.ts:47
[  372208ms] [ERROR] [API] Network error: no response received @ http://localhost:5173/src/lib/api.ts:19
[  372209ms] [ERROR] Failed to load resource: net::ERR_CONNECTION_REFUSED @ http://localhost:5173/api/v1/alerts/rich:0
[  374521ms] [ERROR] [API] Network error: no response received @ http://localhost:5173/src/lib/api.ts:19
[  374521ms] [ERROR] Failed to load resource: net::ERR_CONNECTION_REFUSED @ http://localhost:5173/api/v1/alerts/rich:0
[  375309ms] [ERROR] WebSocket connection to 'ws://localhost:5173/' failed: Error in connection establishment: net::ERR_CONNECTION_REFUSED @ http://localhost:5173/@vite/client:1034
[  375747ms] [ERROR] [API] Network error: no response received @ http://localhost:5173/src/lib/api.ts:19
[  375747ms] [ERROR] Failed to load resource: net::ERR_CONNECTION_REFUSED @ http://localhost:5173/api/v1/interventions:0
[  375924ms] [ERROR] [API] Network error: no response received @ http://localhost:5173/src/lib/api.ts:19
[  375924ms] [ERROR] Failed to load resource: net::ERR_CONNECTION_REFUSED @ http://localhost:5173/api/v1/dashboard/kpis:0
[  376345ms] [ERROR] [API] Network error: no response received @ http://localhost:5173/src/lib/api.ts:19
[  376346ms] [ERROR] Failed to load resource: net::ERR_CONNECTION_REFUSED @ http://localhost:5173/api/v1/dashboard/suggestions:0
[  376774ms] [ERROR] [API] Network error: no response received @ http://localhost:5173/src/lib/api.ts:19
[  376775ms] [ERROR] Failed to load resource: net::ERR_CONNECTION_REFUSED @ http://localhost:5173/api/v1/interventions:0
[  378874ms] [ERROR] [API] Network error: no response received @ http://localhost:5173/src/lib/api.ts:19
[  378874ms] [ERROR] Failed to load resource: net::ERR_CONNECTION_REFUSED @ http://localhost:5173/api/v1/alerts/rich:0
[  378874ms] [ERROR] [API] Network error: no response received @ http://localhost:5173/src/lib/api.ts:19
[  378874ms] [ERROR] Failed to load resource: net::ERR_CONNECTION_REFUSED @ http://localhost:5173/api/v1/alerts:0
[  379131ms] [ERROR] [API] Network error: no response received @ http://localhost:5173/src/lib/api.ts:19
[  379131ms] [ERROR] Failed to load resource: net::ERR_CONNECTION_REFUSED @ http://localhost:5173/api/v1/interventions:0
[  380355ms] [ERROR] [API] Network error: no response received @ http://localhost:5173/src/lib/api.ts:19
[  380356ms] [ERROR] Failed to load resource: net::ERR_CONNECTION_REFUSED @ http://localhost:5173/api/v1/alerts:0
[  380439ms] [ERROR] WebSocket connection to 'ws://localhost:5173/' failed: Error in connection establishment: net::ERR_CONNECTION_REFUSED @ http://localhost:5173/@vite/client:1034
[  382415ms] [ERROR] [API] Network error: no response received @ http://localhost:5173/src/lib/api.ts:19
[  382415ms] [ERROR] Failed to load resource: net::ERR_CONNECTION_REFUSED @ http://localhost:5173/api/v1/alerts:0
[  383376ms] [ERROR] WebSocket connection to 'ws://localhost:5173/' failed: Error in connection establishment: net::ERR_CONNECTION_REFUSED @ http://localhost:5173/@vite/client:1034
[  383495ms] [ERROR] [API] Network error: no response received @ http://localhost:5173/src/lib/api.ts:19
[  383496ms] [ERROR] Failed to load resource: net::ERR_CONNECTION_REFUSED @ http://localhost:5173/api/v1/interventions:0
[  384501ms] [ERROR] [API] Network error: no response received @ http://localhost:5173/src/lib/api.ts:19
[  384501ms] [ERROR] Failed to load resource: net::ERR_CONNECTION_REFUSED @ http://localhost:5173/api/v1/interventions:0
[  385588ms] [ERROR] [API] Network error: no response received @ http://localhost:5173/src/lib/api.ts:19
[  385589ms] [ERROR] Failed to load resource: net::ERR_CONNECTION_REFUSED @ http://localhost:5173/api/v1/interventions:0
[  385880ms] [ERROR] WebSocket connection to 'ws://localhost:5173/' failed: Error in connection establishment: net::ERR_CONNECTION_REFUSED @ http://localhost:5173/@vite/client:1034
[  386791ms] [ERROR] [API] Network error: no response received @ http://localhost:5173/src/lib/api.ts:19
[  386791ms] [ERROR] Failed to load resource: net::ERR_CONNECTION_REFUSED @ http://localhost:5173/api/v1/alerts:0
[  387622ms] [ERROR] [API] Network error: no response received @ http://localhost:5173/src/lib/api.ts:19
[  387622ms] [ERROR] Failed to load resource: net::ERR_CONNECTION_REFUSED @ http://localhost:5173/api/v1/interventions:0
[  388797ms] [ERROR] [API] Network error: no response received @ http://localhost:5173/src/lib/api.ts:19
[  388797ms] [ERROR] Failed to load resource: net::ERR_CONNECTION_REFUSED @ http://localhost:5173/api/v1/alerts/rich:0
[  390293ms] [ERROR] [API] Network error: no response received @ http://localhost:5173/src/lib/api.ts:19
[  390293ms] [ERROR] Failed to load resource: net::ERR_CONNECTION_REFUSED @ http://localhost:5173/api/v1/alerts/rich:0
[  391534ms] [ERROR] WebSocket connection to 'ws://localhost:5173/' failed: Error in connection establishment: net::ERR_CONNECTION_REFUSED @ http://localhost:5173/@vite/client:1034
[  392045ms] [ERROR] [API] Network error: no response received @ http://localhost:5173/src/lib/api.ts:19
[  392045ms] [ERROR] Failed to load resource: net::ERR_CONNECTION_REFUSED @ http://localhost:5173/api/v1/interventions:0
[  392410ms] [ERROR] [API] Network error: no response received @ http://localhost:5173/src/lib/api.ts:19
[  392410ms] [ERROR] Failed to load resource: net::ERR_CONNECTION_REFUSED @ http://localhost:5173/api/v1/alerts/rich:0
[  393970ms] [ERROR] WebSocket connection to 'ws://localhost:5173/' failed: Error in connection establishment: net::ERR_CONNECTION_REFUSED @ http://localhost:5173/@vite/client:1034
[  394049ms] [ERROR] [API] Network error: no response received @ http://localhost:5173/src/lib/api.ts:19
[  394049ms] [ERROR] Failed to load resource: net::ERR_CONNECTION_REFUSED @ http://localhost:5173/api/v1/interventions:0
[  395387ms] [ERROR] [API] Network error: no response received @ http://localhost:5173/src/lib/api.ts:19
[  395387ms] [ERROR] Failed to load resource: net::ERR_CONNECTION_REFUSED @ http://localhost:5173/api/v1/interventions:0
[  396536ms] [ERROR] [API] Network error: no response received @ http://localhost:5173/src/lib/api.ts:19
[  396537ms] [ERROR] Failed to load resource: net::ERR_CONNECTION_REFUSED @ http://localhost:5173/api/v1/alerts/rich:0
[  396537ms] [ERROR] [API] Network error: no response received @ http://localhost:5173/src/lib/api.ts:19
[  396538ms] [ERROR] Failed to load resource: net::ERR_CONNECTION_REFUSED @ http://localhost:5173/api/v1/alerts:0
[  397627ms] [ERROR] WebSocket connection to 'ws://localhost:5173/' failed: Error in connection establishment: net::ERR_CONNECTION_REFUSED @ http://localhost:5173/@vite/client:1034
[  397728ms] [ERROR] [API] Network error: no response received @ http://localhost:5173/src/lib/api.ts:19
[  397728ms] [ERROR] Failed to load resource: net::ERR_CONNECTION_REFUSED @ http://localhost:5173/api/v1/interventions:0
[  397983ms] [ERROR] [API] Network error: no response received @ http://localhost:5173/src/lib/api.ts:19
[  397983ms] [ERROR] Failed to load resource: net::ERR_CONNECTION_REFUSED @ http://localhost:5173/api/v1/alerts:0
[  400213ms] [ERROR] [API] Network error: no response received @ http://localhost:5173/src/lib/api.ts:19
[  400213ms] [ERROR] Failed to load resource: net::ERR_CONNECTION_REFUSED @ http://localhost:5173/api/v1/alerts:0
[  400722ms] [ERROR] WebSocket connection to 'ws://localhost:5173/' failed: Error in connection establishment: net::ERR_CONNECTION_REFUSED @ http://localhost:5173/@vite/client:1034
[  401472ms] [ERROR] [API] Network error: no response received @ http://localhost:5173/src/lib/api.ts:19
[  401472ms] [ERROR] Failed to load resource: net::ERR_CONNECTION_REFUSED @ http://localhost:5173/api/v1/dashboard/suggestions:0
[  401472ms] [ERROR] [API] Network error: no response received @ http://localhost:5173/src/lib/api.ts:19
[  401472ms] [ERROR] Failed to load resource: net::ERR_CONNECTION_REFUSED @ http://localhost:5173/api/v1/dashboard/kpis:0
[  401472ms] [ERROR] [API] Network error: no response received @ http://localhost:5173/src/lib/api.ts:19
[  401472ms] [ERROR] Failed to load resource: net::ERR_CONNECTION_REFUSED @ http://localhost:5173/api/v1/analytics/predictions:0
[  401472ms] [ERROR] [API] Network error: no response received @ http://localhost:5173/src/lib/api.ts:19
[  401472ms] [ERROR] Failed to load resource: net::ERR_CONNECTION_REFUSED @ http://localhost:5173/api/v1/stations:0
[  401983ms] [ERROR] [API] Network error: no response received @ http://localhost:5173/src/lib/api.ts:19
[  401983ms] [ERROR] Failed to load resource: net::ERR_CONNECTION_REFUSED @ http://localhost:5173/api/v1/interventions:0
[  402578ms] [ERROR] [API] Network error: no response received @ http://localhost:5173/src/lib/api.ts:19
[  402578ms] [ERROR] Failed to load resource: net::ERR_CONNECTION_REFUSED @ http://localhost:5173/api/v1/dashboard/suggestions:0
[  402694ms] [ERROR] [API] Network error: no response received @ http://localhost:5173/src/lib/api.ts:19
[  402694ms] [ERROR] Failed to load resource: net::ERR_CONNECTION_REFUSED @ http://localhost:5173/api/v1/dashboard/kpis:0
[  402717ms] [ERROR] [API] Network error: no response received @ http://localhost:5173/src/lib/api.ts:19
[  402718ms] [ERROR] Failed to load resource: net::ERR_CONNECTION_REFUSED @ http://localhost:5173/api/v1/analytics/predictions:0
[  402804ms] [ERROR] [API] Network error: no response received @ http://localhost:5173/src/lib/api.ts:19
[  402804ms] [ERROR] Failed to load resource: net::ERR_CONNECTION_REFUSED @ http://localhost:5173/api/v1/stations:0
[  404143ms] [ERROR] [API] Network error: no response received @ http://localhost:5173/src/lib/api.ts:19
[  404143ms] [ERROR] Failed to load resource: net::ERR_CONNECTION_REFUSED @ http://localhost:5173/api/v1/alerts:0
[  404199ms] [ERROR] WebSocket connection to 'ws://localhost:5173/ws/realtime' failed: Error in connection establishment: net::ERR_CONNECTION_REFUSED @ http://localhost:5173/src/lib/websocket.ts:47
[  404928ms] [ERROR] [API] Network error: no response received @ http://localhost:5173/src/lib/api.ts:19
[  404928ms] [ERROR] Failed to load resource: net::ERR_CONNECTION_REFUSED @ http://localhost:5173/api/v1/dashboard/suggestions:0
[  405008ms] [ERROR] [API] Network error: no response received @ http://localhost:5173/src/lib/api.ts:19
[  405008ms] [ERROR] Failed to load resource: net::ERR_CONNECTION_REFUSED @ http://localhost:5173/api/v1/analytics/predictions:0
[  405011ms] [ERROR] [API] Network error: no response received @ http://localhost:5173/src/lib/api.ts:19
[  405011ms] [ERROR] Failed to load resource: net::ERR_CONNECTION_REFUSED @ http://localhost:5173/api/v1/dashboard/kpis:0
[  405103ms] [ERROR] WebSocket connection to 'ws://localhost:5173/' failed: Error in connection establishment: net::ERR_CONNECTION_REFUSED @ http://localhost:5173/@vite/client:1034
[  405103ms] [ERROR] [API] Network error: no response received @ http://localhost:5173/src/lib/api.ts:19
[  405103ms] [ERROR] Failed to load resource: net::ERR_CONNECTION_REFUSED @ http://localhost:5173/api/v1/stations:0
[  405842ms] [ERROR] [API] Network error: no response received @ http://localhost:5173/src/lib/api.ts:19
[  405842ms] [ERROR] Failed to load resource: net::ERR_CONNECTION_REFUSED @ http://localhost:5173/api/v1/interventions:0
[  406964ms] [ERROR] [API] Network error: no response received @ http://localhost:5173/src/lib/api.ts:19
[  406964ms] [ERROR] Failed to load resource: net::ERR_CONNECTION_REFUSED @ http://localhost:5173/api/v1/interventions:0
[  408149ms] [ERROR] [API] Network error: no response received @ http://localhost:5173/src/lib/api.ts:19
[  408149ms] [ERROR] Failed to load resource: net::ERR_CONNECTION_REFUSED @ http://localhost:5173/api/v1/alerts/rich:0
[  409066ms] [ERROR] [API] Network error: no response received @ http://localhost:5173/src/lib/api.ts:19
[  409066ms] [ERROR] Failed to load resource: net::ERR_CONNECTION_REFUSED @ http://localhost:5173/api/v1/interventions:0
[  409223ms] [ERROR] [API] Network error: no response received @ http://localhost:5173/src/lib/api.ts:19
[  409223ms] [ERROR] Failed to load resource: net::ERR_CONNECTION_REFUSED @ http://localhost:5173/api/v1/stations:0
[  409246ms] [ERROR] [API] Network error: no response received @ http://localhost:5173/src/lib/api.ts:19
[  409246ms] [ERROR] Failed to load resource: net::ERR_CONNECTION_REFUSED @ http://localhost:5173/api/v1/alerts/rich:0
[  409268ms] [ERROR] [API] Network error: no response received @ http://localhost:5173/src/lib/api.ts:19
[  409269ms] [ERROR] Failed to load resource: net::ERR_CONNECTION_REFUSED @ http://localhost:5173/api/v1/analytics/predictions:0
[  409276ms] [ERROR] [API] Network error: no response received @ http://localhost:5173/src/lib/api.ts:19
[  409276ms] [ERROR] Failed to load resource: net::ERR_CONNECTION_REFUSED @ http://localhost:5173/api/v1/dashboard/suggestions:0
[  409304ms] [ERROR] [API] Network error: no response received @ http://localhost:5173/src/lib/api.ts:19
[  409304ms] [ERROR] Failed to load resource: net::ERR_CONNECTION_REFUSED @ http://localhost:5173/api/v1/dashboard/kpis:0
[  409421ms] [ERROR] WebSocket connection to 'ws://localhost:5173/' failed: Error in connection establishment: net::ERR_CONNECTION_REFUSED @ http://localhost:5173/@vite/client:1034
[  410230ms] [ERROR] [API] Network error: no response received @ http://localhost:5173/src/lib/api.ts:19
[  410230ms] [ERROR] Failed to load resource: net::ERR_CONNECTION_REFUSED @ http://localhost:5173/api/v1/stations:0
[  410273ms] [ERROR] [API] Network error: no response received @ http://localhost:5173/src/lib/api.ts:19
[  410273ms] [ERROR] Failed to load resource: net::ERR_CONNECTION_REFUSED @ http://localhost:5173/api/v1/analytics/predictions:0
[  410280ms] [ERROR] [API] Network error: no response received @ http://localhost:5173/src/lib/api.ts:19
[  410280ms] [ERROR] Failed to load resource: net::ERR_CONNECTION_REFUSED @ http://localhost:5173/api/v1/dashboard/suggestions:0
[  410308ms] [ERROR] [API] Network error: no response received @ http://localhost:5173/src/lib/api.ts:19
[  410308ms] [ERROR] Failed to load resource: net::ERR_CONNECTION_REFUSED @ http://localhost:5173/api/v1/dashboard/kpis:0
[  411288ms] [ERROR] [API] Network error: no response received @ http://localhost:5173/src/lib/api.ts:19
[  411288ms] [ERROR] Failed to load resource: net::ERR_CONNECTION_REFUSED @ http://localhost:5173/api/v1/analytics/predictions:0
[  411370ms] [ERROR] [API] Network error: no response received @ http://localhost:5173/src/lib/api.ts:19
[  411370ms] [ERROR] Failed to load resource: net::ERR_CONNECTION_REFUSED @ http://localhost:5173/api/v1/stations:0
[  411414ms] [ERROR] [API] Network error: no response received @ http://localhost:5173/src/lib/api.ts:19
[  411414ms] [ERROR] Failed to load resource: net::ERR_CONNECTION_REFUSED @ http://localhost:5173/api/v1/dashboard/suggestions:0
[  411454ms] [ERROR] [API] Network error: no response received @ http://localhost:5173/src/lib/api.ts:19
[  411454ms] [ERROR] Failed to load resource: net::ERR_CONNECTION_REFUSED @ http://localhost:5173/api/v1/alerts/rich:0
[  411573ms] [ERROR] [API] Network error: no response received @ http://localhost:5173/src/lib/api.ts:19
[  411573ms] [ERROR] Failed to load resource: net::ERR_CONNECTION_REFUSED @ http://localhost:5173/api/v1/dashboard/kpis:0
[  413298ms] [ERROR] [API] Network error: no response received @ http://localhost:5173/src/lib/api.ts:19
[  413299ms] [ERROR] Failed to load resource: net::ERR_CONNECTION_REFUSED @ http://localhost:5173/api/v1/interventions:0
[  413322ms] [ERROR] [API] Network error: no response received @ http://localhost:5173/src/lib/api.ts:19
[  413322ms] [ERROR] Failed to load resource: net::ERR_CONNECTION_REFUSED @ http://localhost:5173/api/v1/analytics/predictions:0
[  413532ms] [ERROR] [API] Network error: no response received @ http://localhost:5173/src/lib/api.ts:19
[  413532ms] [ERROR] Failed to load resource: net::ERR_CONNECTION_REFUSED @ http://localhost:5173/api/v1/stations:0
[  413583ms] [ERROR] [API] Network error: no response received @ http://localhost:5173/src/lib/api.ts:19
[  413583ms] [ERROR] Failed to load resource: net::ERR_CONNECTION_REFUSED @ http://localhost:5173/api/v1/dashboard/suggestions:0
[  413755ms] [ERROR] WebSocket connection to 'ws://localhost:5173/' failed: Error in connection establishment: net::ERR_CONNECTION_REFUSED @ http://localhost:5173/@vite/client:1034
[  413853ms] [ERROR] [API] Network error: no response received @ http://localhost:5173/src/lib/api.ts:19
[  413853ms] [ERROR] Failed to load resource: net::ERR_CONNECTION_REFUSED @ http://localhost:5173/api/v1/dashboard/kpis:0
[  415495ms] [ERROR] [API] Network error: no response received @ http://localhost:5173/src/lib/api.ts:19
[  415496ms] [ERROR] Failed to load resource: net::ERR_CONNECTION_REFUSED @ http://localhost:5173/api/v1/alerts/rich:0
[  415498ms] [ERROR] [API] Network error: no response received @ http://localhost:5173/src/lib/api.ts:19
[  415498ms] [ERROR] Failed to load resource: net::ERR_CONNECTION_REFUSED @ http://localhost:5173/api/v1/alerts:0
[  415871ms] [ERROR] WebSocket connection to 'ws://localhost:5173/' failed: Error in connection establishment: net::ERR_CONNECTION_REFUSED @ http://localhost:5173/@vite/client:1034
[  416625ms] [ERROR] [API] Network error: no response received @ http://localhost:5173/src/lib/api.ts:19
[  416625ms] [ERROR] Failed to load resource: net::ERR_CONNECTION_REFUSED @ http://localhost:5173/api/v1/alerts:0
[  417510ms] [ERROR] [API] Network error: no response received @ http://localhost:5173/src/lib/api.ts:19
[  417511ms] [ERROR] Failed to load resource: net::ERR_CONNECTION_REFUSED @ http://localhost:5173/api/v1/analytics/predictions:0
[  417606ms] [ERROR] [API] Network error: no response received @ http://localhost:5173/src/lib/api.ts:19
[  417607ms] [ERROR] Failed to load resource: net::ERR_CONNECTION_REFUSED @ http://localhost:5173/api/v1/dashboard/suggestions:0
[  417688ms] [ERROR] [API] Network error: no response received @ http://localhost:5173/src/lib/api.ts:19
[  417688ms] [ERROR] Failed to load resource: net::ERR_CONNECTION_REFUSED @ http://localhost:5173/api/v1/stations:0
[  418104ms] [ERROR] [API] Network error: no response received @ http://localhost:5173/src/lib/api.ts:19
[  418104ms] [ERROR] Failed to load resource: net::ERR_CONNECTION_REFUSED @ http://localhost:5173/api/v1/dashboard/kpis:0
[  418821ms] [ERROR] [API] Network error: no response received @ http://localhost:5173/src/lib/api.ts:19
[  418821ms] [ERROR] Failed to load resource: net::ERR_CONNECTION_REFUSED @ http://localhost:5173/api/v1/alerts:0
[  419516ms] [ERROR] [API] Network error: no response received @ http://localhost:5173/src/lib/api.ts:19
[  419517ms] [ERROR] Failed to load resource: net::ERR_CONNECTION_REFUSED @ http://localhost:5173/api/v1/analytics/predictions:0
[  419611ms] [ERROR] [API] Network error: no response received @ http://localhost:5173/src/lib/api.ts:19
[  419611ms] [ERROR] Failed to load resource: net::ERR_CONNECTION_REFUSED @ http://localhost:5173/api/v1/dashboard/suggestions:0
[  419692ms] [ERROR] [API] Network error: no response received @ http://localhost:5173/src/lib/api.ts:19
[  419692ms] [ERROR] Failed to load resource: net::ERR_CONNECTION_REFUSED @ http://localhost:5173/api/v1/stations:0
[  420109ms] [ERROR] [API] Network error: no response received @ http://localhost:5173/src/lib/api.ts:19
[  420109ms] [ERROR] Failed to load resource: net::ERR_CONNECTION_REFUSED @ http://localhost:5173/api/v1/dashboard/kpis:0
[  420610ms] [ERROR] WebSocket connection to 'ws://localhost:5173/' failed: Error in connection establishment: net::ERR_CONNECTION_REFUSED @ http://localhost:5173/@vite/client:1034
[  420893ms] [ERROR] [API] Network error: no response received @ http://localhost:5173/src/lib/api.ts:19
[  420893ms] [ERROR] Failed to load resource: net::ERR_CONNECTION_REFUSED @ http://localhost:5173/api/v1/stations:0
[  420896ms] [ERROR] [API] Network error: no response received @ http://localhost:5173/src/lib/api.ts:19
[  420897ms] [ERROR] Failed to load resource: net::ERR_CONNECTION_REFUSED @ http://localhost:5173/api/v1/analytics/predictions:0
[  421001ms] [ERROR] [API] Network error: no response received @ http://localhost:5173/src/lib/api.ts:19
[  421001ms] [ERROR] Failed to load resource: net::ERR_CONNECTION_REFUSED @ http://localhost:5173/api/v1/dashboard/suggestions:0
[  421270ms] [ERROR] [API] Network error: no response received @ http://localhost:5173/src/lib/api.ts:19
[  421270ms] [ERROR] Failed to load resource: net::ERR_CONNECTION_REFUSED @ http://localhost:5173/api/v1/dashboard/kpis:0
[  423000ms] [ERROR] [API] Network error: no response received @ http://localhost:5173/src/lib/api.ts:19
[  423001ms] [ERROR] Failed to load resource: net::ERR_CONNECTION_REFUSED @ http://localhost:5173/api/v1/analytics/predictions:0
[  423036ms] [ERROR] [API] Network error: no response received @ http://localhost:5173/src/lib/api.ts:19
[  423037ms] [ERROR] Failed to load resource: net::ERR_CONNECTION_REFUSED @ http://localhost:5173/api/v1/alerts:0
[  423231ms] [ERROR] WebSocket connection to 'ws://localhost:5173/' failed: Error in connection establishment: net::ERR_CONNECTION_REFUSED @ http://localhost:5173/@vite/client:1034
[  423313ms] [ERROR] [API] Network error: no response received @ http://localhost:5173/src/lib/api.ts:19
[  423313ms] [ERROR] Failed to load resource: net::ERR_CONNECTION_REFUSED @ http://localhost:5173/api/v1/stations:0
[  423364ms] [ERROR] [API] Network error: no response received @ http://localhost:5173/src/lib/api.ts:19
[  423364ms] [ERROR] Failed to load resource: net::ERR_CONNECTION_REFUSED @ http://localhost:5173/api/v1/dashboard/suggestions:0
[  423404ms] [ERROR] [API] Network error: no response received @ http://localhost:5173/src/lib/api.ts:19
[  423404ms] [ERROR] Failed to load resource: net::ERR_CONNECTION_REFUSED @ http://localhost:5173/api/v1/dashboard/kpis:0
[  427423ms] [ERROR] [API] Network error: no response received @ http://localhost:5173/src/lib/api.ts:19
[  427423ms] [ERROR] Failed to load resource: net::ERR_CONNECTION_REFUSED @ http://localhost:5173/api/v1/dashboard/kpis:0
[  427481ms] [ERROR] [API] Network error: no response received @ http://localhost:5173/src/lib/api.ts:19
[  427481ms] [ERROR] Failed to load resource: net::ERR_CONNECTION_REFUSED @ http://localhost:5173/api/v1/analytics/predictions:0
[  427512ms] [ERROR] [API] Network error: no response received @ http://localhost:5173/src/lib/api.ts:19
[  427513ms] [ERROR] Failed to load resource: net::ERR_CONNECTION_REFUSED @ http://localhost:5173/api/v1/dashboard/suggestions:0
[  427813ms] [ERROR] [API] Network error: no response received @ http://localhost:5173/src/lib/api.ts:19
[  427814ms] [ERROR] Failed to load resource: net::ERR_CONNECTION_REFUSED @ http://localhost:5173/api/v1/stations:0
[  428305ms] [ERROR] [API] Network error: no response received @ http://localhost:5173/src/lib/api.ts:19
[  428305ms] [ERROR] Failed to load resource: net::ERR_CONNECTION_REFUSED @ http://localhost:5173/api/v1/interventions:0
[  429217ms] [ERROR] WebSocket connection to 'ws://localhost:5173/' failed: Error in connection establishment: net::ERR_CONNECTION_REFUSED @ http://localhost:5173/@vite/client:1034
[  429332ms] [ERROR] [API] Network error: no response received @ http://localhost:5173/src/lib/api.ts:19
[  429333ms] [ERROR] Failed to load resource: net::ERR_CONNECTION_REFUSED @ http://localhost:5173/api/v1/interventions:0
[  431428ms] [ERROR] [API] Network error: no response received @ http://localhost:5173/src/lib/api.ts:19
[  431428ms] [ERROR] Failed to load resource: net::ERR_CONNECTION_REFUSED @ http://localhost:5173/api/v1/dashboard/kpis:0
[  431487ms] [ERROR] [API] Network error: no response received @ http://localhost:5173/src/lib/api.ts:19
[  431487ms] [ERROR] Failed to load resource: net::ERR_CONNECTION_REFUSED @ http://localhost:5173/api/v1/analytics/predictions:0
[  431516ms] [ERROR] [API] Network error: no response received @ http://localhost:5173/src/lib/api.ts:19
[  431516ms] [ERROR] Failed to load resource: net::ERR_CONNECTION_REFUSED @ http://localhost:5173/api/v1/dashboard/suggestions:0
[  431614ms] [ERROR] [API] Network error: no response received @ http://localhost:5173/src/lib/api.ts:19
[  431615ms] [ERROR] Failed to load resource: net::ERR_CONNECTION_REFUSED @ http://localhost:5173/api/v1/interventions:0
[  431820ms] [ERROR] [API] Network error: no response received @ http://localhost:5173/src/lib/api.ts:19
[  431820ms] [ERROR] Failed to load resource: net::ERR_CONNECTION_REFUSED @ http://localhost:5173/api/v1/stations:0
[  432565ms] [ERROR] [API] Network error: no response received @ http://localhost:5173/src/lib/api.ts:19
[  432565ms] [ERROR] Failed to load resource: net::ERR_CONNECTION_REFUSED @ http://localhost:5173/api/v1/dashboard/kpis:0
[  432644ms] [ERROR] [API] Network error: no response received @ http://localhost:5173/src/lib/api.ts:19
[  432644ms] [ERROR] Failed to load resource: net::ERR_CONNECTION_REFUSED @ http://localhost:5173/api/v1/analytics/predictions:0
[  432824ms] [ERROR] [API] Network error: no response received @ http://localhost:5173/src/lib/api.ts:19
[  432824ms] [ERROR] Failed to load resource: net::ERR_CONNECTION_REFUSED @ http://localhost:5173/api/v1/dashboard/suggestions:0
[  433320ms] [ERROR] [API] Network error: no response received @ http://localhost:5173/src/lib/api.ts:19
[  433320ms] [ERROR] Failed to load resource: net::ERR_CONNECTION_REFUSED @ http://localhost:5173/api/v1/stations:0
[  433350ms] [ERROR] WebSocket connection to 'ws://localhost:5173/' failed: Error in connection establishment: net::ERR_CONNECTION_REFUSED @ http://localhost:5173/@vite/client:1034
[  434812ms] [ERROR] [API] Network error: no response received @ http://localhost:5173/src/lib/api.ts:19
[  434812ms] [ERROR] Failed to load resource: net::ERR_CONNECTION_REFUSED @ http://localhost:5173/api/v1/dashboard/kpis:0
[  434983ms] [ERROR] [API] Network error: no response received @ http://localhost:5173/src/lib/api.ts:19
[  434983ms] [ERROR] Failed to load resource: net::ERR_CONNECTION_REFUSED @ http://localhost:5173/api/v1/analytics/predictions:0
[  435252ms] [ERROR] [API] Network error: no response received @ http://localhost:5173/src/lib/api.ts:19
[  435253ms] [ERROR] Failed to load resource: net::ERR_CONNECTION_REFUSED @ http://localhost:5173/api/v1/dashboard/suggestions:0
[  435433ms] [ERROR] WebSocket connection to 'ws://localhost:5173/' failed: Error in connection establishment: net::ERR_CONNECTION_REFUSED @ http://localhost:5173/@vite/client:1034
[  435467ms] [ERROR] [API] Network error: no response received @ http://localhost:5173/src/lib/api.ts:19
[  435467ms] [ERROR] Failed to load resource: net::ERR_CONNECTION_REFUSED @ http://localhost:5173/api/v1/stations:0
[  435804ms] [ERROR] [API] Network error: no response received @ http://localhost:5173/src/lib/api.ts:19
[  435804ms] [ERROR] Failed to load resource: net::ERR_CONNECTION_REFUSED @ http://localhost:5173/api/v1/interventions:0
[  436809ms] [ERROR] [API] Network error: no response received @ http://localhost:5173/src/lib/api.ts:19
[  436810ms] [ERROR] Failed to load resource: net::ERR_CONNECTION_REFUSED @ http://localhost:5173/api/v1/interventions:0
[  438044ms] [ERROR] [API] Network error: no response received @ http://localhost:5173/src/lib/api.ts:19
[  438044ms] [ERROR] Failed to load resource: net::ERR_CONNECTION_REFUSED @ http://localhost:5173/api/v1/alerts/rich:0
[  438128ms] [ERROR] [API] Network error: no response received @ http://localhost:5173/src/lib/api.ts:19
[  438128ms] [ERROR] Failed to load resource: net::ERR_CONNECTION_REFUSED @ http://localhost:5173/api/v1/interventions:0
[  438297ms] [ERROR] WebSocket connection to 'ws://localhost:5173/ws/realtime' failed: Error in connection establishment: net::ERR_CONNECTION_REFUSED @ http://localhost:5173/src/lib/websocket.ts:47
[  439094ms] [ERROR] [API] Network error: no response received @ http://localhost:5173/src/lib/api.ts:19
[  439094ms] [ERROR] Failed to load resource: net::ERR_CONNECTION_REFUSED @ http://localhost:5173/api/v1/dashboard/kpis:0
[  439232ms] [ERROR] [API] Network error: no response received @ http://localhost:5173/src/lib/api.ts:19
[  439232ms] [ERROR] Failed to load resource: net::ERR_CONNECTION_REFUSED @ http://localhost:5173/api/v1/alerts/rich:0
[  439307ms] [ERROR] [API] Network error: no response received @ http://localhost:5173/src/lib/api.ts:19
[  439307ms] [ERROR] Failed to load resource: net::ERR_CONNECTION_REFUSED @ http://localhost:5173/api/v1/analytics/predictions:0
[  439490ms] [ERROR] [API] Network error: no response received @ http://localhost:5173/src/lib/api.ts:19
[  439491ms] [ERROR] Failed to load resource: net::ERR_CONNECTION_REFUSED @ http://localhost:5173/api/v1/dashboard/suggestions:0
[  439872ms] [ERROR] [API] Network error: no response received @ http://localhost:5173/src/lib/api.ts:19
[  439873ms] [ERROR] Failed to load resource: net::ERR_CONNECTION_REFUSED @ http://localhost:5173/api/v1/stations:0
[  440136ms] [ERROR] [API] Network error: no response received @ http://localhost:5173/src/lib/api.ts:19
[  440136ms] [ERROR] Failed to load resource: net::ERR_CONNECTION_REFUSED @ http://localhost:5173/api/v1/interventions:0
[  440516ms] [ERROR] WebSocket connection to 'ws://localhost:5173/' failed: Error in connection establishment: net::ERR_CONNECTION_REFUSED @ http://localhost:5173/@vite/client:1034
[  441427ms] [ERROR] [API] Network error: no response received @ http://localhost:5173/src/lib/api.ts:19
[  441427ms] [ERROR] Failed to load resource: net::ERR_CONNECTION_REFUSED @ http://localhost:5173/api/v1/alerts/rich:0
[  444294ms] [ERROR] [API] Network error: no response received @ http://localhost:5173/src/lib/api.ts:19
[  444294ms] [ERROR] Failed to load resource: net::ERR_CONNECTION_REFUSED @ http://localhost:5173/api/v1/interventions:0
[  444417ms] [ERROR] WebSocket connection to 'ws://localhost:5173/' failed: Error in connection establishment: net::ERR_CONNECTION_REFUSED @ http://localhost:5173/@vite/client:1034
[  445451ms] [ERROR] [API] Network error: no response received @ http://localhost:5173/src/lib/api.ts:19
[  445452ms] [ERROR] Failed to load resource: net::ERR_CONNECTION_REFUSED @ http://localhost:5173/api/v1/alerts/rich:0
[  445452ms] [ERROR] [API] Network error: no response received @ http://localhost:5173/src/lib/api.ts:19
[  445453ms] [ERROR] Failed to load resource: net::ERR_CONNECTION_REFUSED @ http://localhost:5173/api/v1/alerts:0
[  446297ms] [ERROR] [API] Network error: no response received @ http://localhost:5173/src/lib/api.ts:19
[  446297ms] [ERROR] Failed to load resource: net::ERR_CONNECTION_REFUSED @ http://localhost:5173/api/v1/interventions:0
[  446830ms] [ERROR] [API] Network error: no response received @ http://localhost:5173/src/lib/api.ts:19
[  446830ms] [ERROR] Failed to load resource: net::ERR_CONNECTION_REFUSED @ http://localhost:5173/api/v1/alerts:0
[  447483ms] [ERROR] [API] Network error: no response received @ http://localhost:5173/src/lib/api.ts:19
[  447483ms] [ERROR] Failed to load resource: net::ERR_CONNECTION_REFUSED @ http://localhost:5173/api/v1/interventions:0
[  448925ms] [ERROR] [API] Network error: no response received @ http://localhost:5173/src/lib/api.ts:19
[  448925ms] [ERROR] Failed to load resource: net::ERR_CONNECTION_REFUSED @ http://localhost:5173/api/v1/alerts:0
[  449550ms] [ERROR] WebSocket connection to 'ws://localhost:5173/' failed: Error in connection establishment: net::ERR_CONNECTION_REFUSED @ http://localhost:5173/@vite/client:1034
[  449760ms] [ERROR] [API] Network error: no response received @ http://localhost:5173/src/lib/api.ts:19
[  449760ms] [ERROR] Failed to load resource: net::ERR_CONNECTION_REFUSED @ http://localhost:5173/api/v1/interventions:0
[  451841ms] [ERROR] WebSocket connection to 'ws://localhost:5173/' failed: Error in connection establishment: net::ERR_CONNECTION_REFUSED @ http://localhost:5173/@vite/client:1034
[  453000ms] [ERROR] [API] Network error: no response received @ http://localhost:5173/src/lib/api.ts:19
[  453001ms] [ERROR] Failed to load resource: net::ERR_CONNECTION_REFUSED @ http://localhost:5173/api/v1/alerts:0
[  454005ms] [ERROR] [API] Network error: no response received @ http://localhost:5173/src/lib/api.ts:19
[  454005ms] [ERROR] Failed to load resource: net::ERR_CONNECTION_REFUSED @ http://localhost:5173/api/v1/alerts/rich:0
[  454077ms] [ERROR] [API] Network error: no response received @ http://localhost:5173/src/lib/api.ts:19
[  454077ms] [ERROR] Failed to load resource: net::ERR_CONNECTION_REFUSED @ http://localhost:5173/api/v1/interventions:0
[  455026ms] [ERROR] [API] Network error: no response received @ http://localhost:5173/src/lib/api.ts:19
[  455026ms] [ERROR] Failed to load resource: net::ERR_CONNECTION_REFUSED @ http://localhost:5173/api/v1/alerts/rich:0
[  455943ms] [ERROR] WebSocket connection to 'ws://localhost:5173/' failed: Error in connection establishment: net::ERR_CONNECTION_REFUSED @ http://localhost:5173/@vite/client:1034
[  457164ms] [ERROR] [API] Network error: no response received @ http://localhost:5173/src/lib/api.ts:19
[  457164ms] [ERROR] Failed to load resource: net::ERR_CONNECTION_REFUSED @ http://localhost:5173/api/v1/alerts/rich:0
[  458081ms] [ERROR] [API] Network error: no response received @ http://localhost:5173/src/lib/api.ts:19
[  458082ms] [ERROR] Failed to load resource: net::ERR_CONNECTION_REFUSED @ http://localhost:5173/api/v1/interventions:0
[  459228ms] [ERROR] [API] Network error: no response received @ http://localhost:5173/src/lib/api.ts:19
[  459228ms] [ERROR] Failed to load resource: net::ERR_CONNECTION_REFUSED @ http://localhost:5173/api/v1/interventions:0
[  460694ms] [ERROR] WebSocket connection to 'ws://localhost:5173/' failed: Error in connection establishment: net::ERR_CONNECTION_REFUSED @ http://localhost:5173/@vite/client:1034
[  461368ms] [ERROR] [API] Network error: no response received @ http://localhost:5173/src/lib/api.ts:19
[  461368ms] [ERROR] Failed to load resource: net::ERR_CONNECTION_REFUSED @ http://localhost:5173/api/v1/alerts/rich:0
[  461368ms] [ERROR] [API] Network error: no response received @ http://localhost:5173/src/lib/api.ts:19
[  461368ms] [ERROR] Failed to load resource: net::ERR_CONNECTION_REFUSED @ http://localhost:5173/api/v1/alerts:0
[  461386ms] [ERROR] [API] Network error: no response received @ http://localhost:5173/src/lib/api.ts:19
[  461386ms] [ERROR] Failed to load resource: net::ERR_CONNECTION_REFUSED @ http://localhost:5173/api/v1/interventions:0
[  462775ms] [ERROR] [API] Network error: no response received @ http://localhost:5173/src/lib/api.ts:19
[  462775ms] [ERROR] Failed to load resource: net::ERR_CONNECTION_REFUSED @ http://localhost:5173/api/v1/alerts:0
[  465195ms] [ERROR] [API] Network error: no response received @ http://localhost:5173/src/lib/api.ts:19
[  465195ms] [ERROR] Failed to load resource: net::ERR_CONNECTION_REFUSED @ http://localhost:5173/api/v1/alerts:0
[  465540ms] [ERROR] [API] Network error: no response received @ http://localhost:5173/src/lib/api.ts:19
[  465541ms] [ERROR] Failed to load resource: net::ERR_CONNECTION_REFUSED @ http://localhost:5173/api/v1/interventions:0
[  466031ms] [ERROR] WebSocket connection to 'ws://localhost:5173/' failed: Error in connection establishment: net::ERR_CONNECTION_REFUSED @ http://localhost:5173/@vite/client:1034
[  469101ms] [ERROR] [API] Network error: no response received @ http://localhost:5173/src/lib/api.ts:19
[  469102ms] [ERROR] Failed to load resource: net::ERR_CONNECTION_REFUSED @ http://localhost:5173/api/v1/dashboard/kpis:0
[  469212ms] [ERROR] [API] Network error: no response received @ http://localhost:5173/src/lib/api.ts:19
[  469213ms] [ERROR] Failed to load resource: net::ERR_CONNECTION_REFUSED @ http://localhost:5173/api/v1/alerts:0
[  469496ms] [ERROR] [API] Network error: no response received @ http://localhost:5173/src/lib/api.ts:19
[  469496ms] [ERROR] Failed to load resource: net::ERR_CONNECTION_REFUSED @ http://localhost:5173/api/v1/dashboard/suggestions:0
[  470548ms] [ERROR] [API] Network error: no response received @ http://localhost:5173/src/lib/api.ts:19
[  470548ms] [ERROR] Failed to load resource: net::ERR_CONNECTION_REFUSED @ http://localhost:5173/api/v1/dashboard/kpis:0
[  470578ms] [ERROR] [API] Network error: no response received @ http://localhost:5173/src/lib/api.ts:19
[  470578ms] [ERROR] Failed to load resource: net::ERR_CONNECTION_REFUSED @ http://localhost:5173/api/v1/dashboard/suggestions:0
[  470671ms] [ERROR] WebSocket connection to 'ws://localhost:5173/' failed: Error in connection establishment: net::ERR_CONNECTION_REFUSED @ http://localhost:5173/@vite/client:1034
[  471217ms] [ERROR] [API] Network error: no response received @ http://localhost:5173/src/lib/api.ts:19
[  471217ms] [ERROR] Failed to load resource: net::ERR_CONNECTION_REFUSED @ http://localhost:5173/api/v1/alerts/rich:0
[  472535ms] [ERROR] [API] Network error: no response received @ http://localhost:5173/src/lib/api.ts:19
[  472535ms] [ERROR] Failed to load resource: net::ERR_CONNECTION_REFUSED @ http://localhost:5173/api/v1/alerts/rich:0
[  472740ms] [ERROR] WebSocket connection to 'ws://localhost:5173/ws/realtime' failed: Error in connection establishment: net::ERR_CONNECTION_REFUSED @ http://localhost:5173/src/lib/websocket.ts:47
[  472742ms] [ERROR] [API] Network error: no response received @ http://localhost:5173/src/lib/api.ts:19
[  472742ms] [ERROR] Failed to load resource: net::ERR_CONNECTION_REFUSED @ http://localhost:5173/api/v1/dashboard/suggestions:0
[  472998ms] [ERROR] [API] Network error: no response received @ http://localhost:5173/src/lib/api.ts:19
[  472998ms] [ERROR] Failed to load resource: net::ERR_CONNECTION_REFUSED @ http://localhost:5173/api/v1/dashboard/kpis:0
[  474277ms] [ERROR] WebSocket connection to 'ws://localhost:5173/' failed: Error in connection establishment: net::ERR_CONNECTION_REFUSED @ http://localhost:5173/@vite/client:1034
[  474957ms] [ERROR] [API] Network error: no response received @ http://localhost:5173/src/lib/api.ts:19
[  474957ms] [ERROR] Failed to load resource: net::ERR_CONNECTION_REFUSED @ http://localhost:5173/api/v1/alerts/rich:0
[  476759ms] [ERROR] [API] Network error: no response received @ http://localhost:5173/src/lib/api.ts:19
[  476760ms] [ERROR] Failed to load resource: net::ERR_CONNECTION_REFUSED @ http://localhost:5173/api/v1/dashboard/suggestions:0
[  477275ms] [ERROR] [API] Network error: no response received @ http://localhost:5173/src/lib/api.ts:19
[  477275ms] [ERROR] Failed to load resource: net::ERR_CONNECTION_REFUSED @ http://localhost:5173/api/v1/dashboard/kpis:0
[  477763ms] [ERROR] [API] Network error: no response received @ http://localhost:5173/src/lib/api.ts:19
[  477763ms] [ERROR] Failed to load resource: net::ERR_CONNECTION_REFUSED @ http://localhost:5173/api/v1/dashboard/suggestions:0
[  478279ms] [ERROR] [API] Network error: no response received @ http://localhost:5173/src/lib/api.ts:19
[  478279ms] [ERROR] Failed to load resource: net::ERR_CONNECTION_REFUSED @ http://localhost:5173/api/v1/dashboard/kpis:0
[  478409ms] [ERROR] WebSocket connection to 'ws://localhost:5173/' failed: Error in connection establishment: net::ERR_CONNECTION_REFUSED @ http://localhost:5173/@vite/client:1034
[  478833ms] [ERROR] [API] Network error: no response received @ http://localhost:5173/src/lib/api.ts:19
[  478833ms] [ERROR] Failed to load resource: net::ERR_CONNECTION_REFUSED @ http://localhost:5173/api/v1/dashboard/suggestions:0
[  479235ms] [ERROR] [API] Network error: no response received @ http://localhost:5173/src/lib/api.ts:19
[  479236ms] [ERROR] Failed to load resource: net::ERR_CONNECTION_REFUSED @ http://localhost:5173/api/v1/alerts/rich:0
[  479237ms] [ERROR] [API] Network error: no response received @ http://localhost:5173/src/lib/api.ts:19
[  479237ms] [ERROR] Failed to load resource: net::ERR_CONNECTION_REFUSED @ http://localhost:5173/api/v1/alerts:0
[  479525ms] [ERROR] [API] Network error: no response received @ http://localhost:5173/src/lib/api.ts:19
[  479525ms] [ERROR] Failed to load resource: net::ERR_CONNECTION_REFUSED @ http://localhost:5173/api/v1/dashboard/kpis:0
[  480546ms] [ERROR] [API] Network error: no response received @ http://localhost:5173/src/lib/api.ts:19
[  480546ms] [ERROR] Failed to load resource: net::ERR_CONNECTION_REFUSED @ http://localhost:5173/api/v1/interventions:0
[  480671ms] [ERROR] [API] Network error: no response received @ http://localhost:5173/src/lib/api.ts:19
[  480672ms] [ERROR] Failed to load resource: net::ERR_CONNECTION_REFUSED @ http://localhost:5173/api/v1/alerts:0
[  480926ms] [ERROR] [API] Network error: no response received @ http://localhost:5173/src/lib/api.ts:19
[  480926ms] [ERROR] Failed to load resource: net::ERR_CONNECTION_REFUSED @ http://localhost:5173/api/v1/dashboard/suggestions:0
[  481849ms] [ERROR] [API] Network error: no response received @ http://localhost:5173/src/lib/api.ts:19
[  481849ms] [ERROR] Failed to load resource: net::ERR_CONNECTION_REFUSED @ http://localhost:5173/api/v1/interventions:0
[  481895ms] [ERROR] [API] Network error: no response received @ http://localhost:5173/src/lib/api.ts:19
[  481895ms] [ERROR] Failed to load resource: net::ERR_CONNECTION_REFUSED @ http://localhost:5173/api/v1/dashboard/kpis:0
[  483056ms] [ERROR] [API] Network error: no response received @ http://localhost:5173/src/lib/api.ts:19
[  483056ms] [ERROR] Failed to load resource: net::ERR_CONNECTION_REFUSED @ http://localhost:5173/api/v1/alerts:0
[  484089ms] [ERROR] WebSocket connection to 'ws://localhost:5173/' failed: Error in connection establishment: net::ERR_CONNECTION_REFUSED @ http://localhost:5173/@vite/client:1034
[  484107ms] [ERROR] [API] Network error: no response received @ http://localhost:5173/src/lib/api.ts:19
[  484107ms] [ERROR] Failed to load resource: net::ERR_CONNECTION_REFUSED @ http://localhost:5173/api/v1/interventions:0
[  485123ms] [ERROR] [API] Network error: no response received @ http://localhost:5173/src/lib/api.ts:19
[  485124ms] [ERROR] Failed to load resource: net::ERR_CONNECTION_REFUSED @ http://localhost:5173/api/v1/dashboard/suggestions:0
[  486124ms] [ERROR] [API] Network error: no response received @ http://localhost:5173/src/lib/api.ts:19
[  486124ms] [ERROR] Failed to load resource: net::ERR_CONNECTION_REFUSED @ http://localhost:5173/api/v1/dashboard/kpis:0
[  487128ms] [ERROR] [API] Network error: no response received @ http://localhost:5173/src/lib/api.ts:19
[  487128ms] [ERROR] Failed to load resource: net::ERR_CONNECTION_REFUSED @ http://localhost:5173/api/v1/dashboard/suggestions:0
[  487203ms] [ERROR] [API] Network error: no response received @ http://localhost:5173/src/lib/api.ts:19
[  487203ms] [ERROR] Failed to load resource: net::ERR_CONNECTION_REFUSED @ http://localhost:5173/api/v1/alerts:0
[  488029ms] [ERROR] WebSocket connection to 'ws://localhost:5173/' failed: Error in connection establishment: net::ERR_CONNECTION_REFUSED @ http://localhost:5173/@vite/client:1034
[  488129ms] [ERROR] [API] Network error: no response received @ http://localhost:5173/src/lib/api.ts:19
[  488129ms] [ERROR] Failed to load resource: net::ERR_CONNECTION_REFUSED @ http://localhost:5173/api/v1/dashboard/kpis:0
[  488140ms] [ERROR] [API] Network error: no response received @ http://localhost:5173/src/lib/api.ts:19
[  488141ms] [ERROR] Failed to load resource: net::ERR_CONNECTION_REFUSED @ http://localhost:5173/api/v1/interventions:0
[  488336ms] [ERROR] [API] Network error: no response received @ http://localhost:5173/src/lib/api.ts:19
[  488336ms] [ERROR] Failed to load resource: net::ERR_CONNECTION_REFUSED @ http://localhost:5173/api/v1/dashboard/suggestions:0
[  489146ms] [ERROR] [API] Network error: no response received @ http://localhost:5173/src/lib/api.ts:19
[  489146ms] [ERROR] Failed to load resource: net::ERR_CONNECTION_REFUSED @ http://localhost:5173/api/v1/interventions:0
[  489627ms] [ERROR] [API] Network error: no response received @ http://localhost:5173/src/lib/api.ts:19
[  489627ms] [ERROR] Failed to load resource: net::ERR_CONNECTION_REFUSED @ http://localhost:5173/api/v1/dashboard/kpis:0
[  490509ms] [ERROR] [API] Network error: no response received @ http://localhost:5173/src/lib/api.ts:19
[  490509ms] [ERROR] Failed to load resource: net::ERR_CONNECTION_REFUSED @ http://localhost:5173/api/v1/interventions:0
[  490660ms] [ERROR] [API] Network error: no response received @ http://localhost:5173/src/lib/api.ts:19
[  490660ms] [ERROR] Failed to load resource: net::ERR_CONNECTION_REFUSED @ http://localhost:5173/api/v1/dashboard/suggestions:0
[  491208ms] [ERROR] [API] Network error: no response received @ http://localhost:5173/src/lib/api.ts:19
[  491209ms] [ERROR] Failed to load resource: net::ERR_CONNECTION_REFUSED @ http://localhost:5173/api/v1/alerts/rich:0
[  491673ms] [ERROR] [API] Network error: no response received @ http://localhost:5173/src/lib/api.ts:19
[  491673ms] [ERROR] Failed to load resource: net::ERR_CONNECTION_REFUSED @ http://localhost:5173/api/v1/dashboard/kpis:0
[  492222ms] [ERROR] WebSocket connection to 'ws://localhost:5173/' failed: Error in connection establishment: net::ERR_CONNECTION_REFUSED @ http://localhost:5173/@vite/client:1034
[  492630ms] [ERROR] [API] Network error: no response received @ http://localhost:5173/src/lib/api.ts:19
[  492630ms] [ERROR] Failed to load resource: net::ERR_CONNECTION_REFUSED @ http://localhost:5173/api/v1/alerts/rich:0
[  492962ms] [ERROR] [API] Network error: no response received @ http://localhost:5173/src/lib/api.ts:19
[  492962ms] [ERROR] Failed to load resource: net::ERR_CONNECTION_REFUSED @ http://localhost:5173/api/v1/interventions:0
[  494480ms] [ERROR] WebSocket connection to 'ws://localhost:5173/' failed: Error in connection establishment: net::ERR_CONNECTION_REFUSED @ http://localhost:5173/@vite/client:1034
[  494681ms] [ERROR] [API] Network error: no response received @ http://localhost:5173/src/lib/api.ts:19
[  494681ms] [ERROR] Failed to load resource: net::ERR_CONNECTION_REFUSED @ http://localhost:5173/api/v1/dashboard/suggestions:0
[  495105ms] [ERROR] [API] Network error: no response received @ http://localhost:5173/src/lib/api.ts:19
[  495105ms] [ERROR] Failed to load resource: net::ERR_CONNECTION_REFUSED @ http://localhost:5173/api/v1/alerts/rich:0
[  495912ms] [ERROR] [API] Network error: no response received @ http://localhost:5173/src/lib/api.ts:19
[  495912ms] [ERROR] Failed to load resource: net::ERR_CONNECTION_REFUSED @ http://localhost:5173/api/v1/dashboard/kpis:0
[  496985ms] [ERROR] WebSocket connection to 'ws://localhost:5173/' failed: Error in connection establishment: net::ERR_CONNECTION_REFUSED @ http://localhost:5173/@vite/client:1034
[  497251ms] [ERROR] [API] Network error: no response received @ http://localhost:5173/src/lib/api.ts:19
[  497251ms] [ERROR] Failed to load resource: net::ERR_CONNECTION_REFUSED @ http://localhost:5173/api/v1/interventions:0
[  498686ms] [ERROR] [API] Network error: no response received @ http://localhost:5173/src/lib/api.ts:19
[  498686ms] [ERROR] Failed to load resource: net::ERR_CONNECTION_REFUSED @ http://localhost:5173/api/v1/dashboard/suggestions:0
[  499256ms] [ERROR] [API] Network error: no response received @ http://localhost:5173/src/lib/api.ts:19
[  499256ms] [ERROR] Failed to load resource: net::ERR_CONNECTION_REFUSED @ http://localhost:5173/api/v1/interventions:0
[  499284ms] [ERROR] [API] Network error: no response received @ http://localhost:5173/src/lib/api.ts:19
[  499284ms] [ERROR] Failed to load resource: net::ERR_CONNECTION_REFUSED @ http://localhost:5173/api/v1/alerts/rich:0
[  499285ms] [ERROR] [API] Network error: no response received @ http://localhost:5173/src/lib/api.ts:19
[  499286ms] [ERROR] Failed to load resource: net::ERR_CONNECTION_REFUSED @ http://localhost:5173/api/v1/alerts:0
[  499800ms] [ERROR] [API] Network error: no response received @ http://localhost:5173/src/lib/api.ts:19
[  499800ms] [ERROR] Failed to load resource: net::ERR_CONNECTION_REFUSED @ http://localhost:5173/api/v1/dashboard/suggestions:0
[  499877ms] [ERROR] [API] Network error: no response received @ http://localhost:5173/src/lib/api.ts:19
[  499877ms] [ERROR] Failed to load resource: net::ERR_CONNECTION_REFUSED @ http://localhost:5173/api/v1/stations:0
[  499917ms] [ERROR] [API] Network error: no response received @ http://localhost:5173/src/lib/api.ts:19
[  499917ms] [ERROR] Failed to load resource: net::ERR_CONNECTION_REFUSED @ http://localhost:5173/api/v1/dashboard/kpis:0
[  500371ms] [ERROR] [API] Network error: no response received @ http://localhost:5173/src/lib/api.ts:19
[  500371ms] [ERROR] Failed to load resource: net::ERR_CONNECTION_REFUSED @ http://localhost:5173/api/v1/interventions:0
[  500767ms] [ERROR] [API] Network error: no response received @ http://localhost:5173/src/lib/api.ts:19
[  500767ms] [ERROR] Failed to load resource: net::ERR_CONNECTION_REFUSED @ http://localhost:5173/api/v1/alerts:0
[  500983ms] [ERROR] [API] Network error: no response received @ http://localhost:5173/src/lib/api.ts:19
[  500983ms] [ERROR] Failed to load resource: net::ERR_CONNECTION_REFUSED @ http://localhost:5173/api/v1/dashboard/kpis:0
[  501010ms] [ERROR] [API] Network error: no response received @ http://localhost:5173/src/lib/api.ts:19
[  501010ms] [ERROR] Failed to load resource: net::ERR_CONNECTION_REFUSED @ http://localhost:5173/api/v1/stations:0
[  501524ms] [ERROR] WebSocket connection to 'ws://localhost:5173/' failed: Error in connection establishment: net::ERR_CONNECTION_REFUSED @ http://localhost:5173/@vite/client:1034
[  501981ms] [ERROR] [API] Network error: no response received @ http://localhost:5173/src/lib/api.ts:19
[  501981ms] [ERROR] Failed to load resource: net::ERR_CONNECTION_REFUSED @ http://localhost:5173/api/v1/dashboard/suggestions:0
[  502654ms] [ERROR] [API] Network error: no response received @ http://localhost:5173/src/lib/api.ts:19
[  502654ms] [ERROR] Failed to load resource: net::ERR_CONNECTION_REFUSED @ http://localhost:5173/api/v1/interventions:0
[  503091ms] [ERROR] [API] Network error: no response received @ http://localhost:5173/src/lib/api.ts:19
[  503091ms] [ERROR] Failed to load resource: net::ERR_CONNECTION_REFUSED @ http://localhost:5173/api/v1/alerts:0
[  503188ms] [ERROR] [API] Network error: no response received @ http://localhost:5173/src/lib/api.ts:19
[  503188ms] [ERROR] Failed to load resource: net::ERR_CONNECTION_REFUSED @ http://localhost:5173/api/v1/stations:0
[  503342ms] [ERROR] [API] Network error: no response received @ http://localhost:5173/src/lib/api.ts:19
[  503342ms] [ERROR] Failed to load resource: net::ERR_CONNECTION_REFUSED @ http://localhost:5173/api/v1/dashboard/kpis:0
[  504990ms] [ERROR] WebSocket connection to 'ws://localhost:5173/ws/realtime' failed: Error in connection establishment: net::ERR_CONNECTION_REFUSED @ http://localhost:5173/src/lib/websocket.ts:47
[  506449ms] [ERROR] [API] Network error: no response received @ http://localhost:5173/src/lib/api.ts:19
[  506450ms] [ERROR] Failed to load resource: net::ERR_CONNECTION_REFUSED @ http://localhost:5173/api/v1/dashboard/suggestions:0
[  507054ms] [ERROR] [API] Network error: no response received @ http://localhost:5173/src/lib/api.ts:19
[  507055ms] [ERROR] Failed to load resource: net::ERR_CONNECTION_REFUSED @ http://localhost:5173/api/v1/interventions:0
[  507223ms] [ERROR] [API] Network error: no response received @ http://localhost:5173/src/lib/api.ts:19
[  507224ms] [ERROR] Failed to load resource: net::ERR_CONNECTION_REFUSED @ http://localhost:5173/api/v1/alerts:0
[  507311ms] [ERROR] WebSocket connection to 'ws://localhost:5173/' failed: Error in connection establishment: net::ERR_CONNECTION_REFUSED @ http://localhost:5173/@vite/client:1034
[  507687ms] [ERROR] [API] Network error: no response received @ http://localhost:5173/src/lib/api.ts:19
[  507688ms] [ERROR] Failed to load resource: net::ERR_CONNECTION_REFUSED @ http://localhost:5173/api/v1/stations:0
[  507791ms] [ERROR] [API] Network error: no response received @ http://localhost:5173/src/lib/api.ts:19
[  507791ms] [ERROR] Failed to load resource: net::ERR_CONNECTION_REFUSED @ http://localhost:5173/api/v1/dashboard/kpis:0
[  508692ms] [ERROR] [API] Network error: no response received @ http://localhost:5173/src/lib/api.ts:19
[  508692ms] [ERROR] Failed to load resource: net::ERR_CONNECTION_REFUSED @ http://localhost:5173/api/v1/stations:0
[  509792ms] [ERROR] WebSocket connection to 'ws://localhost:5173/' failed: Error in connection establishment: net::ERR_CONNECTION_REFUSED @ http://localhost:5173/@vite/client:1034
[  510011ms] [ERROR] [API] Network error: no response received @ http://localhost:5173/src/lib/api.ts:19
[  510011ms] [ERROR] Failed to load resource: net::ERR_CONNECTION_REFUSED @ http://localhost:5173/api/v1/stations:0
[  511058ms] [ERROR] [API] Network error: no response received @ http://localhost:5173/src/lib/api.ts:19
[  511058ms] [ERROR] Failed to load resource: net::ERR_CONNECTION_REFUSED @ http://localhost:5173/api/v1/interventions:0
[  512102ms] [ERROR] WebSocket connection to 'ws://localhost:5173/' failed: Error in connection establishment: net::ERR_CONNECTION_REFUSED @ http://localhost:5173/@vite/client:1034
[  512416ms] [ERROR] [API] Network error: no response received @ http://localhost:5173/src/lib/api.ts:19
[  512416ms] [ERROR] Failed to load resource: net::ERR_CONNECTION_REFUSED @ http://localhost:5173/api/v1/interventions:0
[  512510ms] [ERROR] [API] Network error: no response received @ http://localhost:5173/src/lib/api.ts:19
[  512510ms] [ERROR] Failed to load resource: net::ERR_CONNECTION_REFUSED @ http://localhost:5173/api/v1/stations:0
[  514470ms] [ERROR] [API] Network error: no response received @ http://localhost:5173/src/lib/api.ts:19
[  514470ms] [ERROR] Failed to load resource: net::ERR_CONNECTION_REFUSED @ http://localhost:5173/api/v1/interventions:0
[  515037ms] [ERROR] WebSocket connection to 'ws://localhost:5173/' failed: Error in connection establishment: net::ERR_CONNECTION_REFUSED @ http://localhost:5173/@vite/client:1034
[  516744ms] [ERROR] [API] Network error: no response received @ http://localhost:5173/src/lib/api.ts:19
[  516744ms] [ERROR] Failed to load resource: net::ERR_CONNECTION_REFUSED @ http://localhost:5173/api/v1/stations:0
[  518749ms] [ERROR] [API] Network error: no response received @ http://localhost:5173/src/lib/api.ts:19
[  518749ms] [ERROR] Failed to load resource: net::ERR_CONNECTION_REFUSED @ http://localhost:5173/api/v1/stations:0
[  518826ms] [ERROR] [API] Network error: no response received @ http://localhost:5173/src/lib/api.ts:19
[  518826ms] [ERROR] Failed to load resource: net::ERR_CONNECTION_REFUSED @ http://localhost:5173/api/v1/interventions:0
[  519035ms] [ERROR] WebSocket connection to 'ws://localhost:5173/' failed: Error in connection establishment: net::ERR_CONNECTION_REFUSED @ http://localhost:5173/@vite/client:1034
[  520037ms] [ERROR] [API] Network error: no response received @ http://localhost:5173/src/lib/api.ts:19
[  520038ms] [ERROR] Failed to load resource: net::ERR_CONNECTION_REFUSED @ http://localhost:5173/api/v1/stations:0
[  522215ms] [ERROR] [API] Network error: no response received @ http://localhost:5173/src/lib/api.ts:19
[  522215ms] [ERROR] Failed to load resource: net::ERR_CONNECTION_REFUSED @ http://localhost:5173/api/v1/stations:0
[  522228ms] [ERROR] [API] Network error: no response received @ http://localhost:5173/src/lib/api.ts:19
[  522229ms] [ERROR] Failed to load resource: net::ERR_CONNECTION_REFUSED @ http://localhost:5173/api/v1/alerts/rich:0
[  523478ms] [ERROR] [API] Network error: no response received @ http://localhost:5173/src/lib/api.ts:19
[  523478ms] [ERROR] Failed to load resource: net::ERR_CONNECTION_REFUSED @ http://localhost:5173/api/v1/alerts/rich:0
[  524840ms] [ERROR] WebSocket connection to 'ws://localhost:5173/' failed: Error in connection establishment: net::ERR_CONNECTION_REFUSED @ http://localhost:5173/@vite/client:1034
[  525547ms] [ERROR] [API] Network error: no response received @ http://localhost:5173/src/lib/api.ts:19
[  525547ms] [ERROR] Failed to load resource: net::ERR_CONNECTION_REFUSED @ http://localhost:5173/api/v1/alerts/rich:0
[  526527ms] [ERROR] [API] Network error: no response received @ http://localhost:5173/src/lib/api.ts:19
[  526528ms] [ERROR] Failed to load resource: net::ERR_CONNECTION_REFUSED @ http://localhost:5173/api/v1/stations:0
[  527154ms] [ERROR] WebSocket connection to 'ws://localhost:5173/' failed: Error in connection establishment: net::ERR_CONNECTION_REFUSED @ http://localhost:5173/@vite/client:1034
[  529759ms] [ERROR] [API] Network error: no response received @ http://localhost:5173/src/lib/api.ts:19
[  529760ms] [ERROR] Failed to load resource: net::ERR_CONNECTION_REFUSED @ http://localhost:5173/api/v1/alerts/rich:0
[  529761ms] [ERROR] [API] Network error: no response received @ http://localhost:5173/src/lib/api.ts:19
[  529761ms] [ERROR] Failed to load resource: net::ERR_CONNECTION_REFUSED @ http://localhost:5173/api/v1/alerts:0
[  530532ms] [ERROR] [API] Network error: no response received @ http://localhost:5173/src/lib/api.ts:19
[  530532ms] [ERROR] Failed to load resource: net::ERR_CONNECTION_REFUSED @ http://localhost:5173/api/v1/stations:0
[  531202ms] [ERROR] [API] Network error: no response received @ http://localhost:5173/src/lib/api.ts:19
[  531202ms] [ERROR] Failed to load resource: net::ERR_CONNECTION_REFUSED @ http://localhost:5173/api/v1/alerts:0
[  531550ms] [ERROR] WebSocket connection to 'ws://localhost:5173/' failed: Error in connection establishment: net::ERR_CONNECTION_REFUSED @ http://localhost:5173/@vite/client:1034
[  531575ms] [ERROR] [API] Network error: no response received @ http://localhost:5173/src/lib/api.ts:19
[  531575ms] [ERROR] Failed to load resource: net::ERR_CONNECTION_REFUSED @ http://localhost:5173/api/v1/stations:0
[  533652ms] [ERROR] [API] Network error: no response received @ http://localhost:5173/src/lib/api.ts:19
[  533652ms] [ERROR] Failed to load resource: net::ERR_CONNECTION_REFUSED @ http://localhost:5173/api/v1/alerts:0
[  533831ms] [ERROR] [API] Network error: no response received @ http://localhost:5173/src/lib/api.ts:19
[  533831ms] [ERROR] Failed to load resource: net::ERR_CONNECTION_REFUSED @ http://localhost:5173/api/v1/interventions:0
[  533890ms] [ERROR] [API] Network error: no response received @ http://localhost:5173/src/lib/api.ts:19
[  533890ms] [ERROR] Failed to load resource: net::ERR_CONNECTION_REFUSED @ http://localhost:5173/api/v1/stations:0
[  534717ms] [ERROR] WebSocket connection to 'ws://localhost:5173/' failed: Error in connection establishment: net::ERR_CONNECTION_REFUSED @ http://localhost:5173/@vite/client:1034
[  535327ms] [ERROR] [API] Network error: no response received @ http://localhost:5173/src/lib/api.ts:19
[  535328ms] [ERROR] Failed to load resource: net::ERR_CONNECTION_REFUSED @ http://localhost:5173/api/v1/interventions:0
[  536454ms] [ERROR] [API] Network error: no response received @ http://localhost:5173/src/lib/api.ts:19
[  536454ms] [ERROR] Failed to load resource: net::ERR_CONNECTION_REFUSED @ http://localhost:5173/api/v1/dashboard/suggestions:0
[  536466ms] [ERROR] WebSocket connection to 'ws://localhost:5173/ws/realtime' failed: Error in connection establishment: net::ERR_CONNECTION_REFUSED @ http://localhost:5173/src/lib/websocket.ts:47
[  537174ms] [ERROR] WebSocket connection to 'ws://localhost:5173/' failed: Error in connection establishment: net::ERR_CONNECTION_REFUSED @ http://localhost:5173/@vite/client:1034
[  537459ms] [ERROR] [API] Network error: no response received @ http://localhost:5173/src/lib/api.ts:19
[  537459ms] [ERROR] Failed to load resource: net::ERR_CONNECTION_REFUSED @ http://localhost:5173/api/v1/interventions:0
[  537668ms] [ERROR] [API] Network error: no response received @ http://localhost:5173/src/lib/api.ts:19
[  537669ms] [ERROR] Failed to load resource: net::ERR_CONNECTION_REFUSED @ http://localhost:5173/api/v1/alerts:0
[  537796ms] [ERROR] [API] Network error: no response received @ http://localhost:5173/src/lib/api.ts:19
[  537796ms] [ERROR] Failed to load resource: net::ERR_CONNECTION_REFUSED @ http://localhost:5173/api/v1/dashboard/kpis:0
[  537893ms] [ERROR] [API] Network error: no response received @ http://localhost:5173/src/lib/api.ts:19
[  537893ms] [ERROR] Failed to load resource: net::ERR_CONNECTION_REFUSED @ http://localhost:5173/api/v1/dashboard/suggestions:0
[  538332ms] [ERROR] [API] Network error: no response received @ http://localhost:5173/src/lib/api.ts:19
[  538333ms] [ERROR] Failed to load resource: net::ERR_CONNECTION_REFUSED @ http://localhost:5173/api/v1/stations:0
[  538674ms] [ERROR] [API] Network error: no response received @ http://localhost:5173/src/lib/api.ts:19
[  538675ms] [ERROR] Failed to load resource: net::ERR_CONNECTION_REFUSED @ http://localhost:5173/api/v1/alerts/rich:0
[  539010ms] [ERROR] [API] Network error: no response received @ http://localhost:5173/src/lib/api.ts:19
[  539010ms] [ERROR] Failed to load resource: net::ERR_CONNECTION_REFUSED @ http://localhost:5173/api/v1/dashboard/kpis:0
[  539299ms] [ERROR] WebSocket connection to 'ws://localhost:5173/' failed: Error in connection establishment: net::ERR_CONNECTION_REFUSED @ http://localhost:5173/@vite/client:1034
[  540082ms] [ERROR] [API] Network error: no response received @ http://localhost:5173/src/lib/api.ts:19
[  540082ms] [ERROR] Failed to load resource: net::ERR_CONNECTION_REFUSED @ http://localhost:5173/api/v1/alerts/rich:0
[  540390ms] [ERROR] [API] Network error: no response received @ http://localhost:5173/src/lib/api.ts:19
[  540390ms] [ERROR] Failed to load resource: net::ERR_CONNECTION_REFUSED @ http://localhost:5173/api/v1/dashboard/suggestions:0
[  541147ms] [ERROR] [API] Network error: no response received @ http://localhost:5173/src/lib/api.ts:19
[  541147ms] [ERROR] Failed to load resource: net::ERR_CONNECTION_REFUSED @ http://localhost:5173/api/v1/dashboard/kpis:0
[  541483ms] [ERROR] [API] Network error: no response received @ http://localhost:5173/src/lib/api.ts:19
[  541483ms] [ERROR] Failed to load resource: net::ERR_CONNECTION_REFUSED @ http://localhost:5173/api/v1/interventions:0
[  542322ms] [ERROR] [API] Network error: no response received @ http://localhost:5173/src/lib/api.ts:19
[  542323ms] [ERROR] Failed to load resource: net::ERR_CONNECTION_REFUSED @ http://localhost:5173/api/v1/alerts/rich:0
[  542487ms] [ERROR] [API] Network error: no response received @ http://localhost:5173/src/lib/api.ts:19
[  542487ms] [ERROR] Failed to load resource: net::ERR_CONNECTION_REFUSED @ http://localhost:5173/api/v1/interventions:0
[  543138ms] [ERROR] WebSocket connection to 'ws://localhost:5173/' failed: Error in connection establishment: net::ERR_CONNECTION_REFUSED @ http://localhost:5173/@vite/client:1034
[  543988ms] [ERROR] [API] Network error: no response received @ http://localhost:5173/src/lib/api.ts:19
[  543989ms] [ERROR] Failed to load resource: net::ERR_CONNECTION_REFUSED @ http://localhost:5173/api/v1/interventions:0
[  544871ms] [ERROR] [API] Network error: no response received @ http://localhost:5173/src/lib/api.ts:19
[  544871ms] [ERROR] Failed to load resource: net::ERR_CONNECTION_REFUSED @ http://localhost:5173/api/v1/dashboard/suggestions:0
[  545194ms] [ERROR] [API] Network error: no response received @ http://localhost:5173/src/lib/api.ts:19
[  545195ms] [ERROR] Failed to load resource: net::ERR_CONNECTION_REFUSED @ http://localhost:5173/api/v1/dashboard/kpis:0
[  545662ms] [ERROR] WebSocket connection to 'ws://localhost:5173/' failed: Error in connection establishment: net::ERR_CONNECTION_REFUSED @ http://localhost:5173/@vite/client:1034
[  545875ms] [ERROR] [API] Network error: no response received @ http://localhost:5173/src/lib/api.ts:19
[  545875ms] [ERROR] Failed to load resource: net::ERR_CONNECTION_REFUSED @ http://localhost:5173/api/v1/dashboard/suggestions:0
[  546135ms] [ERROR] [API] Network error: no response received @ http://localhost:5173/src/lib/api.ts:19
[  546135ms] [ERROR] Failed to load resource: net::ERR_CONNECTION_REFUSED @ http://localhost:5173/api/v1/interventions:0
[  546199ms] [ERROR] [API] Network error: no response received @ http://localhost:5173/src/lib/api.ts:19
[  546199ms] [ERROR] Failed to load resource: net::ERR_CONNECTION_REFUSED @ http://localhost:5173/api/v1/dashboard/kpis:0
[  546347ms] [ERROR] [API] Network error: no response received @ http://localhost:5173/src/lib/api.ts:19
[  546347ms] [ERROR] Failed to load resource: net::ERR_CONNECTION_REFUSED @ http://localhost:5173/api/v1/alerts/rich:0
[  546348ms] [ERROR] [API] Network error: no response received @ http://localhost:5173/src/lib/api.ts:19
[  546348ms] [ERROR] Failed to load resource: net::ERR_CONNECTION_REFUSED @ http://localhost:5173/api/v1/alerts:0
[  547003ms] [ERROR] [API] Network error: no response received @ http://localhost:5173/src/lib/api.ts:19
[  547003ms] [ERROR] Failed to load resource: net::ERR_CONNECTION_REFUSED @ http://localhost:5173/api/v1/dashboard/suggestions:0
[  547209ms] [ERROR] [API] Network error: no response received @ http://localhost:5173/src/lib/api.ts:19
[  547209ms] [ERROR] Failed to load resource: net::ERR_CONNECTION_REFUSED @ http://localhost:5173/api/v1/dashboard/kpis:0
[  547821ms] [ERROR] [API] Network error: no response received @ http://localhost:5173/src/lib/api.ts:19
[  547821ms] [ERROR] Failed to load resource: net::ERR_CONNECTION_REFUSED @ http://localhost:5173/api/v1/alerts:0
[  549485ms] [ERROR] [API] Network error: no response received @ http://localhost:5173/src/lib/api.ts:19
[  549485ms] [ERROR] Failed to load resource: net::ERR_CONNECTION_REFUSED @ http://localhost:5173/api/v1/dashboard/suggestions:0
[  549508ms] [ERROR] [API] Network error: no response received @ http://localhost:5173/src/lib/api.ts:19
[  549508ms] [ERROR] Failed to load resource: net::ERR_CONNECTION_REFUSED @ http://localhost:5173/api/v1/dashboard/kpis:0
[  550274ms] [ERROR] [API] Network error: no response received @ http://localhost:5173/src/lib/api.ts:19
[  550274ms] [ERROR] Failed to load resource: net::ERR_CONNECTION_REFUSED @ http://localhost:5173/api/v1/interventions:0
[  550274ms] [ERROR] WebSocket connection to 'ws://localhost:5173/' failed: Error in connection establishment: net::ERR_CONNECTION_REFUSED @ http://localhost:5173/@vite/client:1034
[  550275ms] [ERROR] [API] Network error: no response received @ http://localhost:5173/src/lib/api.ts:19
[  550275ms] [ERROR] Failed to load resource: net::ERR_CONNECTION_REFUSED @ http://localhost:5173/api/v1/alerts:0
[  552279ms] [ERROR] [API] Network error: no response received @ http://localhost:5173/src/lib/api.ts:19
[  552279ms] [ERROR] Failed to load resource: net::ERR_CONNECTION_REFUSED @ http://localhost:5173/api/v1/interventions:0
[  553455ms] [ERROR] [API] Network error: no response received @ http://localhost:5173/src/lib/api.ts:19
[  553455ms] [ERROR] Failed to load resource: net::ERR_CONNECTION_REFUSED @ http://localhost:5173/api/v1/interventions:0
[  553791ms] [ERROR] [API] Network error: no response received @ http://localhost:5173/src/lib/api.ts:19
[  553792ms] [ERROR] Failed to load resource: net::ERR_CONNECTION_REFUSED @ http://localhost:5173/api/v1/dashboard/suggestions:0
[  554001ms] [ERROR] [API] Network error: no response received @ http://localhost:5173/src/lib/api.ts:19
[  554002ms] [ERROR] Failed to load resource: net::ERR_CONNECTION_REFUSED @ http://localhost:5173/api/v1/dashboard/kpis:0
[  554252ms] [ERROR] WebSocket connection to 'ws://localhost:5173/' failed: Error in connection establishment: net::ERR_CONNECTION_REFUSED @ http://localhost:5173/@vite/client:1034
[  554592ms] [ERROR] [API] Network error: no response received @ http://localhost:5173/src/lib/api.ts:19
[  554592ms] [ERROR] Failed to load resource: net::ERR_CONNECTION_REFUSED @ http://localhost:5173/api/v1/alerts:0
[  555795ms] [ERROR] [API] Network error: no response received @ http://localhost:5173/src/lib/api.ts:19
[  555796ms] [ERROR] Failed to load resource: net::ERR_CONNECTION_REFUSED @ http://localhost:5173/api/v1/dashboard/suggestions:0
[  555847ms] [ERROR] [API] Network error: no response received @ http://localhost:5173/src/lib/api.ts:19
[  555847ms] [ERROR] Failed to load resource: net::ERR_CONNECTION_REFUSED @ http://localhost:5173/api/v1/interventions:0
[  556006ms] [ERROR] [API] Network error: no response received @ http://localhost:5173/src/lib/api.ts:19
[  556006ms] [ERROR] Failed to load resource: net::ERR_CONNECTION_REFUSED @ http://localhost:5173/api/v1/dashboard/kpis:0
[  556596ms] [ERROR] [API] Network error: no response received @ http://localhost:5173/src/lib/api.ts:19
[  556596ms] [ERROR] Failed to load resource: net::ERR_CONNECTION_REFUSED @ http://localhost:5173/api/v1/alerts/rich:0
[  556866ms] [ERROR] [API] Network error: no response received @ http://localhost:5173/src/lib/api.ts:19
[  556866ms] [ERROR] Failed to load resource: net::ERR_CONNECTION_REFUSED @ http://localhost:5173/api/v1/dashboard/suggestions:0
[  557038ms] [ERROR] [API] Network error: no response received @ http://localhost:5173/src/lib/api.ts:19
[  557038ms] [ERROR] Failed to load resource: net::ERR_CONNECTION_REFUSED @ http://localhost:5173/api/v1/dashboard/kpis:0
[  557577ms] [ERROR] WebSocket connection to 'ws://localhost:5173/' failed: Error in connection establishment: net::ERR_CONNECTION_REFUSED @ http://localhost:5173/@vite/client:1034
[  557714ms] [ERROR] [API] Network error: no response received @ http://localhost:5173/src/lib/api.ts:19
[  557714ms] [ERROR] Failed to load resource: net::ERR_CONNECTION_REFUSED @ http://localhost:5173/api/v1/alerts/rich:0
[  559252ms] [ERROR] [API] Network error: no response received @ http://localhost:5173/src/lib/api.ts:19
[  559252ms] [ERROR] Failed to load resource: net::ERR_CONNECTION_REFUSED @ http://localhost:5173/api/v1/dashboard/kpis:0
[  559338ms] [ERROR] [API] Network error: no response received @ http://localhost:5173/src/lib/api.ts:19
[  559338ms] [ERROR] Failed to load resource: net::ERR_CONNECTION_REFUSED @ http://localhost:5173/api/v1/dashboard/suggestions:0
[  559972ms] [ERROR] [API] Network error: no response received @ http://localhost:5173/src/lib/api.ts:19
[  559972ms] [ERROR] Failed to load resource: net::ERR_CONNECTION_REFUSED @ http://localhost:5173/api/v1/alerts/rich:0
[  560208ms] [ERROR] [API] Network error: no response received @ http://localhost:5173/src/lib/api.ts:19
[  560209ms] [ERROR] Failed to load resource: net::ERR_CONNECTION_REFUSED @ http://localhost:5173/api/v1/interventions:0
[  560294ms] [ERROR] WebSocket connection to 'ws://localhost:5173/' failed: Error in connection establishment: net::ERR_CONNECTION_REFUSED @ http://localhost:5173/@vite/client:1034
[  563427ms] [ERROR] [API] Network error: no response received @ http://localhost:5173/src/lib/api.ts:19
[  563427ms] [ERROR] Failed to load resource: net::ERR_CONNECTION_REFUSED @ http://localhost:5173/api/v1/dashboard/suggestions:0
[  563601ms] [ERROR] [API] Network error: no response received @ http://localhost:5173/src/lib/api.ts:19
[  563601ms] [ERROR] Failed to load resource: net::ERR_CONNECTION_REFUSED @ http://localhost:5173/api/v1/dashboard/kpis:0
[  563938ms] [ERROR] WebSocket connection to 'ws://localhost:5173/' failed: Error in connection establishment: net::ERR_CONNECTION_REFUSED @ http://localhost:5173/@vite/client:1034
[  564108ms] [ERROR] [API] Network error: no response received @ http://localhost:5173/src/lib/api.ts:19
[  564109ms] [ERROR] Failed to load resource: net::ERR_CONNECTION_REFUSED @ http://localhost:5173/api/v1/alerts/rich:0
[  564110ms] [ERROR] [API] Network error: no response received @ http://localhost:5173/src/lib/api.ts:19
[  564110ms] [ERROR] Failed to load resource: net::ERR_CONNECTION_REFUSED @ http://localhost:5173/api/v1/alerts:0
[  564213ms] [ERROR] [API] Network error: no response received @ http://localhost:5173/src/lib/api.ts:19
[  564213ms] [ERROR] Failed to load resource: net::ERR_CONNECTION_REFUSED @ http://localhost:5173/api/v1/interventions:0
[  565205ms] [ERROR] [API] Network error: no response received @ http://localhost:5173/src/lib/api.ts:19
[  565205ms] [ERROR] Failed to load resource: net::ERR_CONNECTION_REFUSED @ http://localhost:5173/api/v1/alerts:0
[  565652ms] [ERROR] [API] Network error: no response received @ http://localhost:5173/src/lib/api.ts:19
[  565652ms] [ERROR] Failed to load resource: net::ERR_CONNECTION_REFUSED @ http://localhost:5173/api/v1/interventions:0
[  567430ms] [ERROR] [API] Network error: no response received @ http://localhost:5173/src/lib/api.ts:19
[  567430ms] [ERROR] Failed to load resource: net::ERR_CONNECTION_REFUSED @ http://localhost:5173/api/v1/dashboard/suggestions:0
[  567500ms] [ERROR] [API] Network error: no response received @ http://localhost:5173/src/lib/api.ts:19
[  567500ms] [ERROR] Failed to load resource: net::ERR_CONNECTION_REFUSED @ http://localhost:5173/api/v1/alerts:0
[  567607ms] [ERROR] [API] Network error: no response received @ http://localhost:5173/src/lib/api.ts:19
[  567607ms] [ERROR] Failed to load resource: net::ERR_CONNECTION_REFUSED @ http://localhost:5173/api/v1/dashboard/kpis:0
[  568087ms] [ERROR] [API] Network error: no response received @ http://localhost:5173/src/lib/api.ts:19
[  568087ms] [ERROR] Failed to load resource: net::ERR_CONNECTION_REFUSED @ http://localhost:5173/api/v1/interventions:0
[  568775ms] [ERROR] [API] Network error: no response received @ http://localhost:5173/src/lib/api.ts:19
[  568775ms] [ERROR] Failed to load resource: net::ERR_CONNECTION_REFUSED @ http://localhost:5173/api/v1/dashboard/kpis:0
[  568781ms] [ERROR] [API] Network error: no response received @ http://localhost:5173/src/lib/api.ts:19
[  568781ms] [ERROR] Failed to load resource: net::ERR_CONNECTION_REFUSED @ http://localhost:5173/api/v1/dashboard/suggestions:0
[  569188ms] [ERROR] WebSocket connection to 'ws://localhost:5173/' failed: Error in connection establishment: net::ERR_CONNECTION_REFUSED @ http://localhost:5173/@vite/client:1034
[  569603ms] [ERROR] WebSocket connection to 'ws://localhost:5173/ws/realtime' failed: Error in connection establishment: net::ERR_CONNECTION_REFUSED @ http://localhost:5173/src/lib/websocket.ts:47
[  571053ms] [ERROR] [API] Network error: no response received @ http://localhost:5173/src/lib/api.ts:19
[  571053ms] [ERROR] Failed to load resource: net::ERR_CONNECTION_REFUSED @ http://localhost:5173/api/v1/dashboard/kpis:0
[  571164ms] [ERROR] [API] Network error: no response received @ http://localhost:5173/src/lib/api.ts:19
[  571164ms] [ERROR] Failed to load resource: net::ERR_CONNECTION_REFUSED @ http://localhost:5173/api/v1/dashboard/suggestions:0
[  571641ms] [ERROR] [API] Network error: no response received @ http://localhost:5173/src/lib/api.ts:19
[  571641ms] [ERROR] Failed to load resource: net::ERR_CONNECTION_REFUSED @ http://localhost:5173/api/v1/alerts:0
[  572270ms] [ERROR] [API] Network error: no response received @ http://localhost:5173/src/lib/api.ts:19
[  572270ms] [ERROR] Failed to load resource: net::ERR_CONNECTION_REFUSED @ http://localhost:5173/api/v1/interventions:0
[  575179ms] [ERROR] WebSocket connection to 'ws://localhost:5173/' failed: Error in connection establishment: net::ERR_CONNECTION_REFUSED @ http://localhost:5173/@vite/client:1034
[  575398ms] [ERROR] [API] Network error: no response received @ http://localhost:5173/src/lib/api.ts:19
[  575399ms] [ERROR] Failed to load resource: net::ERR_CONNECTION_REFUSED @ http://localhost:5173/api/v1/dashboard/kpis:0
[  575556ms] [ERROR] [API] Network error: no response received @ http://localhost:5173/src/lib/api.ts:19
[  575556ms] [ERROR] Failed to load resource: net::ERR_CONNECTION_REFUSED @ http://localhost:5173/api/v1/dashboard/suggestions:0
[  575646ms] [ERROR] [API] Network error: no response received @ http://localhost:5173/src/lib/api.ts:19
[  575646ms] [ERROR] Failed to load resource: net::ERR_CONNECTION_REFUSED @ http://localhost:5173/api/v1/alerts/rich:0
[  577068ms] [ERROR] [API] Network error: no response received @ http://localhost:5173/src/lib/api.ts:19
[  577068ms] [ERROR] Failed to load resource: net::ERR_CONNECTION_REFUSED @ http://localhost:5173/api/v1/alerts/rich:0
[  579145ms] [ERROR] [API] Network error: no response received @ http://localhost:5173/src/lib/api.ts:19
[  579145ms] [ERROR] Failed to load resource: net::ERR_CONNECTION_REFUSED @ http://localhost:5173/api/v1/alerts/rich:0
[  580531ms] [ERROR] WebSocket connection to 'ws://localhost:5173/' failed: Error in connection establishment: net::ERR_CONNECTION_REFUSED @ http://localhost:5173/@vite/client:1034
[  582986ms] [ERROR] WebSocket connection to 'ws://localhost:5173/' failed: Error in connection establishment: net::ERR_CONNECTION_REFUSED @ http://localhost:5173/@vite/client:1034
[  583186ms] [ERROR] [API] Network error: no response received @ http://localhost:5173/src/lib/api.ts:19
[  583187ms] [ERROR] Failed to load resource: net::ERR_CONNECTION_REFUSED @ http://localhost:5173/api/v1/alerts/rich:0
[  583188ms] [ERROR] [API] Network error: no response received @ http://localhost:5173/src/lib/api.ts:19
[  583188ms] [ERROR] Failed to load resource: net::ERR_CONNECTION_REFUSED @ http://localhost:5173/api/v1/alerts:0
[  584689ms] [ERROR] [API] Network error: no response received @ http://localhost:5173/src/lib/api.ts:19
[  584689ms] [ERROR] Failed to load resource: net::ERR_CONNECTION_REFUSED @ http://localhost:5173/api/v1/alerts:0
[  585285ms] [ERROR] WebSocket connection to 'ws://localhost:5173/' failed: Error in connection establishment: net::ERR_CONNECTION_REFUSED @ http://localhost:5173/@vite/client:1034
[  586793ms] [ERROR] [API] Network error: no response received @ http://localhost:5173/src/lib/api.ts:19
[  586793ms] [ERROR] Failed to load resource: net::ERR_CONNECTION_REFUSED @ http://localhost:5173/api/v1/alerts:0
[  587275ms] [ERROR] [API] Network error: no response received @ http://localhost:5173/src/lib/api.ts:19
[  587275ms] [ERROR] Failed to load resource: net::ERR_CONNECTION_REFUSED @ http://localhost:5173/api/v1/interventions:0
[  588493ms] [ERROR] [API] Network error: no response received @ http://localhost:5173/src/lib/api.ts:19
[  588494ms] [ERROR] Failed to load resource: net::ERR_CONNECTION_REFUSED @ http://localhost:5173/api/v1/interventions:0
[  590525ms] [ERROR] [API] Network error: no response received @ http://localhost:5173/src/lib/api.ts:19
[  590526ms] [ERROR] Failed to load resource: net::ERR_CONNECTION_REFUSED @ http://localhost:5173/api/v1/interventions:0
[  590802ms] [ERROR] [API] Network error: no response received @ http://localhost:5173/src/lib/api.ts:19
[  590803ms] [ERROR] Failed to load resource: net::ERR_CONNECTION_REFUSED @ http://localhost:5173/api/v1/alerts:0
[  591198ms] [ERROR] WebSocket connection to 'ws://localhost:5173/' failed: Error in connection establishment: net::ERR_CONNECTION_REFUSED @ http://localhost:5173/@vite/client:1034
[  594413ms] [ERROR] WebSocket connection to 'ws://localhost:5173/' failed: Error in connection establishment: net::ERR_CONNECTION_REFUSED @ http://localhost:5173/@vite/client:1034
[  594818ms] [ERROR] [API] Network error: no response received @ http://localhost:5173/src/lib/api.ts:19
[  594818ms] [ERROR] Failed to load resource: net::ERR_CONNECTION_REFUSED @ http://localhost:5173/api/v1/interventions:0
[  595819ms] [ERROR] [API] Network error: no response received @ http://localhost:5173/src/lib/api.ts:19
[  595819ms] [ERROR] Failed to load resource: net::ERR_CONNECTION_REFUSED @ http://localhost:5173/api/v1/interventions:0
[  597202ms] [ERROR] [API] Network error: no response received @ http://localhost:5173/src/lib/api.ts:19
[  597202ms] [ERROR] Failed to load resource: net::ERR_CONNECTION_REFUSED @ http://localhost:5173/api/v1/interventions:0
[  597442ms] [ERROR] WebSocket connection to 'ws://localhost:5173/' failed: Error in connection establishment: net::ERR_CONNECTION_REFUSED @ http://localhost:5173/@vite/client:1034
[  598337ms] [ERROR] [API] Network error: no response received @ http://localhost:5173/src/lib/api.ts:19
[  598337ms] [ERROR] Failed to load resource: net::ERR_CONNECTION_REFUSED @ http://localhost:5173/api/v1/stations:0
[  599316ms] [ERROR] [API] Network error: no response received @ http://localhost:5173/src/lib/api.ts:19
[  599316ms] [ERROR] Failed to load resource: net::ERR_CONNECTION_REFUSED @ http://localhost:5173/api/v1/interventions:0
[  599396ms] [ERROR] [API] Network error: no response received @ http://localhost:5173/src/lib/api.ts:19
[  599396ms] [ERROR] Failed to load resource: net::ERR_CONNECTION_REFUSED @ http://localhost:5173/api/v1/stations:0
[  599456ms] [ERROR] WebSocket connection to 'ws://localhost:5173/' failed: Error in connection establishment: net::ERR_CONNECTION_REFUSED @ http://localhost:5173/@vite/client:1034
[  601759ms] [ERROR] WebSocket connection to 'ws://localhost:5173/ws/realtime' failed: Error in connection establishment: net::ERR_CONNECTION_REFUSED @ http://localhost:5173/src/lib/websocket.ts:47
[  601865ms] [ERROR] [API] Network error: no response received @ http://localhost:5173/src/lib/api.ts:19
[  601865ms] [ERROR] Failed to load resource: net::ERR_CONNECTION_REFUSED @ http://localhost:5173/api/v1/stations:0
[  603349ms] [ERROR] WebSocket connection to 'ws://localhost:5173/' failed: Error in connection establishment: net::ERR_CONNECTION_REFUSED @ http://localhost:5173/@vite/client:1034
[  603621ms] [ERROR] [API] Network error: no response received @ http://localhost:5173/src/lib/api.ts:19
[  603621ms] [ERROR] Failed to load resource: net::ERR_CONNECTION_REFUSED @ http://localhost:5173/api/v1/interventions:0
[  605402ms] [ERROR] [API] Network error: no response received @ http://localhost:5173/src/lib/api.ts:19
[  605402ms] [ERROR] Failed to load resource: net::ERR_CONNECTION_REFUSED @ http://localhost:5173/api/v1/dashboard/kpis:0
[  605561ms] [ERROR] [API] Network error: no response received @ http://localhost:5173/src/lib/api.ts:19
[  605562ms] [ERROR] Failed to load resource: net::ERR_CONNECTION_REFUSED @ http://localhost:5173/api/v1/dashboard/suggestions:0
[  605625ms] [ERROR] [API] Network error: no response received @ http://localhost:5173/src/lib/api.ts:19
[  605625ms] [ERROR] Failed to load resource: net::ERR_CONNECTION_REFUSED @ http://localhost:5173/api/v1/interventions:0
[  605809ms] [ERROR] [API] Network error: no response received @ http://localhost:5173/src/lib/api.ts:19
[  605809ms] [ERROR] Failed to load resource: net::ERR_CONNECTION_REFUSED @ http://localhost:5173/api/v1/alerts/rich:0
[  606119ms] [ERROR] [API] Network error: no response received @ http://localhost:5173/src/lib/api.ts:19
[  606119ms] [ERROR] Failed to load resource: net::ERR_CONNECTION_REFUSED @ http://localhost:5173/api/v1/stations:0
[  606541ms] [ERROR] [API] Network error: no response received @ http://localhost:5173/src/lib/api.ts:19
[  606541ms] [ERROR] Failed to load resource: net::ERR_CONNECTION_REFUSED @ http://localhost:5173/api/v1/dashboard/kpis:0
[  607042ms] [ERROR] [API] Network error: no response received @ http://localhost:5173/src/lib/api.ts:19
[  607042ms] [ERROR] Failed to load resource: net::ERR_CONNECTION_REFUSED @ http://localhost:5173/api/v1/dashboard/suggestions:0
[  607043ms] [ERROR] [API] Network error: no response received @ http://localhost:5173/src/lib/api.ts:19
[  607043ms] [ERROR] Failed to load resource: net::ERR_CONNECTION_REFUSED @ http://localhost:5173/api/v1/interventions:0
[  607085ms] [ERROR] [API] Network error: no response received @ http://localhost:5173/src/lib/api.ts:19
[  607085ms] [ERROR] Failed to load resource: net::ERR_CONNECTION_REFUSED @ http://localhost:5173/api/v1/alerts/rich:0
[  607123ms] [ERROR] [API] Network error: no response received @ http://localhost:5173/src/lib/api.ts:19
[  607123ms] [ERROR] Failed to load resource: net::ERR_CONNECTION_REFUSED @ http://localhost:5173/api/v1/stations:0
[  607334ms] [ERROR] WebSocket connection to 'ws://localhost:5173/' failed: Error in connection establishment: net::ERR_CONNECTION_REFUSED @ http://localhost:5173/@vite/client:1034
[  608197ms] [ERROR] [API] Network error: no response received @ http://localhost:5173/src/lib/api.ts:19
[  608197ms] [ERROR] Failed to load resource: net::ERR_CONNECTION_REFUSED @ http://localhost:5173/api/v1/stations:0
[  608640ms] [ERROR] [API] Network error: no response received @ http://localhost:5173/src/lib/api.ts:19
[  608640ms] [ERROR] Failed to load resource: net::ERR_CONNECTION_REFUSED @ http://localhost:5173/api/v1/dashboard/kpis:0
[  609105ms] [ERROR] [API] Network error: no response received @ http://localhost:5173/src/lib/api.ts:19
[  609105ms] [ERROR] Failed to load resource: net::ERR_CONNECTION_REFUSED @ http://localhost:5173/api/v1/dashboard/suggestions:0
[  609120ms] [ERROR] [API] Network error: no response received @ http://localhost:5173/src/lib/api.ts:19
[  609120ms] [ERROR] Failed to load resource: net::ERR_CONNECTION_REFUSED @ http://localhost:5173/api/v1/interventions:0
[  609159ms] [ERROR] [API] Network error: no response received @ http://localhost:5173/src/lib/api.ts:19
[  609159ms] [ERROR] Failed to load resource: net::ERR_CONNECTION_REFUSED @ http://localhost:5173/api/v1/alerts/rich:0
[  609470ms] [ERROR] WebSocket connection to 'ws://localhost:5173/' failed: Error in connection establishment: net::ERR_CONNECTION_REFUSED @ http://localhost:5173/@vite/client:1034
[  610656ms] [ERROR] [API] Network error: no response received @ http://localhost:5173/src/lib/api.ts:19
[  610656ms] [ERROR] Failed to load resource: net::ERR_CONNECTION_REFUSED @ http://localhost:5173/api/v1/stations:0
[  612217ms] [ERROR] WebSocket connection to 'ws://localhost:5173/' failed: Error in connection establishment: net::ERR_CONNECTION_REFUSED @ http://localhost:5173/@vite/client:1034
[  612779ms] [ERROR] [API] Network error: no response received @ http://localhost:5173/src/lib/api.ts:19
[  612779ms] [ERROR] Failed to load resource: net::ERR_CONNECTION_REFUSED @ http://localhost:5173/api/v1/dashboard/kpis:0
[  613296ms] [ERROR] [API] Network error: no response received @ http://localhost:5173/src/lib/api.ts:19
[  613296ms] [ERROR] Failed to load resource: net::ERR_CONNECTION_REFUSED @ http://localhost:5173/api/v1/dashboard/suggestions:0
[  613500ms] [ERROR] [API] Network error: no response received @ http://localhost:5173/src/lib/api.ts:19
[  613500ms] [ERROR] Failed to load resource: net::ERR_CONNECTION_REFUSED @ http://localhost:5173/api/v1/interventions:0
[  613631ms] [ERROR] [API] Network error: no response received @ http://localhost:5173/src/lib/api.ts:19
[  613631ms] [ERROR] Failed to load resource: net::ERR_CONNECTION_REFUSED @ http://localhost:5173/api/v1/alerts/rich:0
[  613632ms] [ERROR] [API] Network error: no response received @ http://localhost:5173/src/lib/api.ts:19
[  613632ms] [ERROR] Failed to load resource: net::ERR_CONNECTION_REFUSED @ http://localhost:5173/api/v1/alerts:0
[  613784ms] [ERROR] [API] Network error: no response received @ http://localhost:5173/src/lib/api.ts:19
[  613784ms] [ERROR] Failed to load resource: net::ERR_CONNECTION_REFUSED @ http://localhost:5173/api/v1/dashboard/kpis:0
[  614300ms] [ERROR] [API] Network error: no response received @ http://localhost:5173/src/lib/api.ts:19
[  614301ms] [ERROR] Failed to load resource: net::ERR_CONNECTION_REFUSED @ http://localhost:5173/api/v1/dashboard/suggestions:0
[  614965ms] [ERROR] [API] Network error: no response received @ http://localhost:5173/src/lib/api.ts:19
[  614966ms] [ERROR] Failed to load resource: net::ERR_CONNECTION_REFUSED @ http://localhost:5173/api/v1/stations:0
[  615037ms] [ERROR] [API] Network error: no response received @ http://localhost:5173/src/lib/api.ts:19
[  615037ms] [ERROR] Failed to load resource: net::ERR_CONNECTION_REFUSED @ http://localhost:5173/api/v1/alerts:0
[  615264ms] [ERROR] [API] Network error: no response received @ http://localhost:5173/src/lib/api.ts:19
[  615264ms] [ERROR] Failed to load resource: net::ERR_CONNECTION_REFUSED @ http://localhost:5173/api/v1/dashboard/kpis:0
[  615381ms] [ERROR] [API] Network error: no response received @ http://localhost:5173/src/lib/api.ts:19
[  615382ms] [ERROR] Failed to load resource: net::ERR_CONNECTION_REFUSED @ http://localhost:5173/api/v1/dashboard/suggestions:0
[  615669ms] [ERROR] WebSocket connection to 'ws://localhost:5173/' failed: Error in connection establishment: net::ERR_CONNECTION_REFUSED @ http://localhost:5173/@vite/client:1034
[  616970ms] [ERROR] [API] Network error: no response received @ http://localhost:5173/src/lib/api.ts:19
[  616970ms] [ERROR] Failed to load resource: net::ERR_CONNECTION_REFUSED @ http://localhost:5173/api/v1/stations:0
[  617441ms] [ERROR] [API] Network error: no response received @ http://localhost:5173/src/lib/api.ts:19
[  617442ms] [ERROR] Failed to load resource: net::ERR_CONNECTION_REFUSED @ http://localhost:5173/api/v1/dashboard/kpis:0
[  617504ms] [ERROR] [API] Network error: no response received @ http://localhost:5173/src/lib/api.ts:19
[  617504ms] [ERROR] Failed to load resource: net::ERR_CONNECTION_REFUSED @ http://localhost:5173/api/v1/interventions:0
[  617516ms] [ERROR] [API] Network error: no response received @ http://localhost:5173/src/lib/api.ts:19
[  617516ms] [ERROR] Failed to load resource: net::ERR_CONNECTION_REFUSED @ http://localhost:5173/api/v1/alerts:0
[  617786ms] [ERROR] [API] Network error: no response received @ http://localhost:5173/src/lib/api.ts:19
[  617786ms] [ERROR] Failed to load resource: net::ERR_CONNECTION_REFUSED @ http://localhost:5173/api/v1/dashboard/suggestions:0
[  618192ms] [ERROR] [API] Network error: no response received @ http://localhost:5173/src/lib/api.ts:19
[  618192ms] [ERROR] Failed to load resource: net::ERR_CONNECTION_REFUSED @ http://localhost:5173/api/v1/stations:0
[  618865ms] [ERROR] [API] Network error: no response received @ http://localhost:5173/src/lib/api.ts:19
[  618865ms] [ERROR] Failed to load resource: net::ERR_CONNECTION_REFUSED @ http://localhost:5173/api/v1/interventions:0
[  620233ms] [ERROR] [API] Network error: no response received @ http://localhost:5173/src/lib/api.ts:19
[  620233ms] [ERROR] Failed to load resource: net::ERR_CONNECTION_REFUSED @ http://localhost:5173/api/v1/stations:0
[  621117ms] [ERROR] WebSocket connection to 'ws://localhost:5173/' failed: Error in connection establishment: net::ERR_CONNECTION_REFUSED @ http://localhost:5173/@vite/client:1034
[  621271ms] [ERROR] [API] Network error: no response received @ http://localhost:5173/src/lib/api.ts:19
[  621271ms] [ERROR] Failed to load resource: net::ERR_CONNECTION_REFUSED @ http://localhost:5173/api/v1/interventions:0
[  621703ms] [ERROR] [API] Network error: no response received @ http://localhost:5173/src/lib/api.ts:19
[  621704ms] [ERROR] Failed to load resource: net::ERR_CONNECTION_REFUSED @ http://localhost:5173/api/v1/dashboard/kpis:0
[  621715ms] [ERROR] [API] Network error: no response received @ http://localhost:5173/src/lib/api.ts:19
[  621715ms] [ERROR] Failed to load resource: net::ERR_CONNECTION_REFUSED @ http://localhost:5173/api/v1/alerts:0
[  622204ms] [ERROR] [API] Network error: no response received @ http://localhost:5173/src/lib/api.ts:19
[  622205ms] [ERROR] Failed to load resource: net::ERR_CONNECTION_REFUSED @ http://localhost:5173/api/v1/dashboard/suggestions:0
[  622721ms] [ERROR] [API] Network error: no response received @ http://localhost:5173/src/lib/api.ts:19
[  622721ms] [ERROR] Failed to load resource: net::ERR_CONNECTION_REFUSED @ http://localhost:5173/api/v1/alerts/rich:0
[  623329ms] [ERROR] WebSocket connection to 'ws://localhost:5173/' failed: Error in connection establishment: net::ERR_CONNECTION_REFUSED @ http://localhost:5173/@vite/client:1034
[  623707ms] [ERROR] [API] Network error: no response received @ http://localhost:5173/src/lib/api.ts:19
[  623707ms] [ERROR] Failed to load resource: net::ERR_CONNECTION_REFUSED @ http://localhost:5173/api/v1/dashboard/kpis:0
[  624057ms] [ERROR] [API] Network error: no response received @ http://localhost:5173/src/lib/api.ts:19
[  624057ms] [ERROR] Failed to load resource: net::ERR_CONNECTION_REFUSED @ http://localhost:5173/api/v1/alerts/rich:0
[  624210ms] [ERROR] [API] Network error: no response received @ http://localhost:5173/src/lib/api.ts:19
[  624210ms] [ERROR] Failed to load resource: net::ERR_CONNECTION_REFUSED @ http://localhost:5173/api/v1/dashboard/suggestions:0
[  624547ms] [ERROR] [API] Network error: no response received @ http://localhost:5173/src/lib/api.ts:19
[  624547ms] [ERROR] Failed to load resource: net::ERR_CONNECTION_REFUSED @ http://localhost:5173/api/v1/stations:0
[  624753ms] [ERROR] [API] Network error: no response received @ http://localhost:5173/src/lib/api.ts:19
[  624753ms] [ERROR] Failed to load resource: net::ERR_CONNECTION_REFUSED @ http://localhost:5173/api/v1/dashboard/kpis:0
[  625302ms] [ERROR] [API] Network error: no response received @ http://localhost:5173/src/lib/api.ts:19
[  625302ms] [ERROR] Failed to load resource: net::ERR_CONNECTION_REFUSED @ http://localhost:5173/api/v1/dashboard/suggestions:0
[  625414ms] [ERROR] [API] Network error: no response received @ http://localhost:5173/src/lib/api.ts:19
[  625415ms] [ERROR] Failed to load resource: net::ERR_CONNECTION_REFUSED @ http://localhost:5173/api/v1/interventions:0
[  626228ms] [ERROR] [API] Network error: no response received @ http://localhost:5173/src/lib/api.ts:19
[  626228ms] [ERROR] Failed to load resource: net::ERR_CONNECTION_REFUSED @ http://localhost:5173/api/v1/alerts/rich:0
[  626773ms] [ERROR] [API] Network error: no response received @ http://localhost:5173/src/lib/api.ts:19
[  626773ms] [ERROR] Failed to load resource: net::ERR_CONNECTION_REFUSED @ http://localhost:5173/api/v1/dashboard/kpis:0
[  627533ms] [ERROR] [API] Network error: no response received @ http://localhost:5173/src/lib/api.ts:19
[  627533ms] [ERROR] Failed to load resource: net::ERR_CONNECTION_REFUSED @ http://localhost:5173/api/v1/dashboard/suggestions:0
[  628551ms] [ERROR] [API] Network error: no response received @ http://localhost:5173/src/lib/api.ts:19
[  628551ms] [ERROR] Failed to load resource: net::ERR_CONNECTION_REFUSED @ http://localhost:5173/api/v1/stations:0
[  628684ms] [ERROR] WebSocket connection to 'ws://localhost:5173/' failed: Error in connection establishment: net::ERR_CONNECTION_REFUSED @ http://localhost:5173/@vite/client:1034
[  629925ms] [ERROR] [API] Network error: no response received @ http://localhost:5173/src/lib/api.ts:19
[  629925ms] [ERROR] Failed to load resource: net::ERR_CONNECTION_REFUSED @ http://localhost:5173/api/v1/stations:0
[  630512ms] [ERROR] [API] Network error: no response received @ http://localhost:5173/src/lib/api.ts:19
[  630512ms] [ERROR] Failed to load resource: net::ERR_CONNECTION_REFUSED @ http://localhost:5173/api/v1/alerts/rich:0
[  630513ms] [ERROR] [API] Network error: no response received @ http://localhost:5173/src/lib/api.ts:19
[  630513ms] [ERROR] Failed to load resource: net::ERR_CONNECTION_REFUSED @ http://localhost:5173/api/v1/alerts:0
[  630736ms] [ERROR] WebSocket connection to 'ws://localhost:5173/' failed: Error in connection establishment: net::ERR_CONNECTION_REFUSED @ http://localhost:5173/@vite/client:1034
[  630850ms] [ERROR] [API] Network error: no response received @ http://localhost:5173/src/lib/api.ts:19
[  630850ms] [ERROR] Failed to load resource: net::ERR_CONNECTION_REFUSED @ http://localhost:5173/api/v1/dashboard/kpis:0
[  631556ms] [ERROR] [API] Network error: no response received @ http://localhost:5173/src/lib/api.ts:19
[  631556ms] [ERROR] Failed to load resource: net::ERR_CONNECTION_REFUSED @ http://localhost:5173/api/v1/dashboard/suggestions:0
[  631641ms] [ERROR] [API] Network error: no response received @ http://localhost:5173/src/lib/api.ts:19
[  631641ms] [ERROR] Failed to load resource: net::ERR_CONNECTION_REFUSED @ http://localhost:5173/api/v1/alerts:0
[  631933ms] [ERROR] [API] Network error: no response received @ http://localhost:5173/src/lib/api.ts:19
[  631933ms] [ERROR] Failed to load resource: net::ERR_CONNECTION_REFUSED @ http://localhost:5173/api/v1/stations:0
[  634000ms] [ERROR] [API] Network error: no response received @ http://localhost:5173/src/lib/api.ts:19
[  634000ms] [ERROR] Failed to load resource: net::ERR_CONNECTION_REFUSED @ http://localhost:5173/api/v1/alerts:0
[  634855ms] [ERROR] [API] Network error: no response received @ http://localhost:5173/src/lib/api.ts:19
[  634855ms] [ERROR] Failed to load resource: net::ERR_CONNECTION_REFUSED @ http://localhost:5173/api/v1/dashboard/kpis:0
[  635560ms] [ERROR] [API] Network error: no response received @ http://localhost:5173/src/lib/api.ts:19
[  635560ms] [ERROR] Failed to load resource: net::ERR_CONNECTION_REFUSED @ http://localhost:5173/api/v1/dashboard/suggestions:0
[  636265ms] [ERROR] [API] Network error: no response received @ http://localhost:5173/src/lib/api.ts:19
[  636265ms] [ERROR] Failed to load resource: net::ERR_CONNECTION_REFUSED @ http://localhost:5173/api/v1/dashboard/kpis:0
[  636272ms] [ERROR] [API] Network error: no response received @ http://localhost:5173/src/lib/api.ts:19
[  636272ms] [ERROR] Failed to load resource: net::ERR_CONNECTION_REFUSED @ http://localhost:5173/api/v1/stations:0
[  636459ms] [ERROR] WebSocket connection to 'ws://localhost:5173/' failed: Error in connection establishment: net::ERR_CONNECTION_REFUSED @ http://localhost:5173/@vite/client:1034
[  636606ms] [ERROR] WebSocket connection to 'ws://localhost:5173/ws/realtime' failed: Error in connection establishment: net::ERR_CONNECTION_REFUSED @ http://localhost:5173/src/lib/websocket.ts:47
[  636804ms] [ERROR] [API] Network error: no response received @ http://localhost:5173/src/lib/api.ts:19
[  636804ms] [ERROR] Failed to load resource: net::ERR_CONNECTION_REFUSED @ http://localhost:5173/api/v1/dashboard/suggestions:0
[  638199ms] [ERROR] [API] Network error: no response received @ http://localhost:5173/src/lib/api.ts:19
[  638200ms] [ERROR] Failed to load resource: net::ERR_CONNECTION_REFUSED @ http://localhost:5173/api/v1/alerts:0
[  638284ms] [ERROR] [API] Network error: no response received @ http://localhost:5173/src/lib/api.ts:19
[  638284ms] [ERROR] Failed to load resource: net::ERR_CONNECTION_REFUSED @ http://localhost:5173/api/v1/dashboard/kpis:0
[  639055ms] [ERROR] [API] Network error: no response received @ http://localhost:5173/src/lib/api.ts:19
[  639055ms] [ERROR] Failed to load resource: net::ERR_CONNECTION_REFUSED @ http://localhost:5173/api/v1/dashboard/suggestions:0
[  640205ms] [ERROR] [API] Network error: no response received @ http://localhost:5173/src/lib/api.ts:19
[  640205ms] [ERROR] Failed to load resource: net::ERR_CONNECTION_REFUSED @ http://localhost:5173/api/v1/alerts/rich:0
[  640418ms] [ERROR] [API] Network error: no response received @ http://localhost:5173/src/lib/api.ts:19
[  640419ms] [ERROR] Failed to load resource: net::ERR_CONNECTION_REFUSED @ http://localhost:5173/api/v1/interventions:0
[  641022ms] [ERROR] WebSocket connection to 'ws://localhost:5173/' failed: Error in connection establishment: net::ERR_CONNECTION_REFUSED @ http://localhost:5173/@vite/client:1034
[  641240ms] [ERROR] [API] Network error: no response received @ http://localhost:5173/src/lib/api.ts:19
[  641240ms] [ERROR] Failed to load resource: net::ERR_CONNECTION_REFUSED @ http://localhost:5173/api/v1/alerts/rich:0
[  641481ms] [ERROR] [API] Network error: no response received @ http://localhost:5173/src/lib/api.ts:19
[  641481ms] [ERROR] Failed to load resource: net::ERR_CONNECTION_REFUSED @ http://localhost:5173/api/v1/interventions:0
[  642554ms] [ERROR] [API] Network error: no response received @ http://localhost:5173/src/lib/api.ts:19
[  642554ms] [ERROR] Failed to load resource: net::ERR_CONNECTION_REFUSED @ http://localhost:5173/api/v1/dashboard/kpis:0
[  643238ms] [ERROR] [API] Network error: no response received @ http://localhost:5173/src/lib/api.ts:19
[  643239ms] [ERROR] Failed to load resource: net::ERR_CONNECTION_REFUSED @ http://localhost:5173/api/v1/dashboard/suggestions:0
[  643632ms] [ERROR] [API] Network error: no response received @ http://localhost:5173/src/lib/api.ts:19
[  643632ms] [ERROR] Failed to load resource: net::ERR_CONNECTION_REFUSED @ http://localhost:5173/api/v1/interventions:0
[  643704ms] [ERROR] [API] Network error: no response received @ http://localhost:5173/src/lib/api.ts:19
[  643704ms] [ERROR] Failed to load resource: net::ERR_CONNECTION_REFUSED @ http://localhost:5173/api/v1/alerts/rich:0
[  646597ms] [ERROR] WebSocket connection to 'ws://localhost:5173/' failed: Error in connection establishment: net::ERR_CONNECTION_REFUSED @ http://localhost:5173/@vite/client:1034
[  648012ms] [ERROR] [API] Network error: no response received @ http://localhost:5173/src/lib/api.ts:19
[  648012ms] [ERROR] Failed to load resource: net::ERR_CONNECTION_REFUSED @ http://localhost:5173/api/v1/interventions:0
[  648186ms] [ERROR] [API] Network error: no response received @ http://localhost:5173/src/lib/api.ts:19
[  648187ms] [ERROR] Failed to load resource: net::ERR_CONNECTION_REFUSED @ http://localhost:5173/api/v1/alerts/rich:0
[  648188ms] [ERROR] [API] Network error: no response received @ http://localhost:5173/src/lib/api.ts:19
[  648188ms] [ERROR] Failed to load resource: net::ERR_CONNECTION_REFUSED @ http://localhost:5173/api/v1/alerts:0
[  649017ms] [ERROR] [API] Network error: no response received @ http://localhost:5173/src/lib/api.ts:19
[  649017ms] [ERROR] Failed to load resource: net::ERR_CONNECTION_REFUSED @ http://localhost:5173/api/v1/interventions:0
[  649630ms] [ERROR] [API] Network error: no response received @ http://localhost:5173/src/lib/api.ts:19
[  649630ms] [ERROR] Failed to load resource: net::ERR_CONNECTION_REFUSED @ http://localhost:5173/api/v1/alerts:0
[  650054ms] [ERROR] WebSocket connection to 'ws://localhost:5173/' failed: Error in connection establishment: net::ERR_CONNECTION_REFUSED @ http://localhost:5173/@vite/client:1034
[  650275ms] [ERROR] [API] Network error: no response received @ http://localhost:5173/src/lib/api.ts:19
[  650275ms] [ERROR] Failed to load resource: net::ERR_CONNECTION_REFUSED @ http://localhost:5173/api/v1/interventions:0
[  651848ms] [ERROR] [API] Network error: no response received @ http://localhost:5173/src/lib/api.ts:19
[  651848ms] [ERROR] Failed to load resource: net::ERR_CONNECTION_REFUSED @ http://localhost:5173/api/v1/alerts:0
[  652389ms] [ERROR] [API] Network error: no response received @ http://localhost:5173/src/lib/api.ts:19
[  652389ms] [ERROR] Failed to load resource: net::ERR_CONNECTION_REFUSED @ http://localhost:5173/api/v1/interventions:0
[  655561ms] [ERROR] WebSocket connection to 'ws://localhost:5173/' failed: Error in connection establishment: net::ERR_CONNECTION_REFUSED @ http://localhost:5173/@vite/client:1034
[  656245ms] [ERROR] [API] Network error: no response received @ http://localhost:5173/src/lib/api.ts:19
[  656245ms] [ERROR] Failed to load resource: net::ERR_CONNECTION_REFUSED @ http://localhost:5173/api/v1/alerts:0
[  656482ms] [ERROR] [API] Network error: no response received @ http://localhost:5173/src/lib/api.ts:19
[  656482ms] [ERROR] Failed to load resource: net::ERR_CONNECTION_REFUSED @ http://localhost:5173/api/v1/interventions:0
[  658487ms] [ERROR] [API] Network error: no response received @ http://localhost:5173/src/lib/api.ts:19
[  658487ms] [ERROR] Failed to load resource: net::ERR_CONNECTION_REFUSED @ http://localhost:5173/api/v1/interventions:0
[  659414ms] [ERROR] WebSocket connection to 'ws://localhost:5173/' failed: Error in connection establishment: net::ERR_CONNECTION_REFUSED @ http://localhost:5173/@vite/client:1034
[  659988ms] [ERROR] [API] Network error: no response received @ http://localhost:5173/src/lib/api.ts:19
[  659988ms] [ERROR] Failed to load resource: net::ERR_CONNECTION_REFUSED @ http://localhost:5173/api/v1/interventions:0
[  660250ms] [ERROR] [API] Network error: no response received @ http://localhost:5173/src/lib/api.ts:19
[  660250ms] [ERROR] Failed to load resource: net::ERR_CONNECTION_REFUSED @ http://localhost:5173/api/v1/alerts/rich:0
[  661297ms] [ERROR] [API] Network error: no response received @ http://localhost:5173/src/lib/api.ts:19
[  661297ms] [ERROR] Failed to load resource: net::ERR_CONNECTION_REFUSED @ http://localhost:5173/api/v1/alerts/rich:0
[  662154ms] [ERROR] [API] Network error: no response received @ http://localhost:5173/src/lib/api.ts:19
[  662154ms] [ERROR] Failed to load resource: net::ERR_CONNECTION_REFUSED @ http://localhost:5173/api/v1/interventions:0
[  663752ms] [ERROR] [API] Network error: no response received @ http://localhost:5173/src/lib/api.ts:19
[  663752ms] [ERROR] Failed to load resource: net::ERR_CONNECTION_REFUSED @ http://localhost:5173/api/v1/alerts/rich:0
[  664234ms] [ERROR] WebSocket connection to 'ws://localhost:5173/' failed: Error in connection establishment: net::ERR_CONNECTION_REFUSED @ http://localhost:5173/@vite/client:1034
[  666526ms] [ERROR] [API] Network error: no response received @ http://localhost:5173/src/lib/api.ts:19
[  666526ms] [ERROR] Failed to load resource: net::ERR_CONNECTION_REFUSED @ http://localhost:5173/api/v1/interventions:0
[  668137ms] [ERROR] [API] Network error: no response received @ http://localhost:5173/src/lib/api.ts:19
[  668138ms] [ERROR] Failed to load resource: net::ERR_CONNECTION_REFUSED @ http://localhost:5173/api/v1/alerts/rich:0
[  668138ms] [ERROR] [API] Network error: no response received @ http://localhost:5173/src/lib/api.ts:19
[  668139ms] [ERROR] Failed to load resource: net::ERR_CONNECTION_REFUSED @ http://localhost:5173/api/v1/alerts:0
[  669336ms] [ERROR] [API] Network error: no response received @ http://localhost:5173/src/lib/api.ts:19
[  669336ms] [ERROR] Failed to load resource: net::ERR_CONNECTION_REFUSED @ http://localhost:5173/api/v1/alerts:0
[  669811ms] [ERROR] WebSocket connection to 'ws://localhost:5173/ws/realtime' failed: Error in connection establishment: net::ERR_CONNECTION_REFUSED @ http://localhost:5173/src/lib/websocket.ts:47
[  670030ms] [ERROR] WebSocket connection to 'ws://localhost:5173/' failed: Error in connection establishment: net::ERR_CONNECTION_REFUSED @ http://localhost:5173/@vite/client:1034
[  670531ms] [ERROR] [API] Network error: no response received @ http://localhost:5173/src/lib/api.ts:19
[  670531ms] [ERROR] Failed to load resource: net::ERR_CONNECTION_REFUSED @ http://localhost:5173/api/v1/interventions:0
[  671673ms] [ERROR] [API] Network error: no response received @ http://localhost:5173/src/lib/api.ts:19
[  671673ms] [ERROR] Failed to load resource: net::ERR_CONNECTION_REFUSED @ http://localhost:5173/api/v1/alerts:0
[  671916ms] [ERROR] [API] Network error: no response received @ http://localhost:5173/src/lib/api.ts:19
[  671916ms] [ERROR] Failed to load resource: net::ERR_CONNECTION_REFUSED @ http://localhost:5173/api/v1/interventions:0
[  672559ms] [ERROR] [API] Network error: no response received @ http://localhost:5173/src/lib/api.ts:19
[  672559ms] [ERROR] Failed to load resource: net::ERR_CONNECTION_REFUSED @ http://localhost:5173/api/v1/dashboard/kpis:0
[  673245ms] [ERROR] [API] Network error: no response received @ http://localhost:5173/src/lib/api.ts:19
[  673245ms] [ERROR] Failed to load resource: net::ERR_CONNECTION_REFUSED @ http://localhost:5173/api/v1/dashboard/suggestions:0
[  674017ms] [ERROR] [API] Network error: no response received @ http://localhost:5173/src/lib/api.ts:19
[  674017ms] [ERROR] Failed to load resource: net::ERR_CONNECTION_REFUSED @ http://localhost:5173/api/v1/dashboard/kpis:0
[  674260ms] [ERROR] [API] Network error: no response received @ http://localhost:5173/src/lib/api.ts:19
[  674261ms] [ERROR] Failed to load resource: net::ERR_CONNECTION_REFUSED @ http://localhost:5173/api/v1/interventions:0
[  674503ms] [ERROR] [API] Network error: no response received @ http://localhost:5173/src/lib/api.ts:19
[  674503ms] [ERROR] Failed to load resource: net::ERR_CONNECTION_REFUSED @ http://localhost:5173/api/v1/dashboard/suggestions:0
[  674531ms] [ERROR] WebSocket connection to 'ws://localhost:5173/' failed: Error in connection establishment: net::ERR_CONNECTION_REFUSED @ http://localhost:5173/@vite/client:1034
[  675900ms] [ERROR] [API] Network error: no response received @ http://localhost:5173/src/lib/api.ts:19
[  675900ms] [ERROR] Failed to load resource: net::ERR_CONNECTION_REFUSED @ http://localhost:5173/api/v1/alerts:0
[  676200ms] [ERROR] [API] Network error: no response received @ http://localhost:5173/src/lib/api.ts:19
[  676200ms] [ERROR] Failed to load resource: net::ERR_CONNECTION_REFUSED @ http://localhost:5173/api/v1/dashboard/kpis:0
[  676544ms] [ERROR] [API] Network error: no response received @ http://localhost:5173/src/lib/api.ts:19
[  676544ms] [ERROR] Failed to load resource: net::ERR_CONNECTION_REFUSED @ http://localhost:5173/api/v1/dashboard/suggestions:0
[  678476ms] [ERROR] [API] Network error: no response received @ http://localhost:5173/src/lib/api.ts:19
[  678476ms] [ERROR] Failed to load resource: net::ERR_CONNECTION_REFUSED @ http://localhost:5173/api/v1/interventions:0
[  679614ms] [ERROR] WebSocket connection to 'ws://localhost:5173/' failed: Error in connection establishment: net::ERR_CONNECTION_REFUSED @ http://localhost:5173/@vite/client:1034
[  680356ms] [ERROR] [API] Network error: no response received @ http://localhost:5173/src/lib/api.ts:19
[  680356ms] [ERROR] Failed to load resource: net::ERR_CONNECTION_REFUSED @ http://localhost:5173/api/v1/dashboard/kpis:0
[  680672ms] [ERROR] [API] Network error: no response received @ http://localhost:5173/src/lib/api.ts:19
[  680673ms] [ERROR] Failed to load resource: net::ERR_CONNECTION_REFUSED @ http://localhost:5173/api/v1/dashboard/suggestions:0
[  681359ms] [ERROR] [API] Network error: no response received @ http://localhost:5173/src/lib/api.ts:19
[  681359ms] [ERROR] Failed to load resource: net::ERR_CONNECTION_REFUSED @ http://localhost:5173/api/v1/dashboard/kpis:0
[  681677ms] [ERROR] [API] Network error: no response received @ http://localhost:5173/src/lib/api.ts:19
[  681677ms] [ERROR] Failed to load resource: net::ERR_CONNECTION_REFUSED @ http://localhost:5173/api/v1/dashboard/suggestions:0
[  682563ms] [ERROR] [API] Network error: no response received @ http://localhost:5173/src/lib/api.ts:19
[  682563ms] [ERROR] Failed to load resource: net::ERR_CONNECTION_REFUSED @ http://localhost:5173/api/v1/dashboard/kpis:0
[  683055ms] [ERROR] [API] Network error: no response received @ http://localhost:5173/src/lib/api.ts:19
[  683055ms] [ERROR] Failed to load resource: net::ERR_CONNECTION_REFUSED @ http://localhost:5173/api/v1/dashboard/suggestions:0
[  684909ms] [ERROR] WebSocket connection to 'ws://localhost:5173/' failed: Error in connection establishment: net::ERR_CONNECTION_REFUSED @ http://localhost:5173/@vite/client:1034
[  684987ms] [ERROR] [API] Network error: no response received @ http://localhost:5173/src/lib/api.ts:19
[  684987ms] [ERROR] Failed to load resource: net::ERR_CONNECTION_REFUSED @ http://localhost:5173/api/v1/dashboard/kpis:0
[  685539ms] [ERROR] [API] Network error: no response received @ http://localhost:5173/src/lib/api.ts:19
[  685539ms] [ERROR] Failed to load resource: net::ERR_CONNECTION_REFUSED @ http://localhost:5173/api/v1/dashboard/suggestions:0
[  688649ms] [ERROR] WebSocket connection to 'ws://localhost:5173/' failed: Error in connection establishment: net::ERR_CONNECTION_REFUSED @ http://localhost:5173/@vite/client:1034
[  689344ms] [ERROR] [API] Network error: no response received @ http://localhost:5173/src/lib/api.ts:19
[  689345ms] [ERROR] Failed to load resource: net::ERR_CONNECTION_REFUSED @ http://localhost:5173/api/v1/dashboard/kpis:0
[  689621ms] [ERROR] [API] Network error: no response received @ http://localhost:5173/src/lib/api.ts:19
[  689621ms] [ERROR] Failed to load resource: net::ERR_CONNECTION_REFUSED @ http://localhost:5173/api/v1/dashboard/suggestions:0
[  690905ms] [ERROR] [API] Network error: no response received @ http://localhost:5173/src/lib/api.ts:19
[  690905ms] [ERROR] Failed to load resource: net::ERR_CONNECTION_REFUSED @ http://localhost:5173/api/v1/alerts/rich:0
[  691347ms] [ERROR] [API] Network error: no response received @ http://localhost:5173/src/lib/api.ts:19
[  691347ms] [ERROR] Failed to load resource: net::ERR_CONNECTION_REFUSED @ http://localhost:5173/api/v1/dashboard/kpis:0
[  691626ms] [ERROR] [API] Network error: no response received @ http://localhost:5173/src/lib/api.ts:19
[  691626ms] [ERROR] Failed to load resource: net::ERR_CONNECTION_REFUSED @ http://localhost:5173/api/v1/dashboard/suggestions:0
[  692113ms] [ERROR] [API] Network error: no response received @ http://localhost:5173/src/lib/api.ts:19
[  692113ms] [ERROR] Failed to load resource: net::ERR_CONNECTION_REFUSED @ http://localhost:5173/api/v1/alerts/rich:0
[  692458ms] [ERROR] [API] Network error: no response received @ http://localhost:5173/src/lib/api.ts:19
[  692458ms] [ERROR] Failed to load resource: net::ERR_CONNECTION_REFUSED @ http://localhost:5173/api/v1/dashboard/kpis:0
[  692772ms] [ERROR] [API] Network error: no response received @ http://localhost:5173/src/lib/api.ts:19
[  692772ms] [ERROR] Failed to load resource: net::ERR_CONNECTION_REFUSED @ http://localhost:5173/api/v1/dashboard/suggestions:0
[  693264ms] [ERROR] WebSocket connection to 'ws://localhost:5173/' failed: Error in connection establishment: net::ERR_CONNECTION_REFUSED @ http://localhost:5173/@vite/client:1034
[  693481ms] [ERROR] [API] Network error: no response received @ http://localhost:5173/src/lib/api.ts:19
[  693481ms] [ERROR] Failed to load resource: net::ERR_CONNECTION_REFUSED @ http://localhost:5173/api/v1/interventions:0
[  694132ms] [ERROR] [API] Network error: no response received @ http://localhost:5173/src/lib/api.ts:19
[  694132ms] [ERROR] Failed to load resource: net::ERR_CONNECTION_REFUSED @ http://localhost:5173/api/v1/alerts/rich:0
[  694534ms] [ERROR] [API] Network error: no response received @ http://localhost:5173/src/lib/api.ts:19
[  694534ms] [ERROR] Failed to load resource: net::ERR_CONNECTION_REFUSED @ http://localhost:5173/api/v1/dashboard/kpis:0
[  694653ms] [ERROR] [API] Network error: no response received @ http://localhost:5173/src/lib/api.ts:19
[  694653ms] [ERROR] Failed to load resource: net::ERR_CONNECTION_REFUSED @ http://localhost:5173/api/v1/interventions:0
[  694841ms] [ERROR] [API] Network error: no response received @ http://localhost:5173/src/lib/api.ts:19
[  694841ms] [ERROR] Failed to load resource: net::ERR_CONNECTION_REFUSED @ http://localhost:5173/api/v1/dashboard/suggestions:0
[  696276ms] [ERROR] [API] Network error: no response received @ http://localhost:5173/src/lib/api.ts:19
[  696276ms] [ERROR] Failed to load resource: net::ERR_CONNECTION_REFUSED @ http://localhost:5173/api/v1/stations:0
[  696803ms] [ERROR] [API] Network error: no response received @ http://localhost:5173/src/lib/api.ts:19
[  696803ms] [ERROR] Failed to load resource: net::ERR_CONNECTION_REFUSED @ http://localhost:5173/api/v1/interventions:0
[  697341ms] [ERROR] [API] Network error: no response received @ http://localhost:5173/src/lib/api.ts:19
[  697342ms] [ERROR] Failed to load resource: net::ERR_CONNECTION_REFUSED @ http://localhost:5173/api/v1/stations:0
[  698489ms] [ERROR] WebSocket connection to 'ws://localhost:5173/' failed: Error in connection establishment: net::ERR_CONNECTION_REFUSED @ http://localhost:5173/@vite/client:1034
[  698494ms] [ERROR] [API] Network error: no response received @ http://localhost:5173/src/lib/api.ts:19
[  698495ms] [ERROR] Failed to load resource: net::ERR_CONNECTION_REFUSED @ http://localhost:5173/api/v1/alerts/rich:0
[  698495ms] [ERROR] [API] Network error: no response received @ http://localhost:5173/src/lib/api.ts:19
[  698495ms] [ERROR] Failed to load resource: net::ERR_CONNECTION_REFUSED @ http://localhost:5173/api/v1/alerts:0
[  698638ms] [ERROR] [API] Network error: no response received @ http://localhost:5173/src/lib/api.ts:19
[  698638ms] [ERROR] Failed to load resource: net::ERR_CONNECTION_REFUSED @ http://localhost:5173/api/v1/dashboard/kpis:0
[  698925ms] [ERROR] [API] Network error: no response received @ http://localhost:5173/src/lib/api.ts:19
[  698926ms] [ERROR] Failed to load resource: net::ERR_CONNECTION_REFUSED @ http://localhost:5173/api/v1/dashboard/suggestions:0
[  699587ms] [ERROR] [API] Network error: no response received @ http://localhost:5173/src/lib/api.ts:19
[  699587ms] [ERROR] Failed to load resource: net::ERR_CONNECTION_REFUSED @ http://localhost:5173/api/v1/alerts:0
[  699667ms] [ERROR] [API] Network error: no response received @ http://localhost:5173/src/lib/api.ts:19
[  699667ms] [ERROR] Failed to load resource: net::ERR_CONNECTION_REFUSED @ http://localhost:5173/api/v1/stations:0
[  701188ms] [ERROR] [API] Network error: no response received @ http://localhost:5173/src/lib/api.ts:19
[  701188ms] [ERROR] Failed to load resource: net::ERR_CONNECTION_REFUSED @ http://localhost:5173/api/v1/interventions:0
[  702016ms] [ERROR] [API] Network error: no response received @ http://localhost:5173/src/lib/api.ts:19
[  702017ms] [ERROR] Failed to load resource: net::ERR_CONNECTION_REFUSED @ http://localhost:5173/api/v1/alerts:0
[  702190ms] [ERROR] WebSocket connection to 'ws://localhost:5173/ws/realtime' failed: Error in connection establishment: net::ERR_CONNECTION_REFUSED @ http://localhost:5173/src/lib/websocket.ts:47
[  702191ms] [ERROR] [API] Network error: no response received @ http://localhost:5173/src/lib/api.ts:19
[  702192ms] [ERROR] Failed to load resource: net::ERR_CONNECTION_REFUSED @ http://localhost:5173/api/v1/interventions:0
[  702642ms] [ERROR] [API] Network error: no response received @ http://localhost:5173/src/lib/api.ts:19
[  702642ms] [ERROR] Failed to load resource: net::ERR_CONNECTION_REFUSED @ http://localhost:5173/api/v1/dashboard/kpis:0
[  702931ms] [ERROR] [API] Network error: no response received @ http://localhost:5173/src/lib/api.ts:19
[  702931ms] [ERROR] Failed to load resource: net::ERR_CONNECTION_REFUSED @ http://localhost:5173/api/v1/dashboard/suggestions:0
[  703229ms] [ERROR] [API] Network error: no response received @ http://localhost:5173/src/lib/api.ts:19
[  703229ms] [ERROR] Failed to load resource: net::ERR_CONNECTION_REFUSED @ http://localhost:5173/api/v1/interventions:0
[  703475ms] [ERROR] WebSocket connection to 'ws://localhost:5173/' failed: Error in connection establishment: net::ERR_CONNECTION_REFUSED @ http://localhost:5173/@vite/client:1034
[  703682ms] [ERROR] [API] Network error: no response received @ http://localhost:5173/src/lib/api.ts:19
[  703682ms] [ERROR] Failed to load resource: net::ERR_CONNECTION_REFUSED @ http://localhost:5173/api/v1/stations:0
[  704050ms] [ERROR] [API] Network error: no response received @ http://localhost:5173/src/lib/api.ts:19
[  704050ms] [ERROR] Failed to load resource: net::ERR_CONNECTION_REFUSED @ http://localhost:5173/api/v1/dashboard/kpis:0
[  704271ms] [ERROR] [API] Network error: no response received @ http://localhost:5173/src/lib/api.ts:19
[  704271ms] [ERROR] Failed to load resource: net::ERR_CONNECTION_REFUSED @ http://localhost:5173/api/v1/dashboard/suggestions:0
[  704685ms] [ERROR] [API] Network error: no response received @ http://localhost:5173/src/lib/api.ts:19
[  704685ms] [ERROR] Failed to load resource: net::ERR_CONNECTION_REFUSED @ http://localhost:5173/api/v1/stations:0
[  705469ms] [ERROR] [API] Network error: no response received @ http://localhost:5173/src/lib/api.ts:19
[  705469ms] [ERROR] Failed to load resource: net::ERR_CONNECTION_REFUSED @ http://localhost:5173/api/v1/interventions:0
[  705798ms] [ERROR] WebSocket connection to 'ws://localhost:5173/' failed: Error in connection establishment: net::ERR_CONNECTION_REFUSED @ http://localhost:5173/@vite/client:1034
[  706187ms] [ERROR] [API] Network error: no response received @ http://localhost:5173/src/lib/api.ts:19
[  706187ms] [ERROR] Failed to load resource: net::ERR_CONNECTION_REFUSED @ http://localhost:5173/api/v1/stations:0
[  706314ms] [ERROR] [API] Network error: no response received @ http://localhost:5173/src/lib/api.ts:19
[  706314ms] [ERROR] Failed to load resource: net::ERR_CONNECTION_REFUSED @ http://localhost:5173/api/v1/alerts:0
[  706502ms] [ERROR] [API] Network error: no response received @ http://localhost:5173/src/lib/api.ts:19
[  706502ms] [ERROR] Failed to load resource: net::ERR_CONNECTION_REFUSED @ http://localhost:5173/api/v1/dashboard/kpis:0
[  706565ms] [ERROR] [API] Network error: no response received @ http://localhost:5173/src/lib/api.ts:19
[  706565ms] [ERROR] Failed to load resource: net::ERR_CONNECTION_REFUSED @ http://localhost:5173/api/v1/dashboard/suggestions:0
[  707319ms] [ERROR] [API] Network error: no response received @ http://localhost:5173/src/lib/api.ts:19
[  707319ms] [ERROR] Failed to load resource: net::ERR_CONNECTION_REFUSED @ http://localhost:5173/api/v1/alerts/rich:0
[  708273ms] [ERROR] [API] Network error: no response received @ http://localhost:5173/src/lib/api.ts:19
[  708273ms] [ERROR] Failed to load resource: net::ERR_CONNECTION_REFUSED @ http://localhost:5173/api/v1/stations:0
[  708815ms] [ERROR] [API] Network error: no response received @ http://localhost:5173/src/lib/api.ts:19
[  708815ms] [ERROR] Failed to load resource: net::ERR_CONNECTION_REFUSED @ http://localhost:5173/api/v1/alerts/rich:0
[  709564ms] [ERROR] [API] Network error: no response received @ http://localhost:5173/src/lib/api.ts:19
[  709564ms] [ERROR] Failed to load resource: net::ERR_CONNECTION_REFUSED @ http://localhost:5173/api/v1/interventions:0
[  709761ms] [ERROR] WebSocket connection to 'ws://localhost:5173/' failed: Error in connection establishment: net::ERR_CONNECTION_REFUSED @ http://localhost:5173/@vite/client:1034
[  710614ms] [ERROR] [API] Network error: no response received @ http://localhost:5173/src/lib/api.ts:19
[  710614ms] [ERROR] Failed to load resource: net::ERR_CONNECTION_REFUSED @ http://localhost:5173/api/v1/dashboard/kpis:0
[  710860ms] [ERROR] [API] Network error: no response received @ http://localhost:5173/src/lib/api.ts:19
[  710860ms] [ERROR] Failed to load resource: net::ERR_CONNECTION_REFUSED @ http://localhost:5173/api/v1/dashboard/suggestions:0
[  711029ms] [ERROR] [API] Network error: no response received @ http://localhost:5173/src/lib/api.ts:19
[  711029ms] [ERROR] Failed to load resource: net::ERR_CONNECTION_REFUSED @ http://localhost:5173/api/v1/alerts/rich:0
[  711567ms] [ERROR] [API] Network error: no response received @ http://localhost:5173/src/lib/api.ts:19
[  711567ms] [ERROR] Failed to load resource: net::ERR_CONNECTION_REFUSED @ http://localhost:5173/api/v1/interventions:0
[  712307ms] [ERROR] [API] Network error: no response received @ http://localhost:5173/src/lib/api.ts:19
[  712308ms] [ERROR] Failed to load resource: net::ERR_CONNECTION_REFUSED @ http://localhost:5173/api/v1/stations:0
[  712629ms] [ERROR] [API] Network error: no response received @ http://localhost:5173/src/lib/api.ts:19
[  712629ms] [ERROR] Failed to load resource: net::ERR_CONNECTION_REFUSED @ http://localhost:5173/api/v1/interventions:0
[  714313ms] [ERROR] [API] Network error: no response received @ http://localhost:5173/src/lib/api.ts:19
[  714313ms] [ERROR] Failed to load resource: net::ERR_CONNECTION_REFUSED @ http://localhost:5173/api/v1/stations:0
[  714735ms] [ERROR] [API] Network error: no response received @ http://localhost:5173/src/lib/api.ts:19
[  714735ms] [ERROR] Failed to load resource: net::ERR_CONNECTION_REFUSED @ http://localhost:5173/api/v1/interventions:0
[  715065ms] [ERROR] [API] Network error: no response received @ http://localhost:5173/src/lib/api.ts:19
[  715065ms] [ERROR] Failed to load resource: net::ERR_CONNECTION_REFUSED @ http://localhost:5173/api/v1/alerts/rich:0
[  715066ms] [ERROR] [API] Network error: no response received @ http://localhost:5173/src/lib/api.ts:19
[  715066ms] [ERROR] Failed to load resource: net::ERR_CONNECTION_REFUSED @ http://localhost:5173/api/v1/alerts:0
[  715397ms] [ERROR] WebSocket connection to 'ws://localhost:5173/' failed: Error in connection establishment: net::ERR_CONNECTION_REFUSED @ http://localhost:5173/@vite/client:1034
[  715732ms] [ERROR] [API] Network error: no response received @ http://localhost:5173/src/lib/api.ts:19
[  715732ms] [ERROR] Failed to load resource: net::ERR_CONNECTION_REFUSED @ http://localhost:5173/api/v1/stations:0
[  716104ms] [ERROR] [API] Network error: no response received @ http://localhost:5173/src/lib/api.ts:19
[  716104ms] [ERROR] Failed to load resource: net::ERR_CONNECTION_REFUSED @ http://localhost:5173/api/v1/alerts:0
[  717855ms] [ERROR] WebSocket connection to 'ws://localhost:5173/' failed: Error in connection establishment: net::ERR_CONNECTION_REFUSED @ http://localhost:5173/@vite/client:1034
[  718203ms] [ERROR] [API] Network error: no response received @ http://localhost:5173/src/lib/api.ts:19
[  718203ms] [ERROR] Failed to load resource: net::ERR_CONNECTION_REFUSED @ http://localhost:5173/api/v1/stations:0
[  718594ms] [ERROR] [API] Network error: no response received @ http://localhost:5173/src/lib/api.ts:19
[  718594ms] [ERROR] Failed to load resource: net::ERR_CONNECTION_REFUSED @ http://localhost:5173/api/v1/alerts:0
[  719158ms] [ERROR] [API] Network error: no response received @ http://localhost:5173/src/lib/api.ts:19
[  719159ms] [ERROR] Failed to load resource: net::ERR_CONNECTION_REFUSED @ http://localhost:5173/api/v1/interventions:0
[  720585ms] [ERROR] WebSocket connection to 'ws://localhost:5173/' failed: Error in connection establishment: net::ERR_CONNECTION_REFUSED @ http://localhost:5173/@vite/client:1034
[  722385ms] [ERROR] [API] Network error: no response received @ http://localhost:5173/src/lib/api.ts:19
[  722385ms] [ERROR] Failed to load resource: net::ERR_CONNECTION_REFUSED @ http://localhost:5173/api/v1/stations:0
[  722774ms] [ERROR] [API] Network error: no response received @ http://localhost:5173/src/lib/api.ts:19
[  722774ms] [ERROR] Failed to load resource: net::ERR_CONNECTION_REFUSED @ http://localhost:5173/api/v1/alerts:0
[  723164ms] [ERROR] [API] Network error: no response received @ http://localhost:5173/src/lib/api.ts:19
[  723164ms] [ERROR] Failed to load resource: net::ERR_CONNECTION_REFUSED @ http://localhost:5173/api/v1/interventions:0
[  724530ms] [ERROR] [API] Network error: no response received @ http://localhost:5173/src/lib/api.ts:19
[  724530ms] [ERROR] Failed to load resource: net::ERR_CONNECTION_REFUSED @ http://localhost:5173/api/v1/interventions:0
[  724778ms] [ERROR] [API] Network error: no response received @ http://localhost:5173/src/lib/api.ts:19
[  724778ms] [ERROR] Failed to load resource: net::ERR_CONNECTION_REFUSED @ http://localhost:5173/api/v1/alerts/rich:0
[  725973ms] [ERROR] WebSocket connection to 'ws://localhost:5173/' failed: Error in connection establishment: net::ERR_CONNECTION_REFUSED @ http://localhost:5173/@vite/client:1034
[  726230ms] [ERROR] [API] Network error: no response received @ http://localhost:5173/src/lib/api.ts:19
[  726230ms] [ERROR] Failed to load resource: net::ERR_CONNECTION_REFUSED @ http://localhost:5173/api/v1/alerts/rich:0
[  726386ms] [ERROR] [API] Network error: no response received @ http://localhost:5173/src/lib/api.ts:19
[  726387ms] [ERROR] Failed to load resource: net::ERR_CONNECTION_REFUSED @ http://localhost:5173/api/v1/stations:0
[  726760ms] [ERROR] [API] Network error: no response received @ http://localhost:5173/src/lib/api.ts:19
[  726760ms] [ERROR] Failed to load resource: net::ERR_CONNECTION_REFUSED @ http://localhost:5173/api/v1/interventions:0
[  727708ms] [ERROR] [API] Network error: no response received @ http://localhost:5173/src/lib/api.ts:19
[  727708ms] [ERROR] Failed to load resource: net::ERR_CONNECTION_REFUSED @ http://localhost:5173/api/v1/stations:0
[  728377ms] [ERROR] [API] Network error: no response received @ http://localhost:5173/src/lib/api.ts:19
[  728377ms] [ERROR] Failed to load resource: net::ERR_CONNECTION_REFUSED @ http://localhost:5173/api/v1/alerts/rich:0
[  729735ms] [ERROR] [API] Network error: no response received @ http://localhost:5173/src/lib/api.ts:19
[  729735ms] [ERROR] Failed to load resource: net::ERR_CONNECTION_REFUSED @ http://localhost:5173/api/v1/stations:0
[  729955ms] [ERROR] WebSocket connection to 'ws://localhost:5173/' failed: Error in connection establishment: net::ERR_CONNECTION_REFUSED @ http://localhost:5173/@vite/client:1034
[  731142ms] [ERROR] [API] Network error: no response received @ http://localhost:5173/src/lib/api.ts:19
[  731142ms] [ERROR] Failed to load resource: net::ERR_CONNECTION_REFUSED @ http://localhost:5173/api/v1/interventions:0
[  732726ms] [ERROR] [API] Network error: no response received @ http://localhost:5173/src/lib/api.ts:19
[  732726ms] [ERROR] Failed to load resource: net::ERR_CONNECTION_REFUSED @ http://localhost:5173/api/v1/alerts/rich:0
[  732726ms] [ERROR] [API] Network error: no response received @ http://localhost:5173/src/lib/api.ts:19
[  732726ms] [ERROR] Failed to load resource: net::ERR_CONNECTION_REFUSED @ http://localhost:5173/api/v1/alerts:0
[  733799ms] [ERROR] [API] Network error: no response received @ http://localhost:5173/src/lib/api.ts:19
[  733799ms] [ERROR] Failed to load resource: net::ERR_CONNECTION_REFUSED @ http://localhost:5173/api/v1/alerts:0
[  734055ms] [ERROR] WebSocket connection to 'ws://localhost:5173/ws/realtime' failed: Error in connection establishment: net::ERR_CONNECTION_REFUSED @ http://localhost:5173/src/lib/websocket.ts:47
[  734156ms] [ERROR] [API] Network error: no response received @ http://localhost:5173/src/lib/api.ts:19
[  734156ms] [ERROR] Failed to load resource: net::ERR_CONNECTION_REFUSED @ http://localhost:5173/api/v1/stations:0
[  734357ms] [ERROR] WebSocket connection to 'ws://localhost:5173/' failed: Error in connection establishment: net::ERR_CONNECTION_REFUSED @ http://localhost:5173/@vite/client:1034
[  735955ms] [ERROR] [API] Network error: no response received @ http://localhost:5173/src/lib/api.ts:19
[  735955ms] [ERROR] Failed to load resource: net::ERR_CONNECTION_REFUSED @ http://localhost:5173/api/v1/alerts:0
[  738658ms] [ERROR] WebSocket connection to 'ws://localhost:5173/' failed: Error in connection establishment: net::ERR_CONNECTION_REFUSED @ http://localhost:5173/@vite/client:1034
[  740345ms] [ERROR] [API] Network error: no response received @ http://localhost:5173/src/lib/api.ts:19
[  740345ms] [ERROR] Failed to load resource: net::ERR_CONNECTION_REFUSED @ http://localhost:5173/api/v1/alerts:0
[  740620ms] [ERROR] [API] Network error: no response received @ http://localhost:5173/src/lib/api.ts:19
[  740620ms] [ERROR] Failed to load resource: net::ERR_CONNECTION_REFUSED @ http://localhost:5173/api/v1/dashboard/kpis:0
[  740866ms] [ERROR] [API] Network error: no response received @ http://localhost:5173/src/lib/api.ts:19
[  740866ms] [ERROR] Failed to load resource: net::ERR_CONNECTION_REFUSED @ http://localhost:5173/api/v1/dashboard/suggestions:0
[  741896ms] [ERROR] [API] Network error: no response received @ http://localhost:5173/src/lib/api.ts:19
[  741896ms] [ERROR] Failed to load resource: net::ERR_CONNECTION_REFUSED @ http://localhost:5173/api/v1/dashboard/suggestions:0
[  742104ms] [ERROR] [API] Network error: no response received @ http://localhost:5173/src/lib/api.ts:19
[  742104ms] [ERROR] Failed to load resource: net::ERR_CONNECTION_REFUSED @ http://localhost:5173/api/v1/dashboard/kpis:0
[  743987ms] [ERROR] [API] Network error: no response received @ http://localhost:5173/src/lib/api.ts:19
[  743987ms] [ERROR] Failed to load resource: net::ERR_CONNECTION_REFUSED @ http://localhost:5173/api/v1/dashboard/suggestions:0
[  744329ms] [ERROR] [API] Network error: no response received @ http://localhost:5173/src/lib/api.ts:19
[  744330ms] [ERROR] Failed to load resource: net::ERR_CONNECTION_REFUSED @ http://localhost:5173/api/v1/dashboard/kpis:0
[  744348ms] [ERROR] [API] Network error: no response received @ http://localhost:5173/src/lib/api.ts:19
[  744349ms] [ERROR] Failed to load resource: net::ERR_CONNECTION_REFUSED @ http://localhost:5173/api/v1/alerts/rich:0
[  744653ms] [ERROR] WebSocket connection to 'ws://localhost:5173/' failed: Error in connection establishment: net::ERR_CONNECTION_REFUSED @ http://localhost:5173/@vite/client:1034
[  745654ms] [ERROR] [API] Network error: no response received @ http://localhost:5173/src/lib/api.ts:19
[  745654ms] [ERROR] Failed to load resource: net::ERR_CONNECTION_REFUSED @ http://localhost:5173/api/v1/alerts/rich:0
[  746148ms] [ERROR] [API] Network error: no response received @ http://localhost:5173/src/lib/api.ts:19
[  746148ms] [ERROR] Failed to load resource: net::ERR_CONNECTION_REFUSED @ http://localhost:5173/api/v1/interventions:0
[  747469ms] [ERROR] WebSocket connection to 'ws://localhost:5173/' failed: Error in connection establishment: net::ERR_CONNECTION_REFUSED @ http://localhost:5173/@vite/client:1034
[  747624ms] [ERROR] [API] Network error: no response received @ http://localhost:5173/src/lib/api.ts:19
[  747624ms] [ERROR] Failed to load resource: net::ERR_CONNECTION_REFUSED @ http://localhost:5173/api/v1/interventions:0
[  747691ms] [ERROR] [API] Network error: no response received @ http://localhost:5173/src/lib/api.ts:19
[  747691ms] [ERROR] Failed to load resource: net::ERR_CONNECTION_REFUSED @ http://localhost:5173/api/v1/alerts/rich:0
[  748031ms] [ERROR] [API] Network error: no response received @ http://localhost:5173/src/lib/api.ts:19
[  748032ms] [ERROR] Failed to load resource: net::ERR_CONNECTION_REFUSED @ http://localhost:5173/api/v1/dashboard/suggestions:0
[  748589ms] [ERROR] [API] Network error: no response received @ http://localhost:5173/src/lib/api.ts:19
[  748589ms] [ERROR] Failed to load resource: net::ERR_CONNECTION_REFUSED @ http://localhost:5173/api/v1/dashboard/kpis:0
[  749034ms] [ERROR] [API] Network error: no response received @ http://localhost:5173/src/lib/api.ts:19
[  749034ms] [ERROR] Failed to load resource: net::ERR_CONNECTION_REFUSED @ http://localhost:5173/api/v1/dashboard/suggestions:0
[  749593ms] [ERROR] [API] Network error: no response received @ http://localhost:5173/src/lib/api.ts:19
[  749593ms] [ERROR] Failed to load resource: net::ERR_CONNECTION_REFUSED @ http://localhost:5173/api/v1/dashboard/kpis:0
[  749717ms] [ERROR] [API] Network error: no response received @ http://localhost:5173/src/lib/api.ts:19
[  749717ms] [ERROR] Failed to load resource: net::ERR_CONNECTION_REFUSED @ http://localhost:5173/api/v1/interventions:0
[  750271ms] [ERROR] [API] Network error: no response received @ http://localhost:5173/src/lib/api.ts:19
[  750271ms] [ERROR] Failed to load resource: net::ERR_CONNECTION_REFUSED @ http://localhost:5173/api/v1/dashboard/suggestions:0
[  750674ms] [ERROR] WebSocket connection to 'ws://localhost:5173/' failed: Error in connection establishment: net::ERR_CONNECTION_REFUSED @ http://localhost:5173/@vite/client:1034
[  750843ms] [ERROR] [API] Network error: no response received @ http://localhost:5173/src/lib/api.ts:19
[  750843ms] [ERROR] Failed to load resource: net::ERR_CONNECTION_REFUSED @ http://localhost:5173/api/v1/dashboard/kpis:0
[  751978ms] [ERROR] [API] Network error: no response received @ http://localhost:5173/src/lib/api.ts:19
[  751979ms] [ERROR] Failed to load resource: net::ERR_CONNECTION_REFUSED @ http://localhost:5173/api/v1/alerts/rich:0
[  751979ms] [ERROR] [API] Network error: no response received @ http://localhost:5173/src/lib/api.ts:19
[  751979ms] [ERROR] Failed to load resource: net::ERR_CONNECTION_REFUSED @ http://localhost:5173/api/v1/alerts:0
[  752533ms] [ERROR] [API] Network error: no response received @ http://localhost:5173/src/lib/api.ts:19
[  752533ms] [ERROR] Failed to load resource: net::ERR_CONNECTION_REFUSED @ http://localhost:5173/api/v1/dashboard/suggestions:0
[  753254ms] [ERROR] [API] Network error: no response received @ http://localhost:5173/src/lib/api.ts:19
[  753254ms] [ERROR] Failed to load resource: net::ERR_CONNECTION_REFUSED @ http://localhost:5173/api/v1/dashboard/kpis:0
[  753431ms] [ERROR] [API] Network error: no response received @ http://localhost:5173/src/lib/api.ts:19
[  753431ms] [ERROR] Failed to load resource: net::ERR_CONNECTION_REFUSED @ http://localhost:5173/api/v1/alerts:0
[  754162ms] [ERROR] [API] Network error: no response received @ http://localhost:5173/src/lib/api.ts:19
[  754162ms] [ERROR] Failed to load resource: net::ERR_CONNECTION_REFUSED @ http://localhost:5173/api/v1/interventions:0
[  755009ms] [ERROR] WebSocket connection to 'ws://localhost:5173/' failed: Error in connection establishment: net::ERR_CONNECTION_REFUSED @ http://localhost:5173/@vite/client:1034
[  755165ms] [ERROR] [API] Network error: no response received @ http://localhost:5173/src/lib/api.ts:19
[  755165ms] [ERROR] Failed to load resource: net::ERR_CONNECTION_REFUSED @ http://localhost:5173/api/v1/interventions:0
[  755804ms] [ERROR] [API] Network error: no response received @ http://localhost:5173/src/lib/api.ts:19
[  755805ms] [ERROR] Failed to load resource: net::ERR_CONNECTION_REFUSED @ http://localhost:5173/api/v1/alerts:0
[  756620ms] [ERROR] [API] Network error: no response received @ http://localhost:5173/src/lib/api.ts:19
[  756620ms] [ERROR] Failed to load resource: net::ERR_CONNECTION_REFUSED @ http://localhost:5173/api/v1/interventions:0
[  756750ms] [ERROR] [API] Network error: no response received @ http://localhost:5173/src/lib/api.ts:19
[  756750ms] [ERROR] Failed to load resource: net::ERR_CONNECTION_REFUSED @ http://localhost:5173/api/v1/dashboard/suggestions:0
[  757351ms] [ERROR] [API] Network error: no response received @ http://localhost:5173/src/lib/api.ts:19
[  757351ms] [ERROR] Failed to load resource: net::ERR_CONNECTION_REFUSED @ http://localhost:5173/api/v1/dashboard/kpis:0
[  757965ms] [ERROR] WebSocket connection to 'ws://localhost:5173/' failed: Error in connection establishment: net::ERR_CONNECTION_REFUSED @ http://localhost:5173/@vite/client:1034
[  758754ms] [ERROR] [API] Network error: no response received @ http://localhost:5173/src/lib/api.ts:19
[  758754ms] [ERROR] Failed to load resource: net::ERR_CONNECTION_REFUSED @ http://localhost:5173/api/v1/dashboard/suggestions:0
[  759028ms] [ERROR] [API] Network error: no response received @ http://localhost:5173/src/lib/api.ts:19
[  759029ms] [ERROR] Failed to load resource: net::ERR_CONNECTION_REFUSED @ http://localhost:5173/api/v1/interventions:0
[  759355ms] [ERROR] [API] Network error: no response received @ http://localhost:5173/src/lib/api.ts:19
[  759355ms] [ERROR] Failed to load resource: net::ERR_CONNECTION_REFUSED @ http://localhost:5173/api/v1/dashboard/kpis:0
[  759951ms] [ERROR] [API] Network error: no response received @ http://localhost:5173/src/lib/api.ts:19
[  759951ms] [ERROR] Failed to load resource: net::ERR_CONNECTION_REFUSED @ http://localhost:5173/api/v1/alerts:0
[  760135ms] [ERROR] [API] Network error: no response received @ http://localhost:5173/src/lib/api.ts:19
[  760135ms] [ERROR] Failed to load resource: net::ERR_CONNECTION_REFUSED @ http://localhost:5173/api/v1/dashboard/suggestions:0
[  760594ms] [ERROR] [API] Network error: no response received @ http://localhost:5173/src/lib/api.ts:19
[  760595ms] [ERROR] Failed to load resource: net::ERR_CONNECTION_REFUSED @ http://localhost:5173/api/v1/dashboard/kpis:0
[  761906ms] [ERROR] WebSocket connection to 'ws://localhost:5173/' failed: Error in connection establishment: net::ERR_CONNECTION_REFUSED @ http://localhost:5173/@vite/client:1034
[  762211ms] [ERROR] [API] Network error: no response received @ http://localhost:5173/src/lib/api.ts:19
[  762211ms] [ERROR] Failed to load resource: net::ERR_CONNECTION_REFUSED @ http://localhost:5173/api/v1/dashboard/suggestions:0
[  762827ms] [ERROR] [API] Network error: no response received @ http://localhost:5173/src/lib/api.ts:19
[  762827ms] [ERROR] Failed to load resource: net::ERR_CONNECTION_REFUSED @ http://localhost:5173/api/v1/dashboard/kpis:0
[  763337ms] [ERROR] [API] Network error: no response received @ http://localhost:5173/src/lib/api.ts:19
[  763337ms] [ERROR] Failed to load resource: net::ERR_CONNECTION_REFUSED @ http://localhost:5173/api/v1/interventions:0
[  765342ms] [ERROR] [API] Network error: no response received @ http://localhost:5173/src/lib/api.ts:19
[  765342ms] [ERROR] Failed to load resource: net::ERR_CONNECTION_REFUSED @ http://localhost:5173/api/v1/interventions:0
[  766248ms] [ERROR] [API] Network error: no response received @ http://localhost:5173/src/lib/api.ts:19
[  766248ms] [ERROR] Failed to load resource: net::ERR_CONNECTION_REFUSED @ http://localhost:5173/api/v1/dashboard/suggestions:0
[  766610ms] [ERROR] [API] Network error: no response received @ http://localhost:5173/src/lib/api.ts:19
[  766610ms] [ERROR] Failed to load resource: net::ERR_CONNECTION_REFUSED @ http://localhost:5173/api/v1/interventions:0
[  766833ms] [ERROR] [API] Network error: no response received @ http://localhost:5173/src/lib/api.ts:19
[  766833ms] [ERROR] Failed to load resource: net::ERR_CONNECTION_REFUSED @ http://localhost:5173/api/v1/dashboard/kpis:0
[  767240ms] [ERROR] WebSocket connection to 'ws://localhost:5173/' failed: Error in connection establishment: net::ERR_CONNECTION_REFUSED @ http://localhost:5173/@vite/client:1034
[  767717ms] [ERROR] WebSocket connection to 'ws://localhost:5173/ws/realtime' failed: Error in connection establishment: net::ERR_CONNECTION_REFUSED @ http://localhost:5173/src/lib/websocket.ts:47
[  768992ms] [ERROR] [API] Network error: no response received @ http://localhost:5173/src/lib/api.ts:19
[  768992ms] [ERROR] Failed to load resource: net::ERR_CONNECTION_REFUSED @ http://localhost:5173/api/v1/interventions:0
[  770253ms] [ERROR] [API] Network error: no response received @ http://localhost:5173/src/lib/api.ts:19
[  770254ms] [ERROR] Failed to load resource: net::ERR_CONNECTION_REFUSED @ http://localhost:5173/api/v1/dashboard/suggestions:0
[  770837ms] [ERROR] [API] Network error: no response received @ http://localhost:5173/src/lib/api.ts:19
[  770837ms] [ERROR] Failed to load resource: net::ERR_CONNECTION_REFUSED @ http://localhost:5173/api/v1/dashboard/kpis:0
[  771004ms] [ERROR] WebSocket connection to 'ws://localhost:5173/' failed: Error in connection establishment: net::ERR_CONNECTION_REFUSED @ http://localhost:5173/@vite/client:1034
[  771371ms] [ERROR] [API] Network error: no response received @ http://localhost:5173/src/lib/api.ts:19
[  771371ms] [ERROR] Failed to load resource: net::ERR_CONNECTION_REFUSED @ http://localhost:5173/api/v1/dashboard/suggestions:0
[  772320ms] [ERROR] [API] Network error: no response received @ http://localhost:5173/src/lib/api.ts:19
[  772321ms] [ERROR] Failed to load resource: net::ERR_CONNECTION_REFUSED @ http://localhost:5173/api/v1/dashboard/kpis:0
[  773372ms] [ERROR] [API] Network error: no response received @ http://localhost:5173/src/lib/api.ts:19
[  773372ms] [ERROR] Failed to load resource: net::ERR_CONNECTION_REFUSED @ http://localhost:5173/api/v1/interventions:0
[  773616ms] [ERROR] [API] Network error: no response received @ http://localhost:5173/src/lib/api.ts:19
[  773616ms] [ERROR] Failed to load resource: net::ERR_CONNECTION_REFUSED @ http://localhost:5173/api/v1/dashboard/suggestions:0
[  774648ms] [ERROR] [API] Network error: no response received @ http://localhost:5173/src/lib/api.ts:19
[  774648ms] [ERROR] Failed to load resource: net::ERR_CONNECTION_REFUSED @ http://localhost:5173/api/v1/dashboard/kpis:0
[  774849ms] [ERROR] WebSocket connection to 'ws://localhost:5173/' failed: Error in connection establishment: net::ERR_CONNECTION_REFUSED @ http://localhost:5173/@vite/client:1034
[  774956ms] [ERROR] [API] Network error: no response received @ http://localhost:5173/src/lib/api.ts:19
[  774956ms] [ERROR] Failed to load resource: net::ERR_CONNECTION_REFUSED @ http://localhost:5173/api/v1/alerts/rich:0
[  776042ms] [ERROR] [API] Network error: no response received @ http://localhost:5173/src/lib/api.ts:19
[  776042ms] [ERROR] Failed to load resource: net::ERR_CONNECTION_REFUSED @ http://localhost:5173/api/v1/alerts/rich:0
[  777376ms] [ERROR] [API] Network error: no response received @ http://localhost:5173/src/lib/api.ts:19
[  777376ms] [ERROR] Failed to load resource: net::ERR_CONNECTION_REFUSED @ http://localhost:5173/api/v1/interventions:0
[  777944ms] [ERROR] [API] Network error: no response received @ http://localhost:5173/src/lib/api.ts:19
[  777944ms] [ERROR] Failed to load resource: net::ERR_CONNECTION_REFUSED @ http://localhost:5173/api/v1/dashboard/suggestions:0
[  778224ms] [ERROR] [API] Network error: no response received @ http://localhost:5173/src/lib/api.ts:19
[  778224ms] [ERROR] Failed to load resource: net::ERR_CONNECTION_REFUSED @ http://localhost:5173/api/v1/alerts/rich:0
[  778544ms] [ERROR] [API] Network error: no response received @ http://localhost:5173/src/lib/api.ts:19
[  778544ms] [ERROR] Failed to load resource: net::ERR_CONNECTION_REFUSED @ http://localhost:5173/api/v1/interventions:0
[  778621ms] [ERROR] WebSocket connection to 'ws://localhost:5173/' failed: Error in connection establishment: net::ERR_CONNECTION_REFUSED @ http://localhost:5173/@vite/client:1034
[  779074ms] [ERROR] [API] Network error: no response received @ http://localhost:5173/src/lib/api.ts:19
[  779075ms] [ERROR] Failed to load resource: net::ERR_CONNECTION_REFUSED @ http://localhost:5173/api/v1/dashboard/kpis:0
[  780659ms] [ERROR] [API] Network error: no response received @ http://localhost:5173/src/lib/api.ts:19
[  780659ms] [ERROR] Failed to load resource: net::ERR_CONNECTION_REFUSED @ http://localhost:5173/api/v1/interventions:0
[  782599ms] [ERROR] [API] Network error: no response received @ http://localhost:5173/src/lib/api.ts:19
[  782600ms] [ERROR] Failed to load resource: net::ERR_CONNECTION_REFUSED @ http://localhost:5173/api/v1/alerts/rich:0
[  782601ms] [ERROR] [API] Network error: no response received @ http://localhost:5173/src/lib/api.ts:19
[  782601ms] [ERROR] Failed to load resource: net::ERR_CONNECTION_REFUSED @ http://localhost:5173/api/v1/alerts:0
[  782961ms] [ERROR] WebSocket connection to 'ws://localhost:5173/' failed: Error in connection establishment: net::ERR_CONNECTION_REFUSED @ http://localhost:5173/@vite/client:1034
[  783638ms] [ERROR] [API] Network error: no response received @ http://localhost:5173/src/lib/api.ts:19
[  783638ms] [ERROR] Failed to load resource: net::ERR_CONNECTION_REFUSED @ http://localhost:5173/api/v1/alerts:0
[  784846ms] [ERROR] [API] Network error: no response received @ http://localhost:5173/src/lib/api.ts:19
[  784846ms] [ERROR] Failed to load resource: net::ERR_CONNECTION_REFUSED @ http://localhost:5173/api/v1/interventions:0
[  785821ms] [ERROR] [API] Network error: no response received @ http://localhost:5173/src/lib/api.ts:19
[  785821ms] [ERROR] Failed to load resource: net::ERR_CONNECTION_REFUSED @ http://localhost:5173/api/v1/alerts:0
[  788861ms] [ERROR] WebSocket connection to 'ws://localhost:5173/' failed: Error in connection establishment: net::ERR_CONNECTION_REFUSED @ http://localhost:5173/@vite/client:1034
[  790309ms] [ERROR] [API] Network error: no response received @ http://localhost:5173/src/lib/api.ts:19
[  790310ms] [ERROR] Failed to load resource: net::ERR_CONNECTION_REFUSED @ http://localhost:5173/api/v1/alerts:0
[  791312ms] [ERROR] [API] Network error: no response received @ http://localhost:5173/src/lib/api.ts:19
[  791312ms] [ERROR] Failed to load resource: net::ERR_CONNECTION_REFUSED @ http://localhost:5173/api/v1/alerts/rich:0
[  791351ms] [ERROR] WebSocket connection to 'ws://localhost:5173/' failed: Error in connection establishment: net::ERR_CONNECTION_REFUSED @ http://localhost:5173/@vite/client:1034
[  792460ms] [ERROR] [API] Network error: no response received @ http://localhost:5173/src/lib/api.ts:19
[  792460ms] [ERROR] Failed to load resource: net::ERR_CONNECTION_REFUSED @ http://localhost:5173/api/v1/alerts/rich:0
[  794162ms] [ERROR] [API] Network error: no response received @ http://localhost:5173/src/lib/api.ts:19
[  794162ms] [ERROR] Failed to load resource: net::ERR_CONNECTION_REFUSED @ http://localhost:5173/api/v1/stations:0
[  794625ms] [ERROR] [API] Network error: no response received @ http://localhost:5173/src/lib/api.ts:19
[  794625ms] [ERROR] Failed to load resource: net::ERR_CONNECTION_REFUSED @ http://localhost:5173/api/v1/alerts/rich:0
[  795341ms] [ERROR] [API] Network error: no response received @ http://localhost:5173/src/lib/api.ts:19
[  795341ms] [ERROR] Failed to load resource: net::ERR_CONNECTION_REFUSED @ http://localhost:5173/api/v1/stations:0
[  796069ms] [ERROR] WebSocket connection to 'ws://localhost:5173/' failed: Error in connection establishment: net::ERR_CONNECTION_REFUSED @ http://localhost:5173/@vite/client:1034
[  797490ms] [ERROR] [API] Network error: no response received @ http://localhost:5173/src/lib/api.ts:19
[  797490ms] [ERROR] Failed to load resource: net::ERR_CONNECTION_REFUSED @ http://localhost:5173/api/v1/stations:0
[  798879ms] [ERROR] [API] Network error: no response received @ http://localhost:5173/src/lib/api.ts:19
[  798880ms] [ERROR] Failed to load resource: net::ERR_CONNECTION_REFUSED @ http://localhost:5173/api/v1/alerts/rich:0
[  798880ms] [ERROR] [API] Network error: no response received @ http://localhost:5173/src/lib/api.ts:19
[  798880ms] [ERROR] Failed to load resource: net::ERR_CONNECTION_REFUSED @ http://localhost:5173/api/v1/alerts:0
[  799851ms] [ERROR] [API] Network error: no response received @ http://localhost:5173/src/lib/api.ts:19
[  799851ms] [ERROR] Failed to load resource: net::ERR_CONNECTION_REFUSED @ http://localhost:5173/api/v1/interventions:0
[  799901ms] [ERROR] WebSocket connection to 'ws://localhost:5173/' failed: Error in connection establishment: net::ERR_CONNECTION_REFUSED @ http://localhost:5173/@vite/client:1034
[  800236ms] [ERROR] [API] Network error: no response received @ http://localhost:5173/src/lib/api.ts:19
[  800236ms] [ERROR] Failed to load resource: net::ERR_CONNECTION_REFUSED @ http://localhost:5173/api/v1/alerts:0
[  801297ms] [ERROR] [API] Network error: no response received @ http://localhost:5173/src/lib/api.ts:19
[  801298ms] [ERROR] Failed to load resource: net::ERR_CONNECTION_REFUSED @ http://localhost:5173/api/v1/interventions:0
[  801809ms] [ERROR] WebSocket connection to 'ws://localhost:5173/ws/realtime' failed: Error in connection establishment: net::ERR_CONNECTION_REFUSED @ http://localhost:5173/src/lib/websocket.ts:47
[  801817ms] [ERROR] [API] Network error: no response received @ http://localhost:5173/src/lib/api.ts:19
[  801817ms] [ERROR] Failed to load resource: net::ERR_CONNECTION_REFUSED @ http://localhost:5173/api/v1/stations:0
[  802505ms] [ERROR] WebSocket connection to 'ws://localhost:5173/' failed: Error in connection establishment: net::ERR_CONNECTION_REFUSED @ http://localhost:5173/@vite/client:1034
[  802653ms] [ERROR] [API] Network error: no response received @ http://localhost:5173/src/lib/api.ts:19
[  802653ms] [ERROR] Failed to load resource: net::ERR_CONNECTION_REFUSED @ http://localhost:5173/api/v1/alerts:0
[  802820ms] [ERROR] [API] Network error: no response received @ http://localhost:5173/src/lib/api.ts:19
[  802820ms] [ERROR] Failed to load resource: net::ERR_CONNECTION_REFUSED @ http://localhost:5173/api/v1/stations:0
[  803626ms] [ERROR] [API] Network error: no response received @ http://localhost:5173/src/lib/api.ts:19
[  803626ms] [ERROR] Failed to load resource: net::ERR_CONNECTION_REFUSED @ http://localhost:5173/api/v1/interventions:0
[  804238ms] [ERROR] [API] Network error: no response received @ http://localhost:5173/src/lib/api.ts:19
[  804238ms] [ERROR] Failed to load resource: net::ERR_CONNECTION_REFUSED @ http://localhost:5173/api/v1/stations:0
[  806553ms] [ERROR] [API] Network error: no response received @ http://localhost:5173/src/lib/api.ts:19
[  806554ms] [ERROR] Failed to load resource: net::ERR_CONNECTION_REFUSED @ http://localhost:5173/api/v1/stations:0
[  807056ms] [ERROR] [API] Network error: no response received @ http://localhost:5173/src/lib/api.ts:19
[  807056ms] [ERROR] Failed to load resource: net::ERR_CONNECTION_REFUSED @ http://localhost:5173/api/v1/alerts:0
[  807948ms] [ERROR] [API] Network error: no response received @ http://localhost:5173/src/lib/api.ts:19
[  807948ms] [ERROR] Failed to load resource: net::ERR_CONNECTION_REFUSED @ http://localhost:5173/api/v1/dashboard/suggestions:0
[  808105ms] [ERROR] [API] Network error: no response received @ http://localhost:5173/src/lib/api.ts:19
[  808105ms] [ERROR] Failed to load resource: net::ERR_CONNECTION_REFUSED @ http://localhost:5173/api/v1/interventions:0
[  808457ms] [ERROR] WebSocket connection to 'ws://localhost:5173/' failed: Error in connection establishment: net::ERR_CONNECTION_REFUSED @ http://localhost:5173/@vite/client:1034
[  809060ms] [ERROR] [API] Network error: no response received @ http://localhost:5173/src/lib/api.ts:19
[  809060ms] [ERROR] Failed to load resource: net::ERR_CONNECTION_REFUSED @ http://localhost:5173/api/v1/alerts/rich:0
[  809077ms] [ERROR] [API] Network error: no response received @ http://localhost:5173/src/lib/api.ts:19
[  809078ms] [ERROR] Failed to load resource: net::ERR_CONNECTION_REFUSED @ http://localhost:5173/api/v1/dashboard/kpis:0
[  809108ms] [ERROR] [API] Network error: no response received @ http://localhost:5173/src/lib/api.ts:19
[  809108ms] [ERROR] Failed to load resource: net::ERR_CONNECTION_REFUSED @ http://localhost:5173/api/v1/interventions:0
[  809221ms] [ERROR] [API] Network error: no response received @ http://localhost:5173/src/lib/api.ts:19
[  809221ms] [ERROR] Failed to load resource: net::ERR_CONNECTION_REFUSED @ http://localhost:5173/api/v1/dashboard/suggestions:0
[  810271ms] [ERROR] [API] Network error: no response received @ http://localhost:5173/src/lib/api.ts:19
[  810271ms] [ERROR] Failed to load resource: net::ERR_CONNECTION_REFUSED @ http://localhost:5173/api/v1/dashboard/kpis:0
[  810329ms] [ERROR] [API] Network error: no response received @ http://localhost:5173/src/lib/api.ts:19
[  810329ms] [ERROR] Failed to load resource: net::ERR_CONNECTION_REFUSED @ http://localhost:5173/api/v1/interventions:0
[  810546ms] [ERROR] [API] Network error: no response received @ http://localhost:5173/src/lib/api.ts:19
[  810546ms] [ERROR] Failed to load resource: net::ERR_CONNECTION_REFUSED @ http://localhost:5173/api/v1/alerts/rich:0
[  810741ms] [ERROR] [API] Network error: no response received @ http://localhost:5173/src/lib/api.ts:19
[  810742ms] [ERROR] Failed to load resource: net::ERR_CONNECTION_REFUSED @ http://localhost:5173/api/v1/stations:0
[  811573ms] [ERROR] [API] Network error: no response received @ http://localhost:5173/src/lib/api.ts:19
[  811573ms] [ERROR] Failed to load resource: net::ERR_CONNECTION_REFUSED @ http://localhost:5173/api/v1/dashboard/suggestions:0
[  812292ms] [ERROR] [API] Network error: no response received @ http://localhost:5173/src/lib/api.ts:19
[  812292ms] [ERROR] Failed to load resource: net::ERR_CONNECTION_REFUSED @ http://localhost:5173/api/v1/dashboard/kpis:0
[  812748ms] [ERROR] [API] Network error: no response received @ http://localhost:5173/src/lib/api.ts:19
[  812748ms] [ERROR] Failed to load resource: net::ERR_CONNECTION_REFUSED @ http://localhost:5173/api/v1/stations:0
[  812803ms] [ERROR] [API] Network error: no response received @ http://localhost:5173/src/lib/api.ts:19
[  812803ms] [ERROR] Failed to load resource: net::ERR_CONNECTION_REFUSED @ http://localhost:5173/api/v1/alerts/rich:0
[  812815ms] [ERROR] [API] Network error: no response received @ http://localhost:5173/src/lib/api.ts:19
[  812815ms] [ERROR] Failed to load resource: net::ERR_CONNECTION_REFUSED @ http://localhost:5173/api/v1/interventions:0
[  813992ms] [ERROR] WebSocket connection to 'ws://localhost:5173/' failed: Error in connection establishment: net::ERR_CONNECTION_REFUSED @ http://localhost:5173/@vite/client:1034
[  814237ms] [ERROR] [API] Network error: no response received @ http://localhost:5173/src/lib/api.ts:19
[  814237ms] [ERROR] Failed to load resource: net::ERR_CONNECTION_REFUSED @ http://localhost:5173/api/v1/stations:0
[  815772ms] [ERROR] [API] Network error: no response received @ http://localhost:5173/src/lib/api.ts:19
[  815773ms] [ERROR] Failed to load resource: net::ERR_CONNECTION_REFUSED @ http://localhost:5173/api/v1/dashboard/suggestions:0
[  816406ms] [ERROR] WebSocket connection to 'ws://localhost:5173/' failed: Error in connection establishment: net::ERR_CONNECTION_REFUSED @ http://localhost:5173/@vite/client:1034
[  816692ms] [ERROR] [API] Network error: no response received @ http://localhost:5173/src/lib/api.ts:19
[  816692ms] [ERROR] Failed to load resource: net::ERR_CONNECTION_REFUSED @ http://localhost:5173/api/v1/stations:0
[  816774ms] [ERROR] [API] Network error: no response received @ http://localhost:5173/src/lib/api.ts:19
[  816775ms] [ERROR] Failed to load resource: net::ERR_CONNECTION_REFUSED @ http://localhost:5173/api/v1/dashboard/kpis:0
[  816775ms] [ERROR] [API] Network error: no response received @ http://localhost:5173/src/lib/api.ts:19
[  816775ms] [ERROR] Failed to load resource: net::ERR_CONNECTION_REFUSED @ http://localhost:5173/api/v1/dashboard/suggestions:0
[  817171ms] [ERROR] [API] Network error: no response received @ http://localhost:5173/src/lib/api.ts:19
[  817171ms] [ERROR] Failed to load resource: net::ERR_CONNECTION_REFUSED @ http://localhost:5173/api/v1/alerts/rich:0
[  817172ms] [ERROR] [API] Network error: no response received @ http://localhost:5173/src/lib/api.ts:19
[  817172ms] [ERROR] Failed to load resource: net::ERR_CONNECTION_REFUSED @ http://localhost:5173/api/v1/alerts:0
[  817215ms] [ERROR] [API] Network error: no response received @ http://localhost:5173/src/lib/api.ts:19
[  817216ms] [ERROR] Failed to load resource: net::ERR_CONNECTION_REFUSED @ http://localhost:5173/api/v1/interventions:0
[  817777ms] [ERROR] [API] Network error: no response received @ http://localhost:5173/src/lib/api.ts:19
[  817777ms] [ERROR] Failed to load resource: net::ERR_CONNECTION_REFUSED @ http://localhost:5173/api/v1/dashboard/kpis:0
[  817993ms] [ERROR] [API] Network error: no response received @ http://localhost:5173/src/lib/api.ts:19
[  817993ms] [ERROR] Failed to load resource: net::ERR_CONNECTION_REFUSED @ http://localhost:5173/api/v1/dashboard/suggestions:0
[  818448ms] [ERROR] [API] Network error: no response received @ http://localhost:5173/src/lib/api.ts:19
[  818448ms] [ERROR] Failed to load resource: net::ERR_CONNECTION_REFUSED @ http://localhost:5173/api/v1/alerts:0
[  819197ms] [ERROR] [API] Network error: no response received @ http://localhost:5173/src/lib/api.ts:19
[  819197ms] [ERROR] Failed to load resource: net::ERR_CONNECTION_REFUSED @ http://localhost:5173/api/v1/dashboard/kpis:0
[  819220ms] [ERROR] [API] Network error: no response received @ http://localhost:5173/src/lib/api.ts:19
[  819220ms] [ERROR] Failed to load resource: net::ERR_CONNECTION_REFUSED @ http://localhost:5173/api/v1/interventions:0
[  820301ms] [ERROR] [API] Network error: no response received @ http://localhost:5173/src/lib/api.ts:19
[  820301ms] [ERROR] Failed to load resource: net::ERR_CONNECTION_REFUSED @ http://localhost:5173/api/v1/dashboard/suggestions:0
[  820485ms] [ERROR] [API] Network error: no response received @ http://localhost:5173/src/lib/api.ts:19
[  820485ms] [ERROR] Failed to load resource: net::ERR_CONNECTION_REFUSED @ http://localhost:5173/api/v1/interventions:0
[  820517ms] [ERROR] [API] Network error: no response received @ http://localhost:5173/src/lib/api.ts:19
[  820517ms] [ERROR] Failed to load resource: net::ERR_CONNECTION_REFUSED @ http://localhost:5173/api/v1/alerts:0
[  821095ms] [ERROR] [API] Network error: no response received @ http://localhost:5173/src/lib/api.ts:19
[  821095ms] [ERROR] Failed to load resource: net::ERR_CONNECTION_REFUSED @ http://localhost:5173/api/v1/stations:0
[  821235ms] [ERROR] [API] Network error: no response received @ http://localhost:5173/src/lib/api.ts:19
[  821235ms] [ERROR] Failed to load resource: net::ERR_CONNECTION_REFUSED @ http://localhost:5173/api/v1/dashboard/kpis:0
[  822189ms] [ERROR] WebSocket connection to 'ws://localhost:5173/' failed: Error in connection establishment: net::ERR_CONNECTION_REFUSED @ http://localhost:5173/@vite/client:1034
[  822616ms] [ERROR] [API] Network error: no response received @ http://localhost:5173/src/lib/api.ts:19
[  822616ms] [ERROR] Failed to load resource: net::ERR_CONNECTION_REFUSED @ http://localhost:5173/api/v1/interventions:0
[  824665ms] [ERROR] [API] Network error: no response received @ http://localhost:5173/src/lib/api.ts:19
[  824665ms] [ERROR] Failed to load resource: net::ERR_CONNECTION_REFUSED @ http://localhost:5173/api/v1/alerts:0
[  824738ms] [ERROR] [API] Network error: no response received @ http://localhost:5173/src/lib/api.ts:19
[  824739ms] [ERROR] Failed to load resource: net::ERR_CONNECTION_REFUSED @ http://localhost:5173/api/v1/dashboard/suggestions:0
[  825099ms] [ERROR] [API] Network error: no response received @ http://localhost:5173/src/lib/api.ts:19
[  825099ms] [ERROR] Failed to load resource: net::ERR_CONNECTION_REFUSED @ http://localhost:5173/api/v1/stations:0
[  825564ms] [ERROR] [API] Network error: no response received @ http://localhost:5173/src/lib/api.ts:19
[  825564ms] [ERROR] Failed to load resource: net::ERR_CONNECTION_REFUSED @ http://localhost:5173/api/v1/dashboard/kpis:0
[  826496ms] [ERROR] [API] Network error: no response received @ http://localhost:5173/src/lib/api.ts:19
[  826496ms] [ERROR] Failed to load resource: net::ERR_CONNECTION_REFUSED @ http://localhost:5173/api/v1/stations:0
[  826743ms] [ERROR] [API] Network error: no response received @ http://localhost:5173/src/lib/api.ts:19
[  826743ms] [ERROR] Failed to load resource: net::ERR_CONNECTION_REFUSED @ http://localhost:5173/api/v1/dashboard/suggestions:0
[  826899ms] [ERROR] [API] Network error: no response received @ http://localhost:5173/src/lib/api.ts:19
[  826899ms] [ERROR] Failed to load resource: net::ERR_CONNECTION_REFUSED @ http://localhost:5173/api/v1/interventions:0
[  827568ms] [ERROR] [API] Network error: no response received @ http://localhost:5173/src/lib/api.ts:19
[  827568ms] [ERROR] Failed to load resource: net::ERR_CONNECTION_REFUSED @ http://localhost:5173/api/v1/dashboard/kpis:0
[  827813ms] [ERROR] WebSocket connection to 'ws://localhost:5173/' failed: Error in connection establishment: net::ERR_CONNECTION_REFUSED @ http://localhost:5173/@vite/client:1034
[  827941ms] [ERROR] [API] Network error: no response received @ http://localhost:5173/src/lib/api.ts:19
[  827941ms] [ERROR] Failed to load resource: net::ERR_CONNECTION_REFUSED @ http://localhost:5173/api/v1/dashboard/suggestions:0
[  828624ms] [ERROR] [API] Network error: no response received @ http://localhost:5173/src/lib/api.ts:19
[  828624ms] [ERROR] Failed to load resource: net::ERR_CONNECTION_REFUSED @ http://localhost:5173/api/v1/stations:0
[  828668ms] [ERROR] [API] Network error: no response received @ http://localhost:5173/src/lib/api.ts:19
[  828668ms] [ERROR] Failed to load resource: net::ERR_CONNECTION_REFUSED @ http://localhost:5173/api/v1/alerts/rich:0
[  828996ms] [ERROR] [API] Network error: no response received @ http://localhost:5173/src/lib/api.ts:19
[  828996ms] [ERROR] Failed to load resource: net::ERR_CONNECTION_REFUSED @ http://localhost:5173/api/v1/dashboard/kpis:0
[  830042ms] [ERROR] [API] Network error: no response received @ http://localhost:5173/src/lib/api.ts:19
[  830042ms] [ERROR] Failed to load resource: net::ERR_CONNECTION_REFUSED @ http://localhost:5173/api/v1/alerts/rich:0
[  830174ms] [ERROR] [API] Network error: no response received @ http://localhost:5173/src/lib/api.ts:19
[  830174ms] [ERROR] Failed to load resource: net::ERR_CONNECTION_REFUSED @ http://localhost:5173/api/v1/dashboard/suggestions:0
[  830903ms] [ERROR] [API] Network error: no response received @ http://localhost:5173/src/lib/api.ts:19
[  830903ms] [ERROR] Failed to load resource: net::ERR_CONNECTION_REFUSED @ http://localhost:5173/api/v1/interventions:0
[  830973ms] [ERROR] WebSocket connection to 'ws://localhost:5173/' failed: Error in connection establishment: net::ERR_CONNECTION_REFUSED @ http://localhost:5173/@vite/client:1034
[  831288ms] [ERROR] [API] Network error: no response received @ http://localhost:5173/src/lib/api.ts:19
[  831288ms] [ERROR] Failed to load resource: net::ERR_CONNECTION_REFUSED @ http://localhost:5173/api/v1/dashboard/kpis:0
[  831997ms] [ERROR] [API] Network error: no response received @ http://localhost:5173/src/lib/api.ts:19
[  831997ms] [ERROR] Failed to load resource: net::ERR_CONNECTION_REFUSED @ http://localhost:5173/api/v1/interventions:0
[  832072ms] [ERROR] [API] Network error: no response received @ http://localhost:5173/src/lib/api.ts:19
[  832072ms] [ERROR] Failed to load resource: net::ERR_CONNECTION_REFUSED @ http://localhost:5173/api/v1/alerts/rich:0
[  832843ms] [ERROR] [API] Network error: no response received @ http://localhost:5173/src/lib/api.ts:19
[  832844ms] [ERROR] Failed to load resource: net::ERR_CONNECTION_REFUSED @ http://localhost:5173/api/v1/stations:0
[  834202ms] [ERROR] [API] Network error: no response received @ http://localhost:5173/src/lib/api.ts:19
[  834203ms] [ERROR] Failed to load resource: net::ERR_CONNECTION_REFUSED @ http://localhost:5173/api/v1/dashboard/suggestions:0
[  834215ms] [ERROR] [API] Network error: no response received @ http://localhost:5173/src/lib/api.ts:19
[  834215ms] [ERROR] Failed to load resource: net::ERR_CONNECTION_REFUSED @ http://localhost:5173/api/v1/interventions:0
[  835023ms] [ERROR] WebSocket connection to 'ws://localhost:5173/ws/realtime' failed: Error in connection establishment: net::ERR_CONNECTION_REFUSED @ http://localhost:5173/src/lib/websocket.ts:47
[  835459ms] [ERROR] [API] Network error: no response received @ http://localhost:5173/src/lib/api.ts:19
[  835459ms] [ERROR] Failed to load resource: net::ERR_CONNECTION_REFUSED @ http://localhost:5173/api/v1/dashboard/kpis:0
[  835814ms] [ERROR] WebSocket connection to 'ws://localhost:5173/' failed: Error in connection establishment: net::ERR_CONNECTION_REFUSED @ http://localhost:5173/@vite/client:1034
[  836153ms] [ERROR] [API] Network error: no response received @ http://localhost:5173/src/lib/api.ts:19
[  836153ms] [ERROR] Failed to load resource: net::ERR_CONNECTION_REFUSED @ http://localhost:5173/api/v1/alerts/rich:0
[  836154ms] [ERROR] [API] Network error: no response received @ http://localhost:5173/src/lib/api.ts:19
[  836154ms] [ERROR] Failed to load resource: net::ERR_CONNECTION_REFUSED @ http://localhost:5173/api/v1/alerts:0
[  837328ms] [ERROR] [API] Network error: no response received @ http://localhost:5173/src/lib/api.ts:19
[  837329ms] [ERROR] Failed to load resource: net::ERR_CONNECTION_REFUSED @ http://localhost:5173/api/v1/alerts:0
[  838206ms] [ERROR] [API] Network error: no response received @ http://localhost:5173/src/lib/api.ts:19
[  838207ms] [ERROR] Failed to load resource: net::ERR_CONNECTION_REFUSED @ http://localhost:5173/api/v1/dashboard/suggestions:0
[  838673ms] [ERROR] [API] Network error: no response received @ http://localhost:5173/src/lib/api.ts:19
[  838673ms] [ERROR] Failed to load resource: net::ERR_CONNECTION_REFUSED @ http://localhost:5173/api/v1/interventions:0
[  839362ms] [ERROR] [API] Network error: no response received @ http://localhost:5173/src/lib/api.ts:19
[  839363ms] [ERROR] Failed to load resource: net::ERR_CONNECTION_REFUSED @ http://localhost:5173/api/v1/dashboard/suggestions:0
[  839416ms] [ERROR] [API] Network error: no response received @ http://localhost:5173/src/lib/api.ts:19
[  839416ms] [ERROR] Failed to load resource: net::ERR_CONNECTION_REFUSED @ http://localhost:5173/api/v1/alerts:0
[  839463ms] [ERROR] [API] Network error: no response received @ http://localhost:5173/src/lib/api.ts:19
[  839463ms] [ERROR] Failed to load resource: net::ERR_CONNECTION_REFUSED @ http://localhost:5173/api/v1/dashboard/kpis:0
[  840073ms] [ERROR] WebSocket connection to 'ws://localhost:5173/' failed: Error in connection establishment: net::ERR_CONNECTION_REFUSED @ http://localhost:5173/@vite/client:1034
[  840618ms] [ERROR] [API] Network error: no response received @ http://localhost:5173/src/lib/api.ts:19
[  840618ms] [ERROR] Failed to load resource: net::ERR_CONNECTION_REFUSED @ http://localhost:5173/api/v1/dashboard/kpis:0
[  841751ms] [ERROR] [API] Network error: no response received @ http://localhost:5173/src/lib/api.ts:19
[  841751ms] [ERROR] Failed to load resource: net::ERR_CONNECTION_REFUSED @ http://localhost:5173/api/v1/dashboard/suggestions:0
[  842690ms] [ERROR] [API] Network error: no response received @ http://localhost:5173/src/lib/api.ts:19
[  842690ms] [ERROR] Failed to load resource: net::ERR_CONNECTION_REFUSED @ http://localhost:5173/api/v1/dashboard/kpis:0
[  843806ms] [ERROR] [API] Network error: no response received @ http://localhost:5173/src/lib/api.ts:19
[  843806ms] [ERROR] Failed to load resource: net::ERR_CONNECTION_REFUSED @ http://localhost:5173/api/v1/alerts:0
[  844840ms] [ERROR] WebSocket connection to 'ws://localhost:5173/' failed: Error in connection establishment: net::ERR_CONNECTION_REFUSED @ http://localhost:5173/@vite/client:1034
[  845837ms] [ERROR] [API] Network error: no response received @ http://localhost:5173/src/lib/api.ts:19
[  845837ms] [ERROR] Failed to load resource: net::ERR_CONNECTION_REFUSED @ http://localhost:5173/api/v1/dashboard/suggestions:0
[  847032ms] [ERROR] [API] Network error: no response received @ http://localhost:5173/src/lib/api.ts:19
[  847032ms] [ERROR] Failed to load resource: net::ERR_CONNECTION_REFUSED @ http://localhost:5173/api/v1/dashboard/kpis:0
[  849454ms] [ERROR] WebSocket connection to 'ws://localhost:5173/' failed: Error in connection establishment: net::ERR_CONNECTION_REFUSED @ http://localhost:5173/@vite/client:1034
[  852028ms] [ERROR] WebSocket connection to 'ws://localhost:5173/' failed: Error in connection establishment: net::ERR_CONNECTION_REFUSED @ http://localhost:5173/@vite/client:1034
[  853678ms] [ERROR] [API] Network error: no response received @ http://localhost:5173/src/lib/api.ts:19
[  853678ms] [ERROR] Failed to load resource: net::ERR_CONNECTION_REFUSED @ http://localhost:5173/api/v1/interventions:0
[  854270ms] [ERROR] WebSocket connection to 'ws://localhost:5173/' failed: Error in connection establishment: net::ERR_CONNECTION_REFUSED @ http://localhost:5173/@vite/client:1034
[  854845ms] [ERROR] [API] Network error: no response received @ http://localhost:5173/src/lib/api.ts:19
[  854846ms] [ERROR] Failed to load resource: net::ERR_CONNECTION_REFUSED @ http://localhost:5173/api/v1/interventions:0
[  857025ms] [ERROR] [API] Network error: no response received @ http://localhost:5173/src/lib/api.ts:19
[  857025ms] [ERROR] Failed to load resource: net::ERR_CONNECTION_REFUSED @ http://localhost:5173/api/v1/interventions:0
[  858022ms] [ERROR] WebSocket connection to 'ws://localhost:5173/' failed: Error in connection establishment: net::ERR_CONNECTION_REFUSED @ http://localhost:5173/@vite/client:1034
[  858810ms] [ERROR] [API] Network error: no response received @ http://localhost:5173/src/lib/api.ts:19
[  858810ms] [ERROR] Failed to load resource: net::ERR_CONNECTION_REFUSED @ http://localhost:5173/api/v1/alerts/rich:0
[  859860ms] [ERROR] [API] Network error: no response received @ http://localhost:5173/src/lib/api.ts:19
[  859860ms] [ERROR] Failed to load resource: net::ERR_CONNECTION_REFUSED @ http://localhost:5173/api/v1/alerts/rich:0
[  861394ms] [ERROR] [API] Network error: no response received @ http://localhost:5173/src/lib/api.ts:19
[  861394ms] [ERROR] Failed to load resource: net::ERR_CONNECTION_REFUSED @ http://localhost:5173/api/v1/interventions:0
[  861998ms] [ERROR] [API] Network error: no response received @ http://localhost:5173/src/lib/api.ts:19
[  861998ms] [ERROR] Failed to load resource: net::ERR_CONNECTION_REFUSED @ http://localhost:5173/api/v1/alerts/rich:0
[  862399ms] [ERROR] [API] Network error: no response received @ http://localhost:5173/src/lib/api.ts:19
[  862399ms] [ERROR] Failed to load resource: net::ERR_CONNECTION_REFUSED @ http://localhost:5173/api/v1/interventions:0
[  863737ms] [ERROR] [API] Network error: no response received @ http://localhost:5173/src/lib/api.ts:19
[  863737ms] [ERROR] Failed to load resource: net::ERR_CONNECTION_REFUSED @ http://localhost:5173/api/v1/interventions:0
[  863760ms] [ERROR] WebSocket connection to 'ws://localhost:5173/' failed: Error in connection establishment: net::ERR_CONNECTION_REFUSED @ http://localhost:5173/@vite/client:1034
[  865816ms] [ERROR] [API] Network error: no response received @ http://localhost:5173/src/lib/api.ts:19
[  865816ms] [ERROR] Failed to load resource: net::ERR_CONNECTION_REFUSED @ http://localhost:5173/api/v1/interventions:0
[  866098ms] [ERROR] [API] Network error: no response received @ http://localhost:5173/src/lib/api.ts:19
[  866098ms] [ERROR] Failed to load resource: net::ERR_CONNECTION_REFUSED @ http://localhost:5173/api/v1/alerts/rich:0
[  866099ms] [ERROR] [API] Network error: no response received @ http://localhost:5173/src/lib/api.ts:19
[  866099ms] [ERROR] Failed to load resource: net::ERR_CONNECTION_REFUSED @ http://localhost:5173/api/v1/alerts:0
[  867456ms] [ERROR] [API] Network error: no response received @ http://localhost:5173/src/lib/api.ts:19
[  867456ms] [ERROR] Failed to load resource: net::ERR_CONNECTION_REFUSED @ http://localhost:5173/api/v1/alerts:0
[  868086ms] [ERROR] WebSocket connection to 'ws://localhost:5173/' failed: Error in connection establishment: net::ERR_CONNECTION_REFUSED @ http://localhost:5173/@vite/client:1034
[  869362ms] [ERROR] WebSocket connection to 'ws://localhost:5173/ws/realtime' failed: Error in connection establishment: net::ERR_CONNECTION_REFUSED @ http://localhost:5173/src/lib/websocket.ts:47
[  869753ms] [ERROR] [API] Network error: no response received @ http://localhost:5173/src/lib/api.ts:19
[  869753ms] [ERROR] Failed to load resource: net::ERR_CONNECTION_REFUSED @ http://localhost:5173/api/v1/alerts:0
[  869933ms] [ERROR] [API] Network error: no response received @ http://localhost:5173/src/lib/api.ts:19
[  869933ms] [ERROR] Failed to load resource: net::ERR_CONNECTION_REFUSED @ http://localhost:5173/api/v1/interventions:0
[  870360ms] [ERROR] WebSocket connection to 'ws://localhost:5173/' failed: Error in connection establishment: net::ERR_CONNECTION_REFUSED @ http://localhost:5173/@vite/client:1034
[  871936ms] [ERROR] [API] Network error: no response received @ http://localhost:5173/src/lib/api.ts:19
[  871937ms] [ERROR] Failed to load resource: net::ERR_CONNECTION_REFUSED @ http://localhost:5173/api/v1/interventions:0
[  872676ms] [ERROR] WebSocket connection to 'ws://localhost:5173/' failed: Error in connection establishment: net::ERR_CONNECTION_REFUSED @ http://localhost:5173/@vite/client:1034
[  873273ms] [ERROR] [API] Network error: no response received @ http://localhost:5173/src/lib/api.ts:19
[  873273ms] [ERROR] Failed to load resource: net::ERR_CONNECTION_REFUSED @ http://localhost:5173/api/v1/interventions:0
[  873680ms] [ERROR] WebSocket connection to 'ws://localhost:5173/' failed: Error in connection establishment: net::ERR_CONNECTION_REFUSED @ http://localhost:5173/@vite/client:1034
[  874161ms] [ERROR] [API] Network error: no response received @ http://localhost:5173/src/lib/api.ts:19
[  874161ms] [ERROR] Failed to load resource: net::ERR_CONNECTION_REFUSED @ http://localhost:5173/api/v1/alerts:0
[  874682ms] [ERROR] WebSocket connection to 'ws://localhost:5173/' failed: Error in connection establishment: net::ERR_CONNECTION_REFUSED @ http://localhost:5173/@vite/client:1034
[  875166ms] [ERROR] [API] Network error: no response received @ http://localhost:5173/src/lib/api.ts:19
[  875166ms] [ERROR] Failed to load resource: net::ERR_CONNECTION_REFUSED @ http://localhost:5173/api/v1/alerts/rich:0
[  875686ms] [ERROR] WebSocket connection to 'ws://localhost:5173/' failed: Error in connection establishment: net::ERR_CONNECTION_REFUSED @ http://localhost:5173/@vite/client:1034
[  875700ms] [ERROR] [API] Network error: no response received @ http://localhost:5173/src/lib/api.ts:19
[  875700ms] [ERROR] Failed to load resource: net::ERR_CONNECTION_REFUSED @ http://localhost:5173/api/v1/interventions:0
[  875843ms] [ERROR] [API] Network error: no response received @ http://localhost:5173/src/lib/api.ts:19
[  875843ms] [ERROR] Failed to load resource: net::ERR_CONNECTION_REFUSED @ http://localhost:5173/api/v1/dashboard/suggestions:0
[  876440ms] [ERROR] [API] Network error: no response received @ http://localhost:5173/src/lib/api.ts:19
[  876440ms] [ERROR] Failed to load resource: net::ERR_CONNECTION_REFUSED @ http://localhost:5173/api/v1/alerts/rich:0
[  876690ms] [ERROR] WebSocket connection to 'ws://localhost:5173/' failed: Error in connection establishment: net::ERR_CONNECTION_REFUSED @ http://localhost:5173/@vite/client:1034
[  877038ms] [ERROR] [API] Network error: no response received @ http://localhost:5173/src/lib/api.ts:19
[  877038ms] [ERROR] Failed to load resource: net::ERR_CONNECTION_REFUSED @ http://localhost:5173/api/v1/dashboard/kpis:0
[  877236ms] [ERROR] [API] Network error: no response received @ http://localhost:5173/src/lib/api.ts:19
[  877236ms] [ERROR] Failed to load resource: net::ERR_CONNECTION_REFUSED @ http://localhost:5173/api/v1/dashboard/suggestions:0
[  877693ms] [ERROR] WebSocket connection to 'ws://localhost:5173/' failed: Error in connection establishment: net::ERR_CONNECTION_REFUSED @ http://localhost:5173/@vite/client:1034
[  878532ms] [ERROR] [API] Network error: no response received @ http://localhost:5173/src/lib/api.ts:19
[  878532ms] [ERROR] Failed to load resource: net::ERR_CONNECTION_REFUSED @ http://localhost:5173/api/v1/dashboard/kpis:0
[  878698ms] [ERROR] WebSocket connection to 'ws://localhost:5173/' failed: Error in connection establishment: net::ERR_CONNECTION_REFUSED @ http://localhost:5173/@vite/client:1034
[  878789ms] [ERROR] [API] Network error: no response received @ http://localhost:5173/src/lib/api.ts:19
[  878789ms] [ERROR] Failed to load resource: net::ERR_CONNECTION_REFUSED @ http://localhost:5173/api/v1/alerts/rich:0
[  879381ms] [ERROR] [API] Network error: no response received @ http://localhost:5173/src/lib/api.ts:19
[  879381ms] [ERROR] Failed to load resource: net::ERR_CONNECTION_REFUSED @ http://localhost:5173/api/v1/dashboard/suggestions:0
[  879708ms] [ERROR] WebSocket connection to 'ws://localhost:5173/' failed: Error in connection establishment: net::ERR_CONNECTION_REFUSED @ http://localhost:5173/@vite/client:1034
[  880080ms] [ERROR] [API] Network error: no response received @ http://localhost:5173/src/lib/api.ts:19
[  880081ms] [ERROR] Failed to load resource: net::ERR_CONNECTION_REFUSED @ http://localhost:5173/api/v1/interventions:0
[  880598ms] [ERROR] [API] Network error: no response received @ http://localhost:5173/src/lib/api.ts:19
[  880598ms] [ERROR] Failed to load resource: net::ERR_CONNECTION_REFUSED @ http://localhost:5173/api/v1/dashboard/kpis:0
[  880727ms] [ERROR] WebSocket connection to 'ws://localhost:5173/' failed: Error in connection establishment: net::ERR_CONNECTION_REFUSED @ http://localhost:5173/@vite/client:1034
[  881756ms] [ERROR] WebSocket connection to 'ws://localhost:5173/' failed: Error in connection establishment: net::ERR_CONNECTION_REFUSED @ http://localhost:5173/@vite/client:1034
[  882781ms] [ERROR] WebSocket connection to 'ws://localhost:5173/' failed: Error in connection establishment: net::ERR_CONNECTION_REFUSED @ http://localhost:5173/@vite/client:1034
[  882928ms] [ERROR] [API] Network error: no response received @ http://localhost:5173/src/lib/api.ts:19
[  882928ms] [ERROR] Failed to load resource: net::ERR_CONNECTION_REFUSED @ http://localhost:5173/api/v1/alerts/rich:0
[  882929ms] [ERROR] [API] Network error: no response received @ http://localhost:5173/src/lib/api.ts:19
[  882929ms] [ERROR] Failed to load resource: net::ERR_CONNECTION_REFUSED @ http://localhost:5173/api/v1/alerts:0
[  883779ms] [ERROR] [API] Network error: no response received @ http://localhost:5173/src/lib/api.ts:19
[  883779ms] [ERROR] Failed to load resource: net::ERR_CONNECTION_REFUSED @ http://localhost:5173/api/v1/dashboard/suggestions:0
[  883868ms] [ERROR] WebSocket connection to 'ws://localhost:5173/' failed: Error in connection establishment: net::ERR_CONNECTION_REFUSED @ http://localhost:5173/@vite/client:1034
[  884085ms] [ERROR] [API] Network error: no response received @ http://localhost:5173/src/lib/api.ts:19
[  884085ms] [ERROR] Failed to load resource: net::ERR_CONNECTION_REFUSED @ http://localhost:5173/api/v1/interventions:0
[  884216ms] [ERROR] [API] Network error: no response received @ http://localhost:5173/src/lib/api.ts:19
[  884216ms] [ERROR] Failed to load resource: net::ERR_CONNECTION_REFUSED @ http://localhost:5173/api/v1/alerts:0
[  884706ms] [ERROR] [API] Network error: no response received @ http://localhost:5173/src/lib/api.ts:19
[  884706ms] [ERROR] Failed to load resource: net::ERR_CONNECTION_REFUSED @ http://localhost:5173/api/v1/dashboard/kpis:0
[  884783ms] [ERROR] [API] Network error: no response received @ http://localhost:5173/src/lib/api.ts:19
[  884783ms] [ERROR] Failed to load resource: net::ERR_CONNECTION_REFUSED @ http://localhost:5173/api/v1/dashboard/suggestions:0
[  885015ms] [ERROR] WebSocket connection to 'ws://localhost:5173/' failed: Error in connection establishment: net::ERR_CONNECTION_REFUSED @ http://localhost:5173/@vite/client:1034
[  885180ms] [ERROR] [API] Network error: no response received @ http://localhost:5173/src/lib/api.ts:19
[  885180ms] [ERROR] Failed to load resource: net::ERR_CONNECTION_REFUSED @ http://localhost:5173/api/v1/interventions:0
[  885711ms] [ERROR] [API] Network error: no response received @ http://localhost:5173/src/lib/api.ts:19
[  885711ms] [ERROR] Failed to load resource: net::ERR_CONNECTION_REFUSED @ http://localhost:5173/api/v1/dashboard/kpis:0
[  886217ms] [ERROR] [API] Network error: no response received @ http://localhost:5173/src/lib/api.ts:19
[  886217ms] [ERROR] Failed to load resource: net::ERR_CONNECTION_REFUSED @ http://localhost:5173/api/v1/dashboard/suggestions:0
[  886308ms] [ERROR] WebSocket connection to 'ws://localhost:5173/' failed: Error in connection establishment: net::ERR_CONNECTION_REFUSED @ http://localhost:5173/@vite/client:1034
[  886334ms] [ERROR] [API] Network error: no response received @ http://localhost:5173/src/lib/api.ts:19
[  886334ms] [ERROR] Failed to load resource: net::ERR_CONNECTION_REFUSED @ http://localhost:5173/api/v1/alerts:0
[  886915ms] [ERROR] [API] Network error: no response received @ http://localhost:5173/src/lib/api.ts:19
[  886915ms] [ERROR] Failed to load resource: net::ERR_CONNECTION_REFUSED @ http://localhost:5173/api/v1/dashboard/kpis:0
[  887286ms] [ERROR] [API] Network error: no response received @ http://localhost:5173/src/lib/api.ts:19
[  887286ms] [ERROR] Failed to load resource: net::ERR_CONNECTION_REFUSED @ http://localhost:5173/api/v1/interventions:0
[  888053ms] [ERROR] WebSocket connection to 'ws://localhost:5173/' failed: Error in connection establishment: net::ERR_CONNECTION_REFUSED @ http://localhost:5173/@vite/client:1034
[  888673ms] [ERROR] [API] Network error: no response received @ http://localhost:5173/src/lib/api.ts:19
[  888673ms] [ERROR] Failed to load resource: net::ERR_CONNECTION_REFUSED @ http://localhost:5173/api/v1/dashboard/suggestions:0
[  889201ms] [ERROR] [API] Network error: no response received @ http://localhost:5173/src/lib/api.ts:19
[  889201ms] [ERROR] Failed to load resource: net::ERR_CONNECTION_REFUSED @ http://localhost:5173/api/v1/dashboard/kpis:0
[  889916ms] [ERROR] WebSocket connection to 'ws://localhost:5173/' failed: Error in connection establishment: net::ERR_CONNECTION_REFUSED @ http://localhost:5173/@vite/client:1034
[  890420ms] [ERROR] [API] Network error: no response received @ http://localhost:5173/src/lib/api.ts:19
[  890420ms] [ERROR] Failed to load resource: net::ERR_CONNECTION_REFUSED @ http://localhost:5173/api/v1/alerts:0
[  891605ms] [ERROR] [API] Network error: no response received @ http://localhost:5173/src/lib/api.ts:19
[  891605ms] [ERROR] Failed to load resource: net::ERR_CONNECTION_REFUSED @ http://localhost:5173/api/v1/interventions:0
[  892425ms] [ERROR] [API] Network error: no response received @ http://localhost:5173/src/lib/api.ts:19
[  892425ms] [ERROR] Failed to load resource: net::ERR_CONNECTION_REFUSED @ http://localhost:5173/api/v1/alerts/rich:0
[  892849ms] [ERROR] [API] Network error: no response received @ http://localhost:5173/src/lib/api.ts:19
[  892849ms] [ERROR] Failed to load resource: net::ERR_CONNECTION_REFUSED @ http://localhost:5173/api/v1/stations:0
[  892949ms] [ERROR] [API] Network error: no response received @ http://localhost:5173/src/lib/api.ts:19
[  892949ms] [ERROR] Failed to load resource: net::ERR_CONNECTION_REFUSED @ http://localhost:5173/api/v1/dashboard/suggestions:0
[  893507ms] [ERROR] [API] Network error: no response received @ http://localhost:5173/src/lib/api.ts:19
[  893508ms] [ERROR] Failed to load resource: net::ERR_CONNECTION_REFUSED @ http://localhost:5173/api/v1/dashboard/kpis:0
[  893783ms] [ERROR] [API] Network error: no response received @ http://localhost:5173/src/lib/api.ts:19
[  893783ms] [ERROR] Failed to load resource: net::ERR_CONNECTION_REFUSED @ http://localhost:5173/api/v1/alerts/rich:0
[  894042ms] [ERROR] [API] Network error: no response received @ http://localhost:5173/src/lib/api.ts:19
[  894042ms] [ERROR] Failed to load resource: net::ERR_CONNECTION_REFUSED @ http://localhost:5173/api/v1/stations:0
[  894214ms] [ERROR] WebSocket connection to 'ws://localhost:5173/' failed: Error in connection establishment: net::ERR_CONNECTION_REFUSED @ http://localhost:5173/@vite/client:1034
[  894952ms] [ERROR] [API] Network error: no response received @ http://localhost:5173/src/lib/api.ts:19
[  894952ms] [ERROR] Failed to load resource: net::ERR_CONNECTION_REFUSED @ http://localhost:5173/api/v1/dashboard/suggestions:0
[  895512ms] [ERROR] [API] Network error: no response received @ http://localhost:5173/src/lib/api.ts:19
[  895512ms] [ERROR] Failed to load resource: net::ERR_CONNECTION_REFUSED @ http://localhost:5173/api/v1/dashboard/kpis:0
[  896260ms] [ERROR] [API] Network error: no response received @ http://localhost:5173/src/lib/api.ts:19
[  896260ms] [ERROR] Failed to load resource: net::ERR_CONNECTION_REFUSED @ http://localhost:5173/api/v1/alerts/rich:0
[  896303ms] [ERROR] [API] Network error: no response received @ http://localhost:5173/src/lib/api.ts:19
[  896303ms] [ERROR] Failed to load resource: net::ERR_CONNECTION_REFUSED @ http://localhost:5173/api/v1/dashboard/suggestions:0
[  896474ms] [ERROR] [API] Network error: no response received @ http://localhost:5173/src/lib/api.ts:19
[  896474ms] [ERROR] Failed to load resource: net::ERR_CONNECTION_REFUSED @ http://localhost:5173/api/v1/stations:0
[  896729ms] [ERROR] [API] Network error: no response received @ http://localhost:5173/src/lib/api.ts:19
[  896729ms] [ERROR] Failed to load resource: net::ERR_CONNECTION_REFUSED @ http://localhost:5173/api/v1/dashboard/kpis:0
[  896823ms] [ERROR] WebSocket connection to 'ws://localhost:5173/' failed: Error in connection establishment: net::ERR_CONNECTION_REFUSED @ http://localhost:5173/@vite/client:1034
[  898374ms] [ERROR] [API] Network error: no response received @ http://localhost:5173/src/lib/api.ts:19
[  898374ms] [ERROR] Failed to load resource: net::ERR_CONNECTION_REFUSED @ http://localhost:5173/api/v1/dashboard/suggestions:0
[  898746ms] [ERROR] [API] Network error: no response received @ http://localhost:5173/src/lib/api.ts:19
[  898746ms] [ERROR] Failed to load resource: net::ERR_CONNECTION_REFUSED @ http://localhost:5173/api/v1/dashboard/kpis:0
[  900217ms] [ERROR] WebSocket connection to 'ws://localhost:5173/' failed: Error in connection establishment: net::ERR_CONNECTION_REFUSED @ http://localhost:5173/@vite/client:1034
[  900295ms] [ERROR] [API] Network error: no response received @ http://localhost:5173/src/lib/api.ts:19
[  900296ms] [ERROR] Failed to load resource: net::ERR_CONNECTION_REFUSED @ http://localhost:5173/api/v1/alerts/rich:0
[  900297ms] [ERROR] [API] Network error: no response received @ http://localhost:5173/src/lib/api.ts:19
[  900297ms] [ERROR] Failed to load resource: net::ERR_CONNECTION_REFUSED @ http://localhost:5173/api/v1/alerts:0
[  900788ms] [ERROR] [API] Network error: no response received @ http://localhost:5173/src/lib/api.ts:19
[  900788ms] [ERROR] Failed to load resource: net::ERR_CONNECTION_REFUSED @ http://localhost:5173/api/v1/stations:0
[  901772ms] [ERROR] [API] Network error: no response received @ http://localhost:5173/src/lib/api.ts:19
[  901772ms] [ERROR] Failed to load resource: net::ERR_CONNECTION_REFUSED @ http://localhost:5173/api/v1/alerts:0
[  901792ms] [ERROR] [API] Network error: no response received @ http://localhost:5173/src/lib/api.ts:19
[  901792ms] [ERROR] Failed to load resource: net::ERR_CONNECTION_REFUSED @ http://localhost:5173/api/v1/stations:0
[  902311ms] [ERROR] WebSocket connection to 'ws://localhost:5173/ws/realtime' failed: Error in connection establishment: net::ERR_CONNECTION_REFUSED @ http://localhost:5173/src/lib/websocket.ts:47
[  902749ms] [ERROR] [API] Network error: no response received @ http://localhost:5173/src/lib/api.ts:19
[  902749ms] [ERROR] Failed to load resource: net::ERR_CONNECTION_REFUSED @ http://localhost:5173/api/v1/dashboard/suggestions:0
[  903068ms] [ERROR] [API] Network error: no response received @ http://localhost:5173/src/lib/api.ts:19
[  903068ms] [ERROR] Failed to load resource: net::ERR_CONNECTION_REFUSED @ http://localhost:5173/api/v1/dashboard/kpis:0
[  903173ms] [ERROR] [API] Network error: no response received @ http://localhost:5173/src/lib/api.ts:19
[  903174ms] [ERROR] Failed to load resource: net::ERR_CONNECTION_REFUSED @ http://localhost:5173/api/v1/stations:0
[  904044ms] [ERROR] [API] Network error: no response received @ http://localhost:5173/src/lib/api.ts:19
[  904044ms] [ERROR] Failed to load resource: net::ERR_CONNECTION_REFUSED @ http://localhost:5173/api/v1/alerts:0
[  904273ms] [ERROR] WebSocket connection to 'ws://localhost:5173/' failed: Error in connection establishment: net::ERR_CONNECTION_REFUSED @ http://localhost:5173/@vite/client:1034
[  905600ms] [ERROR] [API] Network error: no response received @ http://localhost:5173/src/lib/api.ts:19
[  905600ms] [ERROR] Failed to load resource: net::ERR_CONNECTION_REFUSED @ http://localhost:5173/api/v1/stations:0
[  906610ms] [ERROR] [API] Network error: no response received @ http://localhost:5173/src/lib/api.ts:19
[  906611ms] [ERROR] Failed to load resource: net::ERR_CONNECTION_REFUSED @ http://localhost:5173/api/v1/interventions:0
[  906753ms] [ERROR] [API] Network error: no response received @ http://localhost:5173/src/lib/api.ts:19
[  906753ms] [ERROR] Failed to load resource: net::ERR_CONNECTION_REFUSED @ http://localhost:5173/api/v1/dashboard/suggestions:0
[  906822ms] [ERROR] WebSocket connection to 'ws://localhost:5173/' failed: Error in connection establishment: net::ERR_CONNECTION_REFUSED @ http://localhost:5173/@vite/client:1034
[  907073ms] [ERROR] [API] Network error: no response received @ http://localhost:5173/src/lib/api.ts:19
[  907073ms] [ERROR] Failed to load resource: net::ERR_CONNECTION_REFUSED @ http://localhost:5173/api/v1/dashboard/kpis:0
[  908074ms] [ERROR] [API] Network error: no response received @ http://localhost:5173/src/lib/api.ts:19
[  908074ms] [ERROR] Failed to load resource: net::ERR_CONNECTION_REFUSED @ http://localhost:5173/api/v1/alerts:0
[  908078ms] [ERROR] [API] Network error: no response received @ http://localhost:5173/src/lib/api.ts:19
[  908078ms] [ERROR] Failed to load resource: net::ERR_CONNECTION_REFUSED @ http://localhost:5173/api/v1/dashboard/suggestions:0
[  908105ms] [ERROR] [API] Network error: no response received @ http://localhost:5173/src/lib/api.ts:19
[  908105ms] [ERROR] Failed to load resource: net::ERR_CONNECTION_REFUSED @ http://localhost:5173/api/v1/interventions:0
[  908164ms] [ERROR] [API] Network error: no response received @ http://localhost:5173/src/lib/api.ts:19
[  908164ms] [ERROR] Failed to load resource: net::ERR_CONNECTION_REFUSED @ http://localhost:5173/api/v1/dashboard/kpis:0
[  908910ms] [ERROR] WebSocket connection to 'ws://localhost:5173/' failed: Error in connection establishment: net::ERR_CONNECTION_REFUSED @ http://localhost:5173/@vite/client:1034
[  910048ms] [ERROR] [API] Network error: no response received @ http://localhost:5173/src/lib/api.ts:19
[  910048ms] [ERROR] Failed to load resource: net::ERR_CONNECTION_REFUSED @ http://localhost:5173/api/v1/stations:0
[  910171ms] [ERROR] [API] Network error: no response received @ http://localhost:5173/src/lib/api.ts:19
[  910172ms] [ERROR] Failed to load resource: net::ERR_CONNECTION_REFUSED @ http://localhost:5173/api/v1/interventions:0
[  910349ms] [ERROR] [API] Network error: no response received @ http://localhost:5173/src/lib/api.ts:19
[  910349ms] [ERROR] Failed to load resource: net::ERR_CONNECTION_REFUSED @ http://localhost:5173/api/v1/dashboard/suggestions:0
[  910537ms] [ERROR] [API] Network error: no response received @ http://localhost:5173/src/lib/api.ts:19
[  910538ms] [ERROR] Failed to load resource: net::ERR_CONNECTION_REFUSED @ http://localhost:5173/api/v1/dashboard/kpis:0
[  911116ms] [ERROR] WebSocket connection to 'ws://localhost:5173/' failed: Error in connection establishment: net::ERR_CONNECTION_REFUSED @ http://localhost:5173/@vite/client:1034
[  912052ms] [ERROR] [API] Network error: no response received @ http://localhost:5173/src/lib/api.ts:19
[  912052ms] [ERROR] Failed to load resource: net::ERR_CONNECTION_REFUSED @ http://localhost:5173/api/v1/stations:0
[  912078ms] [ERROR] [API] Network error: no response received @ http://localhost:5173/src/lib/api.ts:19
[  912078ms] [ERROR] Failed to load resource: net::ERR_CONNECTION_REFUSED @ http://localhost:5173/api/v1/alerts/rich:0
[  913160ms] [ERROR] [API] Network error: no response received @ http://localhost:5173/src/lib/api.ts:19
[  913160ms] [ERROR] Failed to load resource: net::ERR_CONNECTION_REFUSED @ http://localhost:5173/api/v1/alerts/rich:0
[  913249ms] [ERROR] [API] Network error: no response received @ http://localhost:5173/src/lib/api.ts:19
[  913249ms] [ERROR] Failed to load resource: net::ERR_CONNECTION_REFUSED @ http://localhost:5173/api/v1/stations:0
[  914405ms] [ERROR] [API] Network error: no response received @ http://localhost:5173/src/lib/api.ts:19
[  914405ms] [ERROR] Failed to load resource: net::ERR_CONNECTION_REFUSED @ http://localhost:5173/api/v1/interventions:0
[  914603ms] [ERROR] [API] Network error: no response received @ http://localhost:5173/src/lib/api.ts:19
[  914604ms] [ERROR] Failed to load resource: net::ERR_CONNECTION_REFUSED @ http://localhost:5173/api/v1/dashboard/suggestions:0
[  914900ms] [ERROR] [API] Network error: no response received @ http://localhost:5173/src/lib/api.ts:19
[  914901ms] [ERROR] Failed to load resource: net::ERR_CONNECTION_REFUSED @ http://localhost:5173/api/v1/dashboard/kpis:0
[  914973ms] [ERROR] WebSocket connection to 'ws://localhost:5173/' failed: Error in connection establishment: net::ERR_CONNECTION_REFUSED @ http://localhost:5173/@vite/client:1034
[  915409ms] [ERROR] [API] Network error: no response received @ http://localhost:5173/src/lib/api.ts:19
[  915409ms] [ERROR] Failed to load resource: net::ERR_CONNECTION_REFUSED @ http://localhost:5173/api/v1/interventions:0
[  915539ms] [ERROR] [API] Network error: no response received @ http://localhost:5173/src/lib/api.ts:19
[  915539ms] [ERROR] Failed to load resource: net::ERR_CONNECTION_REFUSED @ http://localhost:5173/api/v1/stations:0
[  915642ms] [ERROR] [API] Network error: no response received @ http://localhost:5173/src/lib/api.ts:19
[  915642ms] [ERROR] Failed to load resource: net::ERR_CONNECTION_REFUSED @ http://localhost:5173/api/v1/alerts/rich:0
[  916451ms] [ERROR] [API] Network error: no response received @ http://localhost:5173/src/lib/api.ts:19
[  916451ms] [ERROR] Failed to load resource: net::ERR_CONNECTION_REFUSED @ http://localhost:5173/api/v1/interventions:0
[  917258ms] [ERROR] WebSocket connection to 'ws://localhost:5173/' failed: Error in connection establishment: net::ERR_CONNECTION_REFUSED @ http://localhost:5173/@vite/client:1034
[  918788ms] [ERROR] [API] Network error: no response received @ http://localhost:5173/src/lib/api.ts:19
[  918788ms] [ERROR] Failed to load resource: net::ERR_CONNECTION_REFUSED @ http://localhost:5173/api/v1/interventions:0
[  919743ms] [ERROR] [API] Network error: no response received @ http://localhost:5173/src/lib/api.ts:19
[  919743ms] [ERROR] Failed to load resource: net::ERR_CONNECTION_REFUSED @ http://localhost:5173/api/v1/stations:0
[  919998ms] [ERROR] [API] Network error: no response received @ http://localhost:5173/src/lib/api.ts:19
[  919999ms] [ERROR] Failed to load resource: net::ERR_CONNECTION_REFUSED @ http://localhost:5173/api/v1/alerts/rich:0
[  919999ms] [ERROR] [API] Network error: no response received @ http://localhost:5173/src/lib/api.ts:19
[  919999ms] [ERROR] Failed to load resource: net::ERR_CONNECTION_REFUSED @ http://localhost:5173/api/v1/alerts:0
[  920085ms] [ERROR] WebSocket connection to 'ws://localhost:5173/' failed: Error in connection establishment: net::ERR_CONNECTION_REFUSED @ http://localhost:5173/@vite/client:1034
[  921423ms] [ERROR] [API] Network error: no response received @ http://localhost:5173/src/lib/api.ts:19
[  921423ms] [ERROR] Failed to load resource: net::ERR_CONNECTION_REFUSED @ http://localhost:5173/api/v1/alerts:0
[  923083ms] [ERROR] [API] Network error: no response received @ http://localhost:5173/src/lib/api.ts:19
[  923083ms] [ERROR] Failed to load resource: net::ERR_CONNECTION_REFUSED @ http://localhost:5173/api/v1/interventions:0
[  923746ms] [ERROR] [API] Network error: no response received @ http://localhost:5173/src/lib/api.ts:19
[  923746ms] [ERROR] Failed to load resource: net::ERR_CONNECTION_REFUSED @ http://localhost:5173/api/v1/stations:0
[  923769ms] [ERROR] [API] Network error: no response received @ http://localhost:5173/src/lib/api.ts:19
[  923769ms] [ERROR] Failed to load resource: net::ERR_CONNECTION_REFUSED @ http://localhost:5173/api/v1/alerts:0
[  924631ms] [ERROR] WebSocket connection to 'ws://localhost:5173/' failed: Error in connection establishment: net::ERR_CONNECTION_REFUSED @ http://localhost:5173/@vite/client:1034
[  924851ms] [ERROR] [API] Network error: no response received @ http://localhost:5173/src/lib/api.ts:19
[  924851ms] [ERROR] Failed to load resource: net::ERR_CONNECTION_REFUSED @ http://localhost:5173/api/v1/stations:0
[  925086ms] [ERROR] [API] Network error: no response received @ http://localhost:5173/src/lib/api.ts:19
[  925086ms] [ERROR] Failed to load resource: net::ERR_CONNECTION_REFUSED @ http://localhost:5173/api/v1/interventions:0
[  926351ms] [ERROR] [API] Network error: no response received @ http://localhost:5173/src/lib/api.ts:19
[  926351ms] [ERROR] Failed to load resource: net::ERR_CONNECTION_REFUSED @ http://localhost:5173/api/v1/interventions:0
[  927331ms] [ERROR] [API] Network error: no response received @ http://localhost:5173/src/lib/api.ts:19
[  927331ms] [ERROR] Failed to load resource: net::ERR_CONNECTION_REFUSED @ http://localhost:5173/api/v1/stations:0
[  927344ms] [ERROR] WebSocket connection to 'ws://localhost:5173/' failed: Error in connection establishment: net::ERR_CONNECTION_REFUSED @ http://localhost:5173/@vite/client:1034
[  928124ms] [ERROR] [API] Network error: no response received @ http://localhost:5173/src/lib/api.ts:19
[  928125ms] [ERROR] Failed to load resource: net::ERR_CONNECTION_REFUSED @ http://localhost:5173/api/v1/alerts:0
[  928821ms] [ERROR] [API] Network error: no response received @ http://localhost:5173/src/lib/api.ts:19
[  928821ms] [ERROR] Failed to load resource: net::ERR_CONNECTION_REFUSED @ http://localhost:5173/api/v1/interventions:0
[  931579ms] [ERROR] [API] Network error: no response received @ http://localhost:5173/src/lib/api.ts:19
[  931579ms] [ERROR] Failed to load resource: net::ERR_CONNECTION_REFUSED @ http://localhost:5173/api/v1/stations:0
[  932390ms] [ERROR] WebSocket connection to 'ws://localhost:5173/' failed: Error in connection establishment: net::ERR_CONNECTION_REFUSED @ http://localhost:5173/@vite/client:1034
[  932827ms] [ERROR] [API] Network error: no response received @ http://localhost:5173/src/lib/api.ts:19
[  932827ms] [ERROR] Failed to load resource: net::ERR_CONNECTION_REFUSED @ http://localhost:5173/api/v1/interventions:0
[  933715ms] [ERROR] WebSocket connection to 'ws://localhost:5173/ws/realtime' failed: Error in connection establishment: net::ERR_CONNECTION_REFUSED @ http://localhost:5173/src/lib/websocket.ts:47
[  935624ms] [ERROR] WebSocket connection to 'ws://localhost:5173/' failed: Error in connection establishment: net::ERR_CONNECTION_REFUSED @ http://localhost:5173/@vite/client:1034
[  936832ms] [ERROR] [API] Network error: no response received @ http://localhost:5173/src/lib/api.ts:19
[  936832ms] [ERROR] Failed to load resource: net::ERR_CONNECTION_REFUSED @ http://localhost:5173/api/v1/interventions:0
[  938302ms] [ERROR] [API] Network error: no response received @ http://localhost:5173/src/lib/api.ts:19
[  938302ms] [ERROR] Failed to load resource: net::ERR_CONNECTION_REFUSED @ http://localhost:5173/api/v1/interventions:0
[  940309ms] [ERROR] WebSocket connection to 'ws://localhost:5173/' failed: Error in connection establishment: net::ERR_CONNECTION_REFUSED @ http://localhost:5173/@vite/client:1034
[  940464ms] [ERROR] [API] Network error: no response received @ http://localhost:5173/src/lib/api.ts:19
[  940464ms] [ERROR] Failed to load resource: net::ERR_CONNECTION_REFUSED @ http://localhost:5173/api/v1/interventions:0
[  943130ms] [ERROR] [API] Network error: no response received @ http://localhost:5173/src/lib/api.ts:19
[  943130ms] [ERROR] Failed to load resource: net::ERR_CONNECTION_REFUSED @ http://localhost:5173/api/v1/alerts/rich:0
[  944138ms] [ERROR] [API] Network error: no response received @ http://localhost:5173/src/lib/api.ts:19
[  944138ms] [ERROR] Failed to load resource: net::ERR_CONNECTION_REFUSED @ http://localhost:5173/api/v1/alerts/rich:0
[  944474ms] [ERROR] [API] Network error: no response received @ http://localhost:5173/src/lib/api.ts:19
[  944474ms] [ERROR] Failed to load resource: net::ERR_CONNECTION_REFUSED @ http://localhost:5173/api/v1/interventions:0
[  944608ms] [ERROR] [API] Network error: no response received @ http://localhost:5173/src/lib/api.ts:19
[  944608ms] [ERROR] Failed to load resource: net::ERR_CONNECTION_REFUSED @ http://localhost:5173/api/v1/dashboard/suggestions:0
[  944781ms] [ERROR] WebSocket connection to 'ws://localhost:5173/' failed: Error in connection establishment: net::ERR_CONNECTION_REFUSED @ http://localhost:5173/@vite/client:1034
[  944903ms] [ERROR] [API] Network error: no response received @ http://localhost:5173/src/lib/api.ts:19
[  944903ms] [ERROR] Failed to load resource: net::ERR_CONNECTION_REFUSED @ http://localhost:5173/api/v1/dashboard/kpis:0
[  945752ms] [ERROR] [API] Network error: no response received @ http://localhost:5173/src/lib/api.ts:19
[  945752ms] [ERROR] Failed to load resource: net::ERR_CONNECTION_REFUSED @ http://localhost:5173/api/v1/dashboard/suggestions:0
[  946172ms] [ERROR] [API] Network error: no response received @ http://localhost:5173/src/lib/api.ts:19
[  946172ms] [ERROR] Failed to load resource: net::ERR_CONNECTION_REFUSED @ http://localhost:5173/api/v1/dashboard/kpis:0
[  946451ms] [ERROR] [API] Network error: no response received @ http://localhost:5173/src/lib/api.ts:19
[  946451ms] [ERROR] Failed to load resource: net::ERR_CONNECTION_REFUSED @ http://localhost:5173/api/v1/alerts/rich:0
[  947847ms] [ERROR] [API] Network error: no response received @ http://localhost:5173/src/lib/api.ts:19
[  947847ms] [ERROR] Failed to load resource: net::ERR_CONNECTION_REFUSED @ http://localhost:5173/api/v1/dashboard/suggestions:0
[  948251ms] [ERROR] [API] Network error: no response received @ http://localhost:5173/src/lib/api.ts:19
[  948251ms] [ERROR] Failed to load resource: net::ERR_CONNECTION_REFUSED @ http://localhost:5173/api/v1/dashboard/kpis:0
[  949134ms] [ERROR] WebSocket connection to 'ws://localhost:5173/' failed: Error in connection establishment: net::ERR_CONNECTION_REFUSED @ http://localhost:5173/@vite/client:1034
[  950560ms] [ERROR] [API] Network error: no response received @ http://localhost:5173/src/lib/api.ts:19
[  950561ms] [ERROR] Failed to load resource: net::ERR_CONNECTION_REFUSED @ http://localhost:5173/api/v1/alerts/rich:0
[  950561ms] [ERROR] [API] Network error: no response received @ http://localhost:5173/src/lib/api.ts:19
[  950561ms] [ERROR] Failed to load resource: net::ERR_CONNECTION_REFUSED @ http://localhost:5173/api/v1/alerts:0
[  951675ms] [ERROR] [API] Network error: no response received @ http://localhost:5173/src/lib/api.ts:19
[  951675ms] [ERROR] Failed to load resource: net::ERR_CONNECTION_REFUSED @ http://localhost:5173/api/v1/alerts:0
[  951907ms] [ERROR] [API] Network error: no response received @ http://localhost:5173/src/lib/api.ts:19
[  951908ms] [ERROR] Failed to load resource: net::ERR_CONNECTION_REFUSED @ http://localhost:5173/api/v1/dashboard/suggestions:0
[  951941ms] [ERROR] WebSocket connection to 'ws://localhost:5173/' failed: Error in connection establishment: net::ERR_CONNECTION_REFUSED @ http://localhost:5173/@vite/client:1034
[  952361ms] [ERROR] [API] Network error: no response received @ http://localhost:5173/src/lib/api.ts:19
[  952362ms] [ERROR] Failed to load resource: net::ERR_CONNECTION_REFUSED @ http://localhost:5173/api/v1/dashboard/kpis:0
[  952912ms] [ERROR] [API] Network error: no response received @ http://localhost:5173/src/lib/api.ts:19
[  952912ms] [ERROR] Failed to load resource: net::ERR_CONNECTION_REFUSED @ http://localhost:5173/api/v1/dashboard/suggestions:0
[  953364ms] [ERROR] [API] Network error: no response received @ http://localhost:5173/src/lib/api.ts:19
[  953364ms] [ERROR] Failed to load resource: net::ERR_CONNECTION_REFUSED @ http://localhost:5173/api/v1/dashboard/kpis:0
[  953748ms] [ERROR] [API] Network error: no response received @ http://localhost:5173/src/lib/api.ts:19
[  953748ms] [ERROR] Failed to load resource: net::ERR_CONNECTION_REFUSED @ http://localhost:5173/api/v1/alerts:0
[  954031ms] [ERROR] [API] Network error: no response received @ http://localhost:5173/src/lib/api.ts:19
[  954031ms] [ERROR] Failed to load resource: net::ERR_CONNECTION_REFUSED @ http://localhost:5173/api/v1/dashboard/suggestions:0
[  954864ms] [ERROR] [API] Network error: no response received @ http://localhost:5173/src/lib/api.ts:19
[  954864ms] [ERROR] Failed to load resource: net::ERR_CONNECTION_REFUSED @ http://localhost:5173/api/v1/dashboard/kpis:0
[  956065ms] [ERROR] [API] Network error: no response received @ http://localhost:5173/src/lib/api.ts:19
[  956065ms] [ERROR] Failed to load resource: net::ERR_CONNECTION_REFUSED @ http://localhost:5173/api/v1/dashboard/suggestions:0
[  956877ms] [ERROR] [API] Network error: no response received @ http://localhost:5173/src/lib/api.ts:19
[  956877ms] [ERROR] Failed to load resource: net::ERR_CONNECTION_REFUSED @ http://localhost:5173/api/v1/dashboard/kpis:0
[  957234ms] [ERROR] WebSocket connection to 'ws://localhost:5173/' failed: Error in connection establishment: net::ERR_CONNECTION_REFUSED @ http://localhost:5173/@vite/client:1034
[  957873ms] [ERROR] [API] Network error: no response received @ http://localhost:5173/src/lib/api.ts:19
[  957874ms] [ERROR] Failed to load resource: net::ERR_CONNECTION_REFUSED @ http://localhost:5173/api/v1/alerts:0
[  958878ms] [ERROR] [API] Network error: no response received @ http://localhost:5173/src/lib/api.ts:19
[  958878ms] [ERROR] Failed to load resource: net::ERR_CONNECTION_REFUSED @ http://localhost:5173/api/v1/alerts/rich:0
[  959479ms] [ERROR] [API] Network error: no response received @ http://localhost:5173/src/lib/api.ts:19
[  959479ms] [ERROR] Failed to load resource: net::ERR_CONNECTION_REFUSED @ http://localhost:5173/api/v1/interventions:0
[  959806ms] [ERROR] WebSocket connection to 'ws://localhost:5173/' failed: Error in connection establishment: net::ERR_CONNECTION_REFUSED @ http://localhost:5173/@vite/client:1034
[  959951ms] [ERROR] [API] Network error: no response received @ http://localhost:5173/src/lib/api.ts:19
[  959951ms] [ERROR] Failed to load resource: net::ERR_CONNECTION_REFUSED @ http://localhost:5173/api/v1/alerts/rich:0
[  960331ms] [ERROR] [API] Network error: no response received @ http://localhost:5173/src/lib/api.ts:19
[  960331ms] [ERROR] Failed to load resource: net::ERR_CONNECTION_REFUSED @ http://localhost:5173/api/v1/dashboard/suggestions:0
[  960673ms] [ERROR] [API] Network error: no response received @ http://localhost:5173/src/lib/api.ts:19
[  960673ms] [ERROR] Failed to load resource: net::ERR_CONNECTION_REFUSED @ http://localhost:5173/api/v1/interventions:0
[  961197ms] [ERROR] [API] Network error: no response received @ http://localhost:5173/src/lib/api.ts:19
[  961197ms] [ERROR] Failed to load resource: net::ERR_CONNECTION_REFUSED @ http://localhost:5173/api/v1/dashboard/kpis:0
[  962335ms] [ERROR] [API] Network error: no response received @ http://localhost:5173/src/lib/api.ts:19
[  962336ms] [ERROR] Failed to load resource: net::ERR_CONNECTION_REFUSED @ http://localhost:5173/api/v1/dashboard/suggestions:0
[  962373ms] [ERROR] WebSocket connection to 'ws://localhost:5173/' failed: Error in connection establishment: net::ERR_CONNECTION_REFUSED @ http://localhost:5173/@vite/client:1034
[  962384ms] [ERROR] [API] Network error: no response received @ http://localhost:5173/src/lib/api.ts:19
[  962384ms] [ERROR] Failed to load resource: net::ERR_CONNECTION_REFUSED @ http://localhost:5173/api/v1/alerts/rich:0
[  962866ms] [ERROR] [API] Network error: no response received @ http://localhost:5173/src/lib/api.ts:19
[  962866ms] [ERROR] Failed to load resource: net::ERR_CONNECTION_REFUSED @ http://localhost:5173/api/v1/interventions:0
[  963202ms] [ERROR] [API] Network error: no response received @ http://localhost:5173/src/lib/api.ts:19
[  963202ms] [ERROR] Failed to load resource: net::ERR_CONNECTION_REFUSED @ http://localhost:5173/api/v1/dashboard/kpis:0
[  963566ms] [ERROR] [API] Network error: no response received @ http://localhost:5173/src/lib/api.ts:19
[  963566ms] [ERROR] Failed to load resource: net::ERR_CONNECTION_REFUSED @ http://localhost:5173/api/v1/dashboard/suggestions:0
[  964536ms] [ERROR] [API] Network error: no response received @ http://localhost:5173/src/lib/api.ts:19
[  964536ms] [ERROR] Failed to load resource: net::ERR_CONNECTION_REFUSED @ http://localhost:5173/api/v1/dashboard/kpis:0
[  965666ms] [ERROR] WebSocket connection to 'ws://localhost:5173/ws/realtime' failed: Error in connection establishment: net::ERR_CONNECTION_REFUSED @ http://localhost:5173/src/lib/websocket.ts:47
[  965746ms] [ERROR] [API] Network error: no response received @ http://localhost:5173/src/lib/api.ts:19
[  965746ms] [ERROR] Failed to load resource: net::ERR_CONNECTION_REFUSED @ http://localhost:5173/api/v1/dashboard/suggestions:0
[  965790ms] [ERROR] WebSocket connection to 'ws://localhost:5173/' failed: Error in connection establishment: net::ERR_CONNECTION_REFUSED @ http://localhost:5173/@vite/client:1034
[  966722ms] [ERROR] [API] Network error: no response received @ http://localhost:5173/src/lib/api.ts:19
[  966722ms] [ERROR] Failed to load resource: net::ERR_CONNECTION_REFUSED @ http://localhost:5173/api/v1/alerts/rich:0
[  966723ms] [ERROR] [API] Network error: no response received @ http://localhost:5173/src/lib/api.ts:19
[  966724ms] [ERROR] Failed to load resource: net::ERR_CONNECTION_REFUSED @ http://localhost:5173/api/v1/alerts:0
[  966813ms] [ERROR] [API] Network error: no response received @ http://localhost:5173/src/lib/api.ts:19
[  966813ms] [ERROR] Failed to load resource: net::ERR_CONNECTION_REFUSED @ http://localhost:5173/api/v1/dashboard/kpis:0
[  967342ms] [ERROR] [API] Network error: no response received @ http://localhost:5173/src/lib/api.ts:19
[  967342ms] [ERROR] Failed to load resource: net::ERR_CONNECTION_REFUSED @ http://localhost:5173/api/v1/interventions:0
[  967983ms] [ERROR] [API] Network error: no response received @ http://localhost:5173/src/lib/api.ts:19
[  967983ms] [ERROR] Failed to load resource: net::ERR_CONNECTION_REFUSED @ http://localhost:5173/api/v1/alerts:0
[  968346ms] [ERROR] [API] Network error: no response received @ http://localhost:5173/src/lib/api.ts:19
[  968346ms] [ERROR] Failed to load resource: net::ERR_CONNECTION_REFUSED @ http://localhost:5173/api/v1/interventions:0
[  969475ms] [ERROR] [API] Network error: no response received @ http://localhost:5173/src/lib/api.ts:19
[  969476ms] [ERROR] Failed to load resource: net::ERR_CONNECTION_REFUSED @ http://localhost:5173/api/v1/interventions:0
[  970059ms] [ERROR] [API] Network error: no response received @ http://localhost:5173/src/lib/api.ts:19
[  970059ms] [ERROR] Failed to load resource: net::ERR_CONNECTION_REFUSED @ http://localhost:5173/api/v1/alerts:0
[  970173ms] [ERROR] [API] Network error: no response received @ http://localhost:5173/src/lib/api.ts:19
[  970173ms] [ERROR] Failed to load resource: net::ERR_CONNECTION_REFUSED @ http://localhost:5173/api/v1/dashboard/suggestions:0
[  970926ms] [ERROR] [API] Network error: no response received @ http://localhost:5173/src/lib/api.ts:19
[  970927ms] [ERROR] Failed to load resource: net::ERR_CONNECTION_REFUSED @ http://localhost:5173/api/v1/dashboard/kpis:0
[  971195ms] [ERROR] WebSocket connection to 'ws://localhost:5173/' failed: Error in connection establishment: net::ERR_CONNECTION_REFUSED @ http://localhost:5173/@vite/client:1034
[  971688ms] [ERROR] [API] Network error: no response received @ http://localhost:5173/src/lib/api.ts:19
[  971688ms] [ERROR] Failed to load resource: net::ERR_CONNECTION_REFUSED @ http://localhost:5173/api/v1/interventions:0
[  974098ms] [ERROR] [API] Network error: no response received @ http://localhost:5173/src/lib/api.ts:19
[  974098ms] [ERROR] Failed to load resource: net::ERR_CONNECTION_REFUSED @ http://localhost:5173/api/v1/alerts:0
[  974178ms] [ERROR] [API] Network error: no response received @ http://localhost:5173/src/lib/api.ts:19
[  974179ms] [ERROR] Failed to load resource: net::ERR_CONNECTION_REFUSED @ http://localhost:5173/api/v1/dashboard/suggestions:0
[  974932ms] [ERROR] [API] Network error: no response received @ http://localhost:5173/src/lib/api.ts:19
[  974932ms] [ERROR] Failed to load resource: net::ERR_CONNECTION_REFUSED @ http://localhost:5173/api/v1/dashboard/kpis:0
[  975616ms] [ERROR] [API] Network error: no response received @ http://localhost:5173/src/lib/api.ts:19
[  975616ms] [ERROR] Failed to load resource: net::ERR_CONNECTION_REFUSED @ http://localhost:5173/api/v1/dashboard/suggestions:0
[  975977ms] [ERROR] [API] Network error: no response received @ http://localhost:5173/src/lib/api.ts:19
[  975977ms] [ERROR] Failed to load resource: net::ERR_CONNECTION_REFUSED @ http://localhost:5173/api/v1/interventions:0
[  975997ms] [ERROR] [API] Network error: no response received @ http://localhost:5173/src/lib/api.ts:19
[  975997ms] [ERROR] Failed to load resource: net::ERR_CONNECTION_REFUSED @ http://localhost:5173/api/v1/dashboard/kpis:0
[  976104ms] [ERROR] [API] Network error: no response received @ http://localhost:5173/src/lib/api.ts:19
[  976104ms] [ERROR] Failed to load resource: net::ERR_CONNECTION_REFUSED @ http://localhost:5173/api/v1/alerts/rich:0
[  976466ms] [ERROR] WebSocket connection to 'ws://localhost:5173/' failed: Error in connection establishment: net::ERR_CONNECTION_REFUSED @ http://localhost:5173/@vite/client:1034
[  977117ms] [ERROR] [API] Network error: no response received @ http://localhost:5173/src/lib/api.ts:19
[  977117ms] [ERROR] Failed to load resource: net::ERR_CONNECTION_REFUSED @ http://localhost:5173/api/v1/alerts/rich:0
[  977868ms] [ERROR] [API] Network error: no response received @ http://localhost:5173/src/lib/api.ts:19
[  977869ms] [ERROR] Failed to load resource: net::ERR_CONNECTION_REFUSED @ http://localhost:5173/api/v1/dashboard/suggestions:0
[  977982ms] [ERROR] [API] Network error: no response received @ http://localhost:5173/src/lib/api.ts:19
[  977982ms] [ERROR] Failed to load resource: net::ERR_CONNECTION_REFUSED @ http://localhost:5173/api/v1/interventions:0
[  978166ms] [ERROR] [API] Network error: no response received @ http://localhost:5173/src/lib/api.ts:19
[  978167ms] [ERROR] Failed to load resource: net::ERR_CONNECTION_REFUSED @ http://localhost:5173/api/v1/dashboard/kpis:0
[  979375ms] [ERROR] [API] Network error: no response received @ http://localhost:5173/src/lib/api.ts:19
[  979376ms] [ERROR] Failed to load resource: net::ERR_CONNECTION_REFUSED @ http://localhost:5173/api/v1/alerts/rich:0
[  979446ms] [ERROR] [API] Network error: no response received @ http://localhost:5173/src/lib/api.ts:19
[  979446ms] [ERROR] Failed to load resource: net::ERR_CONNECTION_REFUSED @ http://localhost:5173/api/v1/interventions:0
[  981701ms] [ERROR] [API] Network error: no response received @ http://localhost:5173/src/lib/api.ts:19
[  981701ms] [ERROR] Failed to load resource: net::ERR_CONNECTION_REFUSED @ http://localhost:5173/api/v1/interventions:0
[  982168ms] [ERROR] WebSocket connection to 'ws://localhost:5173/' failed: Error in connection establishment: net::ERR_CONNECTION_REFUSED @ http://localhost:5173/@vite/client:1034
[  982257ms] [ERROR] [API] Network error: no response received @ http://localhost:5173/src/lib/api.ts:19
[  982258ms] [ERROR] Failed to load resource: net::ERR_CONNECTION_REFUSED @ http://localhost:5173/api/v1/dashboard/kpis:0
[  982285ms] [ERROR] [API] Network error: no response received @ http://localhost:5173/src/lib/api.ts:19
[  982286ms] [ERROR] Failed to load resource: net::ERR_CONNECTION_REFUSED @ http://localhost:5173/api/v1/dashboard/suggestions:0
[  983705ms] [ERROR] [API] Network error: no response received @ http://localhost:5173/src/lib/api.ts:19
[  983706ms] [ERROR] Failed to load resource: net::ERR_CONNECTION_REFUSED @ http://localhost:5173/api/v1/alerts/rich:0
[  983707ms] [ERROR] [API] Network error: no response received @ http://localhost:5173/src/lib/api.ts:19
[  983707ms] [ERROR] Failed to load resource: net::ERR_CONNECTION_REFUSED @ http://localhost:5173/api/v1/alerts:0
[  985120ms] [ERROR] [API] Network error: no response received @ http://localhost:5173/src/lib/api.ts:19
[  985120ms] [ERROR] Failed to load resource: net::ERR_CONNECTION_REFUSED @ http://localhost:5173/api/v1/alerts:0
[  985865ms] [ERROR] [API] Network error: no response received @ http://localhost:5173/src/lib/api.ts:19
[  985866ms] [ERROR] Failed to load resource: net::ERR_CONNECTION_REFUSED @ http://localhost:5173/api/v1/interventions:0
[  987252ms] [ERROR] WebSocket connection to 'ws://localhost:5173/' failed: Error in connection establishment: net::ERR_CONNECTION_REFUSED @ http://localhost:5173/@vite/client:1034
[  987396ms] [ERROR] [API] Network error: no response received @ http://localhost:5173/src/lib/api.ts:19
[  987396ms] [ERROR] Failed to load resource: net::ERR_CONNECTION_REFUSED @ http://localhost:5173/api/v1/alerts:0
[  989869ms] [ERROR] [API] Network error: no response received @ http://localhost:5173/src/lib/api.ts:19
[  989869ms] [ERROR] Failed to load resource: net::ERR_CONNECTION_REFUSED @ http://localhost:5173/api/v1/interventions:0
[  991320ms] [ERROR] [API] Network error: no response received @ http://localhost:5173/src/lib/api.ts:19
[  991320ms] [ERROR] Failed to load resource: net::ERR_CONNECTION_REFUSED @ http://localhost:5173/api/v1/interventions:0
[  991584ms] [ERROR] [API] Network error: no response received @ http://localhost:5173/src/lib/api.ts:19
[  991584ms] [ERROR] Failed to load resource: net::ERR_CONNECTION_REFUSED @ http://localhost:5173/api/v1/stations:0
[  991656ms] [ERROR] WebSocket connection to 'ws://localhost:5173/' failed: Error in connection establishment: net::ERR_CONNECTION_REFUSED @ http://localhost:5173/@vite/client:1034
[  991869ms] [ERROR] [API] Network error: no response received @ http://localhost:5173/src/lib/api.ts:19
[  991869ms] [ERROR] Failed to load resource: net::ERR_CONNECTION_REFUSED @ http://localhost:5173/api/v1/alerts:0
[  992977ms] [ERROR] [API] Network error: no response received @ http://localhost:5173/src/lib/api.ts:19
[  992978ms] [ERROR] Failed to load resource: net::ERR_CONNECTION_REFUSED @ http://localhost:5173/api/v1/stations:0
[  993331ms] [ERROR] [API] Network error: no response received @ http://localhost:5173/src/lib/api.ts:19
[  993331ms] [ERROR] Failed to load resource: net::ERR_CONNECTION_REFUSED @ http://localhost:5173/api/v1/interventions:0
[  994192ms] [ERROR] WebSocket connection to 'ws://localhost:5173/' failed: Error in connection establishment: net::ERR_CONNECTION_REFUSED @ http://localhost:5173/@vite/client:1034
[  995441ms] [ERROR] [API] Network error: no response received @ http://localhost:5173/src/lib/api.ts:19
[  995441ms] [ERROR] Failed to load resource: net::ERR_CONNECTION_REFUSED @ http://localhost:5173/api/v1/stations:0
[  995874ms] [ERROR] [API] Network error: no response received @ http://localhost:5173/src/lib/api.ts:19
[  995874ms] [ERROR] Failed to load resource: net::ERR_CONNECTION_REFUSED @ http://localhost:5173/api/v1/alerts/rich:0
[  997053ms] [ERROR] [API] Network error: no response received @ http://localhost:5173/src/lib/api.ts:19
[  997053ms] [ERROR] Failed to load resource: net::ERR_CONNECTION_REFUSED @ http://localhost:5173/api/v1/alerts/rich:0
[  997419ms] [ERROR] WebSocket connection to 'ws://localhost:5173/' failed: Error in connection establishment: net::ERR_CONNECTION_REFUSED @ http://localhost:5173/@vite/client:1034
[  997475ms] [ERROR] [API] Network error: no response received @ http://localhost:5173/src/lib/api.ts:19
[  997476ms] [ERROR] Failed to load resource: net::ERR_CONNECTION_REFUSED @ http://localhost:5173/api/v1/interventions:0
[  999360ms] [ERROR] [API] Network error: no response received @ http://localhost:5173/src/lib/api.ts:19
[  999361ms] [ERROR] Failed to load resource: net::ERR_CONNECTION_REFUSED @ http://localhost:5173/api/v1/alerts/rich:0
[  999709ms] [ERROR] [API] Network error: no response received @ http://localhost:5173/src/lib/api.ts:19
[  999710ms] [ERROR] Failed to load resource: net::ERR_CONNECTION_REFUSED @ http://localhost:5173/api/v1/stations:0
[ 1000631ms] [ERROR] WebSocket connection to 'ws://localhost:5173/ws/realtime' failed: Error in connection establishment: net::ERR_CONNECTION_REFUSED @ http://localhost:5173/src/lib/websocket.ts:47
[ 1000713ms] [ERROR] [API] Network error: no response received @ http://localhost:5173/src/lib/api.ts:19
[ 1000713ms] [ERROR] Failed to load resource: net::ERR_CONNECTION_REFUSED @ http://localhost:5173/api/v1/stations:0
[ 1001887ms] [ERROR] [API] Network error: no response received @ http://localhost:5173/src/lib/api.ts:19
[ 1001887ms] [ERROR] Failed to load resource: net::ERR_CONNECTION_REFUSED @ http://localhost:5173/api/v1/stations:0
[ 1003267ms] [ERROR] WebSocket connection to 'ws://localhost:5173/' failed: Error in connection establishment: net::ERR_CONNECTION_REFUSED @ http://localhost:5173/@vite/client:1034
[ 1003756ms] [ERROR] [API] Network error: no response received @ http://localhost:5173/src/lib/api.ts:19
[ 1003757ms] [ERROR] Failed to load resource: net::ERR_CONNECTION_REFUSED @ http://localhost:5173/api/v1/alerts/rich:0
[ 1003758ms] [ERROR] [API] Network error: no response received @ http://localhost:5173/src/lib/api.ts:19
[ 1003758ms] [ERROR] Failed to load resource: net::ERR_CONNECTION_REFUSED @ http://localhost:5173/api/v1/alerts:0
[ 1003900ms] [ERROR] [API] Network error: no response received @ http://localhost:5173/src/lib/api.ts:19
[ 1003900ms] [ERROR] Failed to load resource: net::ERR_CONNECTION_REFUSED @ http://localhost:5173/api/v1/stations:0
[ 1005049ms] [ERROR] [API] Network error: no response received @ http://localhost:5173/src/lib/api.ts:19
[ 1005050ms] [ERROR] Failed to load resource: net::ERR_CONNECTION_REFUSED @ http://localhost:5173/api/v1/alerts:0
[ 1006764ms] [ERROR] WebSocket connection to 'ws://localhost:5173/' failed: Error in connection establishment: net::ERR_CONNECTION_REFUSED @ http://localhost:5173/@vite/client:1034
[ 1007234ms] [ERROR] [API] Network error: no response received @ http://localhost:5173/src/lib/api.ts:19
[ 1007234ms] [ERROR] Failed to load resource: net::ERR_CONNECTION_REFUSED @ http://localhost:5173/api/v1/alerts:0
[ 1008272ms] [ERROR] [API] Network error: no response received @ http://localhost:5173/src/lib/api.ts:19
[ 1008272ms] [ERROR] Failed to load resource: net::ERR_CONNECTION_REFUSED @ http://localhost:5173/api/v1/stations:0
[ 1010276ms] [ERROR] [API] Network error: no response received @ http://localhost:5173/src/lib/api.ts:19
[ 1010276ms] [ERROR] Failed to load resource: net::ERR_CONNECTION_REFUSED @ http://localhost:5173/api/v1/stations:0
[ 1011580ms] [ERROR] [API] Network error: no response received @ http://localhost:5173/src/lib/api.ts:19
[ 1011580ms] [ERROR] Failed to load resource: net::ERR_CONNECTION_REFUSED @ http://localhost:5173/api/v1/stations:0
[ 1011601ms] [ERROR] [API] Network error: no response received @ http://localhost:5173/src/lib/api.ts:19
[ 1011602ms] [ERROR] Failed to load resource: net::ERR_CONNECTION_REFUSED @ http://localhost:5173/api/v1/alerts:0
[ 1011616ms] [ERROR] WebSocket connection to 'ws://localhost:5173/' failed: Error in connection establishment: net::ERR_CONNECTION_REFUSED @ http://localhost:5173/@vite/client:1034
[ 1012262ms] [ERROR] [API] Network error: no response received @ http://localhost:5173/src/lib/api.ts:19
[ 1012262ms] [ERROR] Failed to load resource: net::ERR_CONNECTION_REFUSED @ http://localhost:5173/api/v1/dashboard/kpis:0
[ 1012290ms] [ERROR] [API] Network error: no response received @ http://localhost:5173/src/lib/api.ts:19
[ 1012290ms] [ERROR] Failed to load resource: net::ERR_CONNECTION_REFUSED @ http://localhost:5173/api/v1/dashboard/suggestions:0
[ 1012479ms] [ERROR] [API] Network error: no response received @ http://localhost:5173/src/lib/api.ts:19
[ 1012480ms] [ERROR] Failed to load resource: net::ERR_CONNECTION_REFUSED @ http://localhost:5173/api/v1/interventions:0
[ 1013531ms] [ERROR] [API] Network error: no response received @ http://localhost:5173/src/lib/api.ts:19
[ 1013531ms] [ERROR] Failed to load resource: net::ERR_CONNECTION_REFUSED @ http://localhost:5173/api/v1/dashboard/suggestions:0
[ 1013561ms] [ERROR] [API] Network error: no response received @ http://localhost:5173/src/lib/api.ts:19
[ 1013561ms] [ERROR] Failed to load resource: net::ERR_CONNECTION_REFUSED @ http://localhost:5173/api/v1/interventions:0
[ 1013623ms] [ERROR] [API] Network error: no response received @ http://localhost:5173/src/lib/api.ts:19
[ 1013623ms] [ERROR] Failed to load resource: net::ERR_CONNECTION_REFUSED @ http://localhost:5173/api/v1/dashboard/kpis:0
[ 1013807ms] [ERROR] [API] Network error: no response received @ http://localhost:5173/src/lib/api.ts:19
[ 1013807ms] [ERROR] Failed to load resource: net::ERR_CONNECTION_REFUSED @ http://localhost:5173/api/v1/stations:0
[ 1014820ms] [ERROR] WebSocket connection to 'ws://localhost:5173/' failed: Error in connection establishment: net::ERR_CONNECTION_REFUSED @ http://localhost:5173/@vite/client:1034
[ 1015706ms] [ERROR] [API] Network error: no response received @ http://localhost:5173/src/lib/api.ts:19
[ 1015706ms] [ERROR] Failed to load resource: net::ERR_CONNECTION_REFUSED @ http://localhost:5173/api/v1/interventions:0
[ 1015715ms] [ERROR] [API] Network error: no response received @ http://localhost:5173/src/lib/api.ts:19
[ 1015715ms] [ERROR] Failed to load resource: net::ERR_CONNECTION_REFUSED @ http://localhost:5173/api/v1/dashboard/suggestions:0
[ 1015748ms] [ERROR] [API] Network error: no response received @ http://localhost:5173/src/lib/api.ts:19
[ 1015748ms] [ERROR] Failed to load resource: net::ERR_CONNECTION_REFUSED @ http://localhost:5173/api/v1/dashboard/kpis:0
[ 1017900ms] [ERROR] [API] Network error: no response received @ http://localhost:5173/src/lib/api.ts:19
[ 1017900ms] [ERROR] Failed to load resource: net::ERR_CONNECTION_REFUSED @ http://localhost:5173/api/v1/stations:0
[ 1019052ms] [ERROR] WebSocket connection to 'ws://localhost:5173/' failed: Error in connection establishment: net::ERR_CONNECTION_REFUSED @ http://localhost:5173/@vite/client:1034
[ 1020019ms] [ERROR] [API] Network error: no response received @ http://localhost:5173/src/lib/api.ts:19
[ 1020020ms] [ERROR] Failed to load resource: net::ERR_CONNECTION_REFUSED @ http://localhost:5173/api/v1/dashboard/suggestions:0
[ 1020049ms] [ERROR] [API] Network error: no response received @ http://localhost:5173/src/lib/api.ts:19
[ 1020049ms] [ERROR] Failed to load resource: net::ERR_CONNECTION_REFUSED @ http://localhost:5173/api/v1/dashboard/kpis:0
[ 1020175ms] [ERROR] [API] Network error: no response received @ http://localhost:5173/src/lib/api.ts:19
[ 1020175ms] [ERROR] Failed to load resource: net::ERR_CONNECTION_REFUSED @ http://localhost:5173/api/v1/interventions:0
[ 1021024ms] [ERROR] [API] Network error: no response received @ http://localhost:5173/src/lib/api.ts:19
[ 1021024ms] [ERROR] Failed to load resource: net::ERR_CONNECTION_REFUSED @ http://localhost:5173/api/v1/dashboard/suggestions:0
[ 1021053ms] [ERROR] [API] Network error: no response received @ http://localhost:5173/src/lib/api.ts:19
[ 1021054ms] [ERROR] Failed to load resource: net::ERR_CONNECTION_REFUSED @ http://localhost:5173/api/v1/dashboard/kpis:0
[ 1021180ms] [ERROR] [API] Network error: no response received @ http://localhost:5173/src/lib/api.ts:19
[ 1021180ms] [ERROR] Failed to load resource: net::ERR_CONNECTION_REFUSED @ http://localhost:5173/api/v1/interventions:0
[ 1021323ms] [ERROR] WebSocket connection to 'ws://localhost:5173/' failed: Error in connection establishment: net::ERR_CONNECTION_REFUSED @ http://localhost:5173/@vite/client:1034
[ 1021903ms] [ERROR] [API] Network error: no response received @ http://localhost:5173/src/lib/api.ts:19
[ 1021903ms] [ERROR] Failed to load resource: net::ERR_CONNECTION_REFUSED @ http://localhost:5173/api/v1/stations:0
[ 1022100ms] [ERROR] [API] Network error: no response received @ http://localhost:5173/src/lib/api.ts:19
[ 1022100ms] [ERROR] Failed to load resource: net::ERR_CONNECTION_REFUSED @ http://localhost:5173/api/v1/dashboard/kpis:0
[ 1022176ms] [ERROR] [API] Network error: no response received @ http://localhost:5173/src/lib/api.ts:19
[ 1022176ms] [ERROR] Failed to load resource: net::ERR_CONNECTION_REFUSED @ http://localhost:5173/api/v1/dashboard/suggestions:0
[ 1022356ms] [ERROR] [API] Network error: no response received @ http://localhost:5173/src/lib/api.ts:19
[ 1022357ms] [ERROR] Failed to load resource: net::ERR_CONNECTION_REFUSED @ http://localhost:5173/api/v1/interventions:0
[ 1023347ms] [ERROR] [API] Network error: no response received @ http://localhost:5173/src/lib/api.ts:19
[ 1023347ms] [ERROR] Failed to load resource: net::ERR_CONNECTION_REFUSED @ http://localhost:5173/api/v1/stations:0
[ 1024374ms] [ERROR] [API] Network error: no response received @ http://localhost:5173/src/lib/api.ts:19
[ 1024374ms] [ERROR] Failed to load resource: net::ERR_CONNECTION_REFUSED @ http://localhost:5173/api/v1/interventions:0
[ 1024419ms] [ERROR] [API] Network error: no response received @ http://localhost:5173/src/lib/api.ts:19
[ 1024419ms] [ERROR] Failed to load resource: net::ERR_CONNECTION_REFUSED @ http://localhost:5173/api/v1/dashboard/kpis:0
[ 1024641ms] [ERROR] [API] Network error: no response received @ http://localhost:5173/src/lib/api.ts:19
[ 1024641ms] [ERROR] Failed to load resource: net::ERR_CONNECTION_REFUSED @ http://localhost:5173/api/v1/dashboard/suggestions:0
[ 1024968ms] [ERROR] WebSocket connection to 'ws://localhost:5173/' failed: Error in connection establishment: net::ERR_CONNECTION_REFUSED @ http://localhost:5173/@vite/client:1034
[ 1025718ms] [ERROR] [API] Network error: no response received @ http://localhost:5173/src/lib/api.ts:19
[ 1025718ms] [ERROR] Failed to load resource: net::ERR_CONNECTION_REFUSED @ http://localhost:5173/api/v1/stations:0
[ 1026607ms] [ERROR] [API] Network error: no response received @ http://localhost:5173/src/lib/api.ts:19
[ 1026607ms] [ERROR] Failed to load resource: net::ERR_CONNECTION_REFUSED @ http://localhost:5173/api/v1/alerts/rich:0
[ 1028048ms] [ERROR] WebSocket connection to 'ws://localhost:5173/' failed: Error in connection establishment: net::ERR_CONNECTION_REFUSED @ http://localhost:5173/@vite/client:1034
[ 1028085ms] [ERROR] [API] Network error: no response received @ http://localhost:5173/src/lib/api.ts:19
[ 1028085ms] [ERROR] Failed to load resource: net::ERR_CONNECTION_REFUSED @ http://localhost:5173/api/v1/alerts/rich:0
[ 1028644ms] [ERROR] [API] Network error: no response received @ http://localhost:5173/src/lib/api.ts:19
[ 1028645ms] [ERROR] Failed to load resource: net::ERR_CONNECTION_REFUSED @ http://localhost:5173/api/v1/interventions:0
[ 1028671ms] [ERROR] [API] Network error: no response received @ http://localhost:5173/src/lib/api.ts:19
[ 1028671ms] [ERROR] Failed to load resource: net::ERR_CONNECTION_REFUSED @ http://localhost:5173/api/v1/dashboard/suggestions:0
[ 1028745ms] [ERROR] [API] Network error: no response received @ http://localhost:5173/src/lib/api.ts:19
[ 1028746ms] [ERROR] Failed to load resource: net::ERR_CONNECTION_REFUSED @ http://localhost:5173/api/v1/dashboard/kpis:0
[ 1029888ms] [ERROR] [API] Network error: no response received @ http://localhost:5173/src/lib/api.ts:19
[ 1029888ms] [ERROR] Failed to load resource: net::ERR_CONNECTION_REFUSED @ http://localhost:5173/api/v1/stations:0
[ 1030135ms] [ERROR] [API] Network error: no response received @ http://localhost:5173/src/lib/api.ts:19
[ 1030135ms] [ERROR] Failed to load resource: net::ERR_CONNECTION_REFUSED @ http://localhost:5173/api/v1/alerts/rich:0
[ 1030651ms] [ERROR] [API] Network error: no response received @ http://localhost:5173/src/lib/api.ts:19
[ 1030651ms] [ERROR] Failed to load resource: net::ERR_CONNECTION_REFUSED @ http://localhost:5173/api/v1/interventions:0
[ 1030674ms] [ERROR] [API] Network error: no response received @ http://localhost:5173/src/lib/api.ts:19
[ 1030674ms] [ERROR] Failed to load resource: net::ERR_CONNECTION_REFUSED @ http://localhost:5173/api/v1/dashboard/suggestions:0
[ 1030715ms] [ERROR] WebSocket connection to 'ws://localhost:5173/' failed: Error in connection establishment: net::ERR_CONNECTION_REFUSED @ http://localhost:5173/@vite/client:1034
[ 1030749ms] [ERROR] [API] Network error: no response received @ http://localhost:5173/src/lib/api.ts:19
[ 1030749ms] [ERROR] Failed to load resource: net::ERR_CONNECTION_REFUSED @ http://localhost:5173/api/v1/dashboard/kpis:0
[ 1031790ms] [ERROR] [API] Network error: no response received @ http://localhost:5173/src/lib/api.ts:19
[ 1031790ms] [ERROR] Failed to load resource: net::ERR_CONNECTION_REFUSED @ http://localhost:5173/api/v1/interventions:0
[ 1031951ms] [ERROR] [API] Network error: no response received @ http://localhost:5173/src/lib/api.ts:19
[ 1031951ms] [ERROR] Failed to load resource: net::ERR_CONNECTION_REFUSED @ http://localhost:5173/api/v1/dashboard/kpis:0
[ 1032049ms] [ERROR] [API] Network error: no response received @ http://localhost:5173/src/lib/api.ts:19
[ 1032049ms] [ERROR] Failed to load resource: net::ERR_CONNECTION_REFUSED @ http://localhost:5173/api/v1/dashboard/suggestions:0
[ 1032598ms] [ERROR] WebSocket connection to 'ws://localhost:5173/ws/realtime' failed: Error in connection establishment: net::ERR_CONNECTION_REFUSED @ http://localhost:5173/src/lib/websocket.ts:47
[ 1034072ms] [ERROR] [API] Network error: no response received @ http://localhost:5173/src/lib/api.ts:19
[ 1034072ms] [ERROR] Failed to load resource: net::ERR_CONNECTION_REFUSED @ http://localhost:5173/api/v1/interventions:0
[ 1034253ms] [ERROR] [API] Network error: no response received @ http://localhost:5173/src/lib/api.ts:19
[ 1034253ms] [ERROR] Failed to load resource: net::ERR_CONNECTION_REFUSED @ http://localhost:5173/api/v1/dashboard/kpis:0
[ 1034334ms] [ERROR] [API] Network error: no response received @ http://localhost:5173/src/lib/api.ts:19
[ 1034335ms] [ERROR] Failed to load resource: net::ERR_CONNECTION_REFUSED @ http://localhost:5173/api/v1/alerts/rich:0
[ 1034336ms] [ERROR] [API] Network error: no response received @ http://localhost:5173/src/lib/api.ts:19
[ 1034336ms] [ERROR] Failed to load resource: net::ERR_CONNECTION_REFUSED @ http://localhost:5173/api/v1/alerts:0
[ 1034436ms] [ERROR] [API] Network error: no response received @ http://localhost:5173/src/lib/api.ts:19
[ 1034436ms] [ERROR] Failed to load resource: net::ERR_CONNECTION_REFUSED @ http://localhost:5173/api/v1/dashboard/suggestions:0
[ 1034910ms] [ERROR] WebSocket connection to 'ws://localhost:5173/' failed: Error in connection establishment: net::ERR_CONNECTION_REFUSED @ http://localhost:5173/@vite/client:1034
[ 1035573ms] [ERROR] [API] Network error: no response received @ http://localhost:5173/src/lib/api.ts:19
[ 1035573ms] [ERROR] Failed to load resource: net::ERR_CONNECTION_REFUSED @ http://localhost:5173/api/v1/alerts:0
[ 1037696ms] [ERROR] [API] Network error: no response received @ http://localhost:5173/src/lib/api.ts:19
[ 1037696ms] [ERROR] Failed to load resource: net::ERR_CONNECTION_REFUSED @ http://localhost:5173/api/v1/alerts:0
[ 1038209ms] [ERROR] [API] Network error: no response received @ http://localhost:5173/src/lib/api.ts:19
[ 1038209ms] [ERROR] Failed to load resource: net::ERR_CONNECTION_REFUSED @ http://localhost:5173/api/v1/interventions:0
[ 1038393ms] [ERROR] WebSocket connection to 'ws://localhost:5173/' failed: Error in connection establishment: net::ERR_CONNECTION_REFUSED @ http://localhost:5173/@vite/client:1034
[ 1038725ms] [ERROR] [API] Network error: no response received @ http://localhost:5173/src/lib/api.ts:19
[ 1038725ms] [ERROR] Failed to load resource: net::ERR_CONNECTION_REFUSED @ http://localhost:5173/api/v1/dashboard/kpis:0
[ 1038903ms] [ERROR] [API] Network error: no response received @ http://localhost:5173/src/lib/api.ts:19
[ 1038904ms] [ERROR] Failed to load resource: net::ERR_CONNECTION_REFUSED @ http://localhost:5173/api/v1/dashboard/suggestions:0
[ 1040525ms] [ERROR] WebSocket connection to 'ws://localhost:5173/' failed: Error in connection establishment: net::ERR_CONNECTION_REFUSED @ http://localhost:5173/@vite/client:1034
[ 1041785ms] [ERROR] [API] Network error: no response received @ http://localhost:5173/src/lib/api.ts:19
[ 1041786ms] [ERROR] Failed to load resource: net::ERR_CONNECTION_REFUSED @ http://localhost:5173/api/v1/alerts:0
[ 1042211ms] [ERROR] [API] Network error: no response received @ http://localhost:5173/src/lib/api.ts:19
[ 1042211ms] [ERROR] Failed to load resource: net::ERR_CONNECTION_REFUSED @ http://localhost:5173/api/v1/interventions:0
[ 1042730ms] [ERROR] [API] Network error: no response received @ http://localhost:5173/src/lib/api.ts:19
[ 1042730ms] [ERROR] Failed to load resource: net::ERR_CONNECTION_REFUSED @ http://localhost:5173/api/v1/dashboard/kpis:0
[ 1042790ms] [ERROR] [API] Network error: no response received @ http://localhost:5173/src/lib/api.ts:19
[ 1042790ms] [ERROR] Failed to load resource: net::ERR_CONNECTION_REFUSED @ http://localhost:5173/api/v1/alerts/rich:0
[ 1042909ms] [ERROR] [API] Network error: no response received @ http://localhost:5173/src/lib/api.ts:19
[ 1042909ms] [ERROR] Failed to load resource: net::ERR_CONNECTION_REFUSED @ http://localhost:5173/api/v1/dashboard/suggestions:0
[ 1043254ms] [ERROR] [API] Network error: no response received @ http://localhost:5173/src/lib/api.ts:19
[ 1043254ms] [ERROR] Failed to load resource: net::ERR_CONNECTION_REFUSED @ http://localhost:5173/api/v1/interventions:0
[ 1043706ms] [ERROR] WebSocket connection to 'ws://localhost:5173/' failed: Error in connection establishment: net::ERR_CONNECTION_REFUSED @ http://localhost:5173/@vite/client:1034
[ 1043744ms] [ERROR] [API] Network error: no response received @ http://localhost:5173/src/lib/api.ts:19
[ 1043744ms] [ERROR] Failed to load resource: net::ERR_CONNECTION_REFUSED @ http://localhost:5173/api/v1/dashboard/kpis:0
[ 1044135ms] [ERROR] [API] Network error: no response received @ http://localhost:5173/src/lib/api.ts:19
[ 1044136ms] [ERROR] Failed to load resource: net::ERR_CONNECTION_REFUSED @ http://localhost:5173/api/v1/alerts/rich:0
[ 1044207ms] [ERROR] [API] Network error: no response received @ http://localhost:5173/src/lib/api.ts:19
[ 1044208ms] [ERROR] Failed to load resource: net::ERR_CONNECTION_REFUSED @ http://localhost:5173/api/v1/dashboard/suggestions:0
[ 1045628ms] [ERROR] [API] Network error: no response received @ http://localhost:5173/src/lib/api.ts:19
[ 1045629ms] [ERROR] Failed to load resource: net::ERR_CONNECTION_REFUSED @ http://localhost:5173/api/v1/interventions:0
[ 1045882ms] [ERROR] [API] Network error: no response received @ http://localhost:5173/src/lib/api.ts:19
[ 1045882ms] [ERROR] Failed to load resource: net::ERR_CONNECTION_REFUSED @ http://localhost:5173/api/v1/dashboard/kpis:0
[ 1046161ms] [ERROR] WebSocket connection to 'ws://localhost:5173/' failed: Error in connection establishment: net::ERR_CONNECTION_REFUSED @ http://localhost:5173/@vite/client:1034
[ 1046465ms] [ERROR] [API] Network error: no response received @ http://localhost:5173/src/lib/api.ts:19
[ 1046466ms] [ERROR] Failed to load resource: net::ERR_CONNECTION_REFUSED @ http://localhost:5173/api/v1/alerts/rich:0
[ 1046529ms] [ERROR] [API] Network error: no response received @ http://localhost:5173/src/lib/api.ts:19
[ 1046529ms] [ERROR] Failed to load resource: net::ERR_CONNECTION_REFUSED @ http://localhost:5173/api/v1/dashboard/suggestions:0
[ 1049947ms] [ERROR] [API] Network error: no response received @ http://localhost:5173/src/lib/api.ts:19
[ 1049947ms] [ERROR] Failed to load resource: net::ERR_CONNECTION_REFUSED @ http://localhost:5173/api/v1/dashboard/kpis:0
[ 1050003ms] [ERROR] [API] Network error: no response received @ http://localhost:5173/src/lib/api.ts:19
[ 1050003ms] [ERROR] Failed to load resource: net::ERR_CONNECTION_REFUSED @ http://localhost:5173/api/v1/interventions:0
[ 1050513ms] [ERROR] [API] Network error: no response received @ http://localhost:5173/src/lib/api.ts:19
[ 1050514ms] [ERROR] Failed to load resource: net::ERR_CONNECTION_REFUSED @ http://localhost:5173/api/v1/alerts/rich:0
[ 1050515ms] [ERROR] [API] Network error: no response received @ http://localhost:5173/src/lib/api.ts:19
[ 1050515ms] [ERROR] Failed to load resource: net::ERR_CONNECTION_REFUSED @ http://localhost:5173/api/v1/alerts:0
[ 1050962ms] [ERROR] [API] Network error: no response received @ http://localhost:5173/src/lib/api.ts:19
[ 1050962ms] [ERROR] Failed to load resource: net::ERR_CONNECTION_REFUSED @ http://localhost:5173/api/v1/dashboard/suggestions:0
[ 1050985ms] [ERROR] WebSocket connection to 'ws://localhost:5173/' failed: Error in connection establishment: net::ERR_CONNECTION_REFUSED @ http://localhost:5173/@vite/client:1034
[ 1051813ms] [ERROR] [API] Network error: no response received @ http://localhost:5173/src/lib/api.ts:19
[ 1051813ms] [ERROR] Failed to load resource: net::ERR_CONNECTION_REFUSED @ http://localhost:5173/api/v1/alerts:0
[ 1053975ms] [ERROR] [API] Network error: no response received @ http://localhost:5173/src/lib/api.ts:19
[ 1053975ms] [ERROR] Failed to load resource: net::ERR_CONNECTION_REFUSED @ http://localhost:5173/api/v1/alerts:0
[ 1054778ms] [ERROR] WebSocket connection to 'ws://localhost:5173/' failed: Error in connection establishment: net::ERR_CONNECTION_REFUSED @ http://localhost:5173/@vite/client:1034
[ 1057641ms] [ERROR] WebSocket connection to 'ws://localhost:5173/' failed: Error in connection establishment: net::ERR_CONNECTION_REFUSED @ http://localhost:5173/@vite/client:1034
[ 1058442ms] [ERROR] [API] Network error: no response received @ http://localhost:5173/src/lib/api.ts:19
[ 1058442ms] [ERROR] Failed to load resource: net::ERR_CONNECTION_REFUSED @ http://localhost:5173/api/v1/alerts:0
[ 1060447ms] [ERROR] [API] Network error: no response received @ http://localhost:5173/src/lib/api.ts:19
[ 1060448ms] [ERROR] Failed to load resource: net::ERR_CONNECTION_REFUSED @ http://localhost:5173/api/v1/alerts/rich:0
[ 1061450ms] [ERROR] [API] Network error: no response received @ http://localhost:5173/src/lib/api.ts:19
[ 1061450ms] [ERROR] Failed to load resource: net::ERR_CONNECTION_REFUSED @ http://localhost:5173/api/v1/alerts/rich:0
[ 1063306ms] [ERROR] WebSocket connection to 'ws://localhost:5173/' failed: Error in connection establishment: net::ERR_CONNECTION_REFUSED @ http://localhost:5173/@vite/client:1034
[ 1063766ms] [ERROR] [API] Network error: no response received @ http://localhost:5173/src/lib/api.ts:19
[ 1063766ms] [ERROR] Failed to load resource: net::ERR_CONNECTION_REFUSED @ http://localhost:5173/api/v1/alerts/rich:0
[ 1065007ms] [ERROR] [API] Network error: no response received @ http://localhost:5173/src/lib/api.ts:19
[ 1065007ms] [ERROR] Failed to load resource: net::ERR_CONNECTION_REFUSED @ http://localhost:5173/api/v1/interventions:0
[ 1065984ms] [ERROR] WebSocket connection to 'ws://localhost:5173/ws/realtime' failed: Error in connection establishment: net::ERR_CONNECTION_REFUSED @ http://localhost:5173/src/lib/websocket.ts:47
[ 1066458ms] [ERROR] [API] Network error: no response received @ http://localhost:5173/src/lib/api.ts:19
[ 1066458ms] [ERROR] Failed to load resource: net::ERR_CONNECTION_REFUSED @ http://localhost:5173/api/v1/interventions:0
[ 1067848ms] [ERROR] [API] Network error: no response received @ http://localhost:5173/src/lib/api.ts:19
[ 1067849ms] [ERROR] Failed to load resource: net::ERR_CONNECTION_REFUSED @ http://localhost:5173/api/v1/alerts/rich:0
[ 1067850ms] [ERROR] [API] Network error: no response received @ http://localhost:5173/src/lib/api.ts:19
[ 1067850ms] [ERROR] Failed to load resource: net::ERR_CONNECTION_REFUSED @ http://localhost:5173/api/v1/alerts:0
[ 1068880ms] [ERROR] [API] Network error: no response received @ http://localhost:5173/src/lib/api.ts:19
[ 1068881ms] [ERROR] Failed to load resource: net::ERR_CONNECTION_REFUSED @ http://localhost:5173/api/v1/interventions:0
[ 1069216ms] [ERROR] WebSocket connection to 'ws://localhost:5173/' failed: Error in connection establishment: net::ERR_CONNECTION_REFUSED @ http://localhost:5173/@vite/client:1034
[ 1069284ms] [ERROR] [API] Network error: no response received @ http://localhost:5173/src/lib/api.ts:19
[ 1069284ms] [ERROR] Failed to load resource: net::ERR_CONNECTION_REFUSED @ http://localhost:5173/api/v1/alerts:0
[ 1071507ms] [ERROR] [API] Network error: no response received @ http://localhost:5173/src/lib/api.ts:19
[ 1071507ms] [ERROR] Failed to load resource: net::ERR_CONNECTION_REFUSED @ http://localhost:5173/api/v1/alerts:0
[ 1072903ms] [ERROR] [API] Network error: no response received @ http://localhost:5173/src/lib/api.ts:19
[ 1072903ms] [ERROR] Failed to load resource: net::ERR_CONNECTION_REFUSED @ http://localhost:5173/api/v1/interventions:0
[ 1073352ms] [ERROR] WebSocket connection to 'ws://localhost:5173/' failed: Error in connection establishment: net::ERR_CONNECTION_REFUSED @ http://localhost:5173/@vite/client:1034
[ 1073907ms] [ERROR] [API] Network error: no response received @ http://localhost:5173/src/lib/api.ts:19
[ 1073907ms] [ERROR] Failed to load resource: net::ERR_CONNECTION_REFUSED @ http://localhost:5173/api/v1/interventions:0
[ 1075130ms] [ERROR] [API] Network error: no response received @ http://localhost:5173/src/lib/api.ts:19
[ 1075130ms] [ERROR] Failed to load resource: net::ERR_CONNECTION_REFUSED @ http://localhost:5173/api/v1/interventions:0
[ 1075541ms] [ERROR] WebSocket connection to 'ws://localhost:5173/' failed: Error in connection establishment: net::ERR_CONNECTION_REFUSED @ http://localhost:5173/@vite/client:1034
[ 1075836ms] [ERROR] [API] Network error: no response received @ http://localhost:5173/src/lib/api.ts:19
[ 1075837ms] [ERROR] Failed to load resource: net::ERR_CONNECTION_REFUSED @ http://localhost:5173/api/v1/alerts:0
[ 1077420ms] [ERROR] [API] Network error: no response received @ http://localhost:5173/src/lib/api.ts:19
[ 1077420ms] [ERROR] Failed to load resource: net::ERR_CONNECTION_REFUSED @ http://localhost:5173/api/v1/interventions:0
[ 1078088ms] [ERROR] WebSocket connection to 'ws://localhost:5173/' failed: Error in connection establishment: net::ERR_CONNECTION_REFUSED @ http://localhost:5173/@vite/client:1034
[ 1079839ms] [ERROR] [API] Network error: no response received @ http://localhost:5173/src/lib/api.ts:19
[ 1079839ms] [ERROR] Failed to load resource: net::ERR_CONNECTION_REFUSED @ http://localhost:5173/api/v1/alerts/rich:0
[ 1079950ms] [ERROR] [API] Network error: no response received @ http://localhost:5173/src/lib/api.ts:19
[ 1079950ms] [ERROR] Failed to load resource: net::ERR_CONNECTION_REFUSED @ http://localhost:5173/api/v1/dashboard/kpis:0
[ 1080967ms] [ERROR] [API] Network error: no response received @ http://localhost:5173/src/lib/api.ts:19
[ 1080967ms] [ERROR] Failed to load resource: net::ERR_CONNECTION_REFUSED @ http://localhost:5173/api/v1/dashboard/suggestions:0
[ 1081020ms] [ERROR] [API] Network error: no response received @ http://localhost:5173/src/lib/api.ts:19
[ 1081020ms] [ERROR] Failed to load resource: net::ERR_CONNECTION_REFUSED @ http://localhost:5173/api/v1/alerts/rich:0
[ 1081346ms] [ERROR] [API] Network error: no response received @ http://localhost:5173/src/lib/api.ts:19
[ 1081346ms] [ERROR] Failed to load resource: net::ERR_CONNECTION_REFUSED @ http://localhost:5173/api/v1/dashboard/kpis:0
[ 1081431ms] [ERROR] WebSocket connection to 'ws://localhost:5173/' failed: Error in connection establishment: net::ERR_CONNECTION_REFUSED @ http://localhost:5173/@vite/client:1034
[ 1081453ms] [ERROR] [API] Network error: no response received @ http://localhost:5173/src/lib/api.ts:19
[ 1081454ms] [ERROR] Failed to load resource: net::ERR_CONNECTION_REFUSED @ http://localhost:5173/api/v1/interventions:0
[ 1082203ms] [ERROR] [API] Network error: no response received @ http://localhost:5173/src/lib/api.ts:19
[ 1082203ms] [ERROR] Failed to load resource: net::ERR_CONNECTION_REFUSED @ http://localhost:5173/api/v1/dashboard/suggestions:0
[ 1083150ms] [ERROR] [API] Network error: no response received @ http://localhost:5173/src/lib/api.ts:19
[ 1083150ms] [ERROR] Failed to load resource: net::ERR_CONNECTION_REFUSED @ http://localhost:5173/api/v1/alerts/rich:0
[ 1083457ms] [ERROR] [API] Network error: no response received @ http://localhost:5173/src/lib/api.ts:19
[ 1083457ms] [ERROR] Failed to load resource: net::ERR_CONNECTION_REFUSED @ http://localhost:5173/api/v1/interventions:0
[ 1083570ms] [ERROR] [API] Network error: no response received @ http://localhost:5173/src/lib/api.ts:19
[ 1083570ms] [ERROR] Failed to load resource: net::ERR_CONNECTION_REFUSED @ http://localhost:5173/api/v1/dashboard/kpis:0
[ 1084391ms] [ERROR] [API] Network error: no response received @ http://localhost:5173/src/lib/api.ts:19
[ 1084391ms] [ERROR] Failed to load resource: net::ERR_CONNECTION_REFUSED @ http://localhost:5173/api/v1/dashboard/suggestions:0
[ 1084606ms] [ERROR] [API] Network error: no response received @ http://localhost:5173/src/lib/api.ts:19
[ 1084606ms] [ERROR] Failed to load resource: net::ERR_CONNECTION_REFUSED @ http://localhost:5173/api/v1/interventions:0
[ 1086755ms] [ERROR] [API] Network error: no response received @ http://localhost:5173/src/lib/api.ts:19
[ 1086755ms] [ERROR] Failed to load resource: net::ERR_CONNECTION_REFUSED @ http://localhost:5173/api/v1/interventions:0
[ 1087126ms] [ERROR] WebSocket connection to 'ws://localhost:5173/' failed: Error in connection establishment: net::ERR_CONNECTION_REFUSED @ http://localhost:5173/@vite/client:1034
[ 1087497ms] [ERROR] [API] Network error: no response received @ http://localhost:5173/src/lib/api.ts:19
[ 1087498ms] [ERROR] Failed to load resource: net::ERR_CONNECTION_REFUSED @ http://localhost:5173/api/v1/alerts/rich:0
[ 1087499ms] [ERROR] [API] Network error: no response received @ http://localhost:5173/src/lib/api.ts:19
[ 1087499ms] [ERROR] Failed to load resource: net::ERR_CONNECTION_REFUSED @ http://localhost:5173/api/v1/alerts:0
[ 1087678ms] [ERROR] [API] Network error: no response received @ http://localhost:5173/src/lib/api.ts:19
[ 1087678ms] [ERROR] Failed to load resource: net::ERR_CONNECTION_REFUSED @ http://localhost:5173/api/v1/dashboard/kpis:0
[ 1088683ms] [ERROR] [API] Network error: no response received @ http://localhost:5173/src/lib/api.ts:19
[ 1088683ms] [ERROR] Failed to load resource: net::ERR_CONNECTION_REFUSED @ http://localhost:5173/api/v1/dashboard/kpis:0
[ 1088881ms] [ERROR] [API] Network error: no response received @ http://localhost:5173/src/lib/api.ts:19
[ 1088882ms] [ERROR] Failed to load resource: net::ERR_CONNECTION_REFUSED @ http://localhost:5173/api/v1/dashboard/suggestions:0
[ 1088978ms] [ERROR] [API] Network error: no response received @ http://localhost:5173/src/lib/api.ts:19
[ 1088978ms] [ERROR] Failed to load resource: net::ERR_CONNECTION_REFUSED @ http://localhost:5173/api/v1/alerts:0
[ 1089884ms] [ERROR] [API] Network error: no response received @ http://localhost:5173/src/lib/api.ts:19
[ 1089885ms] [ERROR] Failed to load resource: net::ERR_CONNECTION_REFUSED @ http://localhost:5173/api/v1/dashboard/suggestions:0
[ 1089891ms] [ERROR] [API] Network error: no response received @ http://localhost:5173/src/lib/api.ts:19
[ 1089891ms] [ERROR] Failed to load resource: net::ERR_CONNECTION_REFUSED @ http://localhost:5173/api/v1/stations:0
[ 1090151ms] [ERROR] [API] Network error: no response received @ http://localhost:5173/src/lib/api.ts:19
[ 1090152ms] [ERROR] Failed to load resource: net::ERR_CONNECTION_REFUSED @ http://localhost:5173/api/v1/dashboard/kpis:0
[ 1091004ms] [ERROR] [API] Network error: no response received @ http://localhost:5173/src/lib/api.ts:19
[ 1091004ms] [ERROR] Failed to load resource: net::ERR_CONNECTION_REFUSED @ http://localhost:5173/api/v1/stations:0
[ 1091081ms] [ERROR] [API] Network error: no response received @ http://localhost:5173/src/lib/api.ts:19
[ 1091082ms] [ERROR] Failed to load resource: net::ERR_CONNECTION_REFUSED @ http://localhost:5173/api/v1/interventions:0
[ 1091208ms] [ERROR] [API] Network error: no response received @ http://localhost:5173/src/lib/api.ts:19
[ 1091208ms] [ERROR] Failed to load resource: net::ERR_CONNECTION_REFUSED @ http://localhost:5173/api/v1/alerts:0
[ 1091208ms] [ERROR] [API] Network error: no response received @ http://localhost:5173/src/lib/api.ts:19
[ 1091208ms] [ERROR] Failed to load resource: net::ERR_CONNECTION_REFUSED @ http://localhost:5173/api/v1/dashboard/suggestions:0
[ 1091361ms] [ERROR] WebSocket connection to 'ws://localhost:5173/' failed: Error in connection establishment: net::ERR_CONNECTION_REFUSED @ http://localhost:5173/@vite/client:1034
[ 1092512ms] [ERROR] [API] Network error: no response received @ http://localhost:5173/src/lib/api.ts:19
[ 1092512ms] [ERROR] Failed to load resource: net::ERR_CONNECTION_REFUSED @ http://localhost:5173/api/v1/dashboard/kpis:0
[ 1093059ms] [ERROR] [API] Network error: no response received @ http://localhost:5173/src/lib/api.ts:19
[ 1093059ms] [ERROR] Failed to load resource: net::ERR_CONNECTION_REFUSED @ http://localhost:5173/api/v1/stations:0
[ 1093539ms] [ERROR] [API] Network error: no response received @ http://localhost:5173/src/lib/api.ts:19
[ 1093539ms] [ERROR] Failed to load resource: net::ERR_CONNECTION_REFUSED @ http://localhost:5173/api/v1/dashboard/suggestions:0
[ 1094314ms] [ERROR] WebSocket connection to 'ws://localhost:5173/' failed: Error in connection establishment: net::ERR_CONNECTION_REFUSED @ http://localhost:5173/@vite/client:1034
[ 1095087ms] [ERROR] [API] Network error: no response received @ http://localhost:5173/src/lib/api.ts:19
[ 1095087ms] [ERROR] Failed to load resource: net::ERR_CONNECTION_REFUSED @ http://localhost:5173/api/v1/interventions:0
[ 1095553ms] [ERROR] [API] Network error: no response received @ http://localhost:5173/src/lib/api.ts:19
[ 1095554ms] [ERROR] Failed to load resource: net::ERR_CONNECTION_REFUSED @ http://localhost:5173/api/v1/alerts:0
[ 1096465ms] [ERROR] [API] Network error: no response received @ http://localhost:5173/src/lib/api.ts:19
[ 1096465ms] [ERROR] Failed to load resource: net::ERR_CONNECTION_REFUSED @ http://localhost:5173/api/v1/interventions:0
[ 1096573ms] [ERROR] [API] Network error: no response received @ http://localhost:5173/src/lib/api.ts:19
[ 1096573ms] [ERROR] Failed to load resource: net::ERR_CONNECTION_REFUSED @ http://localhost:5173/api/v1/dashboard/kpis:0
[ 1097147ms] [ERROR] WebSocket connection to 'ws://localhost:5173/ws/realtime' failed: Error in connection establishment: net::ERR_CONNECTION_REFUSED @ http://localhost:5173/src/lib/websocket.ts:47
[ 1097298ms] [ERROR] [API] Network error: no response received @ http://localhost:5173/src/lib/api.ts:19
[ 1097298ms] [ERROR] Failed to load resource: net::ERR_CONNECTION_REFUSED @ http://localhost:5173/api/v1/stations:0
[ 1097721ms] [ERROR] [API] Network error: no response received @ http://localhost:5173/src/lib/api.ts:19
[ 1097721ms] [ERROR] Failed to load resource: net::ERR_CONNECTION_REFUSED @ http://localhost:5173/api/v1/dashboard/suggestions:0
[ 1098303ms] [ERROR] [API] Network error: no response received @ http://localhost:5173/src/lib/api.ts:19
[ 1098303ms] [ERROR] Failed to load resource: net::ERR_CONNECTION_REFUSED @ http://localhost:5173/api/v1/stations:0
[ 1098489ms] [ERROR] WebSocket connection to 'ws://localhost:5173/' failed: Error in connection establishment: net::ERR_CONNECTION_REFUSED @ http://localhost:5173/@vite/client:1034
[ 1098577ms] [ERROR] [API] Network error: no response received @ http://localhost:5173/src/lib/api.ts:19
[ 1098577ms] [ERROR] Failed to load resource: net::ERR_CONNECTION_REFUSED @ http://localhost:5173/api/v1/dashboard/kpis:0
[ 1098665ms] [ERROR] [API] Network error: no response received @ http://localhost:5173/src/lib/api.ts:19
[ 1098666ms] [ERROR] Failed to load resource: net::ERR_CONNECTION_REFUSED @ http://localhost:5173/api/v1/interventions:0
[ 1099353ms] [ERROR] [API] Network error: no response received @ http://localhost:5173/src/lib/api.ts:19
[ 1099354ms] [ERROR] Failed to load resource: net::ERR_CONNECTION_REFUSED @ http://localhost:5173/api/v1/stations:0
[ 1099726ms] [ERROR] [API] Network error: no response received @ http://localhost:5173/src/lib/api.ts:19
[ 1099727ms] [ERROR] Failed to load resource: net::ERR_CONNECTION_REFUSED @ http://localhost:5173/api/v1/dashboard/suggestions:0
[ 1100015ms] [ERROR] [API] Network error: no response received @ http://localhost:5173/src/lib/api.ts:19
[ 1100015ms] [ERROR] Failed to load resource: net::ERR_CONNECTION_REFUSED @ http://localhost:5173/api/v1/dashboard/kpis:0
[ 1100856ms] [ERROR] [API] Network error: no response received @ http://localhost:5173/src/lib/api.ts:19
[ 1100856ms] [ERROR] Failed to load resource: net::ERR_CONNECTION_REFUSED @ http://localhost:5173/api/v1/dashboard/suggestions:0
[ 1101296ms] [ERROR] WebSocket connection to 'ws://localhost:5173/' failed: Error in connection establishment: net::ERR_CONNECTION_REFUSED @ http://localhost:5173/@vite/client:1034
[ 1101407ms] [ERROR] [API] Network error: no response received @ http://localhost:5173/src/lib/api.ts:19
[ 1101407ms] [ERROR] Failed to load resource: net::ERR_CONNECTION_REFUSED @ http://localhost:5173/api/v1/stations:0
[ 1102263ms] [ERROR] [API] Network error: no response received @ http://localhost:5173/src/lib/api.ts:19
[ 1102263ms] [ERROR] Failed to load resource: net::ERR_CONNECTION_REFUSED @ http://localhost:5173/api/v1/dashboard/kpis:0
[ 1102886ms] [ERROR] [API] Network error: no response received @ http://localhost:5173/src/lib/api.ts:19
[ 1102886ms] [ERROR] Failed to load resource: net::ERR_CONNECTION_REFUSED @ http://localhost:5173/api/v1/interventions:0
[ 1102935ms] [ERROR] [API] Network error: no response received @ http://localhost:5173/src/lib/api.ts:19
[ 1102935ms] [ERROR] Failed to load resource: net::ERR_CONNECTION_REFUSED @ http://localhost:5173/api/v1/dashboard/suggestions:0
[ 1103312ms] [ERROR] WebSocket connection to 'ws://localhost:5173/' failed: Error in connection establishment: net::ERR_CONNECTION_REFUSED @ http://localhost:5173/@vite/client:1034
[ 1105832ms] [ERROR] [API] Network error: no response received @ http://localhost:5173/src/lib/api.ts:19
[ 1105832ms] [ERROR] Failed to load resource: net::ERR_CONNECTION_REFUSED @ http://localhost:5173/api/v1/stations:0
[ 1106360ms] [ERROR] [API] Network error: no response received @ http://localhost:5173/src/lib/api.ts:19
[ 1106360ms] [ERROR] Failed to load resource: net::ERR_CONNECTION_REFUSED @ http://localhost:5173/api/v1/dashboard/kpis:0
[ 1107017ms] [ERROR] [API] Network error: no response received @ http://localhost:5173/src/lib/api.ts:19
[ 1107018ms] [ERROR] Failed to load resource: net::ERR_CONNECTION_REFUSED @ http://localhost:5173/api/v1/dashboard/suggestions:0
[ 1107837ms] [ERROR] [API] Network error: no response received @ http://localhost:5173/src/lib/api.ts:19
[ 1107837ms] [ERROR] Failed to load resource: net::ERR_CONNECTION_REFUSED @ http://localhost:5173/api/v1/stations:0
[ 1108689ms] [ERROR] WebSocket connection to 'ws://localhost:5173/' failed: Error in connection establishment: net::ERR_CONNECTION_REFUSED @ http://localhost:5173/@vite/client:1034
[ 1109149ms] [ERROR] [API] Network error: no response received @ http://localhost:5173/src/lib/api.ts:19
[ 1109149ms] [ERROR] Failed to load resource: net::ERR_CONNECTION_REFUSED @ http://localhost:5173/api/v1/stations:0
[ 1110365ms] [ERROR] [API] Network error: no response received @ http://localhost:5173/src/lib/api.ts:19
[ 1110365ms] [ERROR] Failed to load resource: net::ERR_CONNECTION_REFUSED @ http://localhost:5173/api/v1/dashboard/kpis:0
[ 1110559ms] [ERROR] [API] Network error: no response received @ http://localhost:5173/src/lib/api.ts:19
[ 1110559ms] [ERROR] Failed to load resource: net::ERR_CONNECTION_REFUSED @ http://localhost:5173/api/v1/alerts/rich:0
[ 1111022ms] [ERROR] [API] Network error: no response received @ http://localhost:5173/src/lib/api.ts:19
[ 1111022ms] [ERROR] Failed to load resource: net::ERR_CONNECTION_REFUSED @ http://localhost:5173/api/v1/dashboard/suggestions:0
[ 1111383ms] [ERROR] [API] Network error: no response received @ http://localhost:5173/src/lib/api.ts:19
[ 1111383ms] [ERROR] Failed to load resource: net::ERR_CONNECTION_REFUSED @ http://localhost:5173/api/v1/stations:0
[ 1111453ms] [ERROR] [API] Network error: no response received @ http://localhost:5173/src/lib/api.ts:19
[ 1111453ms] [ERROR] Failed to load resource: net::ERR_CONNECTION_REFUSED @ http://localhost:5173/api/v1/dashboard/kpis:0
[ 1111605ms] [ERROR] [API] Network error: no response received @ http://localhost:5173/src/lib/api.ts:19
[ 1111606ms] [ERROR] Failed to load resource: net::ERR_CONNECTION_REFUSED @ http://localhost:5173/api/v1/alerts/rich:0
[ 1112305ms] [ERROR] [API] Network error: no response received @ http://localhost:5173/src/lib/api.ts:19
[ 1112305ms] [ERROR] Failed to load resource: net::ERR_CONNECTION_REFUSED @ http://localhost:5173/api/v1/dashboard/suggestions:0
[ 1113567ms] [ERROR] WebSocket connection to 'ws://localhost:5173/' failed: Error in connection establishment: net::ERR_CONNECTION_REFUSED @ http://localhost:5173/@vite/client:1034
[ 1113817ms] [ERROR] [API] Network error: no response received @ http://localhost:5173/src/lib/api.ts:19
[ 1113817ms] [ERROR] Failed to load resource: net::ERR_CONNECTION_REFUSED @ http://localhost:5173/api/v1/dashboard/kpis:0
[ 1114004ms] [ERROR] [API] Network error: no response received @ http://localhost:5173/src/lib/api.ts:19
[ 1114004ms] [ERROR] Failed to load resource: net::ERR_CONNECTION_REFUSED @ http://localhost:5173/api/v1/alerts/rich:0
[ 1114571ms] [ERROR] WebSocket connection to 'ws://localhost:5173/' failed: Error in connection establishment: net::ERR_CONNECTION_REFUSED @ http://localhost:5173/@vite/client:1034
[ 1114774ms] [ERROR] [API] Network error: no response received @ http://localhost:5173/src/lib/api.ts:19
[ 1114774ms] [ERROR] Failed to load resource: net::ERR_CONNECTION_REFUSED @ http://localhost:5173/api/v1/dashboard/suggestions:0
[ 1115574ms] [ERROR] WebSocket connection to 'ws://localhost:5173/' failed: Error in connection establishment: net::ERR_CONNECTION_REFUSED @ http://localhost:5173/@vite/client:1034
[ 1115820ms] [ERROR] [API] Network error: no response received @ http://localhost:5173/src/lib/api.ts:19
[ 1115821ms] [ERROR] Failed to load resource: net::ERR_CONNECTION_REFUSED @ http://localhost:5173/api/v1/stations:0
[ 1116576ms] [ERROR] WebSocket connection to 'ws://localhost:5173/' failed: Error in connection establishment: net::ERR_CONNECTION_REFUSED @ http://localhost:5173/@vite/client:1034
[ 1117579ms] [ERROR] WebSocket connection to 'ws://localhost:5173/' failed: Error in connection establishment: net::ERR_CONNECTION_REFUSED @ http://localhost:5173/@vite/client:1034
[ 1117891ms] [ERROR] [API] Network error: no response received @ http://localhost:5173/src/lib/api.ts:19
[ 1117891ms] [ERROR] Failed to load resource: net::ERR_CONNECTION_REFUSED @ http://localhost:5173/api/v1/interventions:0
[ 1117975ms] [ERROR] [API] Network error: no response received @ http://localhost:5173/src/lib/api.ts:19
[ 1117976ms] [ERROR] Failed to load resource: net::ERR_CONNECTION_REFUSED @ http://localhost:5173/api/v1/dashboard/kpis:0
[ 1118041ms] [ERROR] [API] Network error: no response received @ http://localhost:5173/src/lib/api.ts:19
[ 1118042ms] [ERROR] Failed to load resource: net::ERR_CONNECTION_REFUSED @ http://localhost:5173/api/v1/alerts/rich:0
[ 1118043ms] [ERROR] [API] Network error: no response received @ http://localhost:5173/src/lib/api.ts:19
[ 1118043ms] [ERROR] Failed to load resource: net::ERR_CONNECTION_REFUSED @ http://localhost:5173/api/v1/alerts:0
[ 1118582ms] [ERROR] WebSocket connection to 'ws://localhost:5173/' failed: Error in connection establishment: net::ERR_CONNECTION_REFUSED @ http://localhost:5173/@vite/client:1034
[ 1119051ms] [ERROR] [API] Network error: no response received @ http://localhost:5173/src/lib/api.ts:19
[ 1119051ms] [ERROR] Failed to load resource: net::ERR_CONNECTION_REFUSED @ http://localhost:5173/api/v1/alerts:0
[ 1119263ms] [ERROR] [API] Network error: no response received @ http://localhost:5173/src/lib/api.ts:19
[ 1119263ms] [ERROR] Failed to load resource: net::ERR_CONNECTION_REFUSED @ http://localhost:5173/api/v1/dashboard/suggestions:0
[ 1119378ms] [ERROR] [API] Network error: no response received @ http://localhost:5173/src/lib/api.ts:19
[ 1119378ms] [ERROR] Failed to load resource: net::ERR_CONNECTION_REFUSED @ http://localhost:5173/api/v1/interventions:0
[ 1119588ms] [ERROR] WebSocket connection to 'ws://localhost:5173/' failed: Error in connection establishment: net::ERR_CONNECTION_REFUSED @ http://localhost:5173/@vite/client:1034
[ 1119826ms] [ERROR] [API] Network error: no response received @ http://localhost:5173/src/lib/api.ts:19
[ 1119826ms] [ERROR] Failed to load resource: net::ERR_CONNECTION_REFUSED @ http://localhost:5173/api/v1/stations:0
[ 1120598ms] [ERROR] WebSocket connection to 'ws://localhost:5173/' failed: Error in connection establishment: net::ERR_CONNECTION_REFUSED @ http://localhost:5173/@vite/client:1034
[ 1120944ms] [ERROR] [API] Network error: no response received @ http://localhost:5173/src/lib/api.ts:19
[ 1120944ms] [ERROR] Failed to load resource: net::ERR_CONNECTION_REFUSED @ http://localhost:5173/api/v1/stations:0
[ 1121104ms] [ERROR] [API] Network error: no response received @ http://localhost:5173/src/lib/api.ts:19
[ 1121105ms] [ERROR] Failed to load resource: net::ERR_CONNECTION_REFUSED @ http://localhost:5173/api/v1/alerts:0
[ 1121541ms] [ERROR] [API] Network error: no response received @ http://localhost:5173/src/lib/api.ts:19
[ 1121541ms] [ERROR] Failed to load resource: net::ERR_CONNECTION_REFUSED @ http://localhost:5173/api/v1/interventions:0
[ 1121618ms] [ERROR] WebSocket connection to 'ws://localhost:5173/' failed: Error in connection establishment: net::ERR_CONNECTION_REFUSED @ http://localhost:5173/@vite/client:1034
[ 1122654ms] [ERROR] WebSocket connection to 'ws://localhost:5173/' failed: Error in connection establishment: net::ERR_CONNECTION_REFUSED @ http://localhost:5173/@vite/client:1034
[ 1123447ms] [ERROR] [API] Network error: no response received @ http://localhost:5173/src/lib/api.ts:19
[ 1123448ms] [ERROR] Failed to load resource: net::ERR_CONNECTION_REFUSED @ http://localhost:5173/api/v1/stations:0
[ 1123686ms] [ERROR] WebSocket connection to 'ws://localhost:5173/' failed: Error in connection establishment: net::ERR_CONNECTION_REFUSED @ http://localhost:5173/@vite/client:1034
[ 1124800ms] [ERROR] WebSocket connection to 'ws://localhost:5173/' failed: Error in connection establishment: net::ERR_CONNECTION_REFUSED @ http://localhost:5173/@vite/client:1034
[ 1125159ms] [ERROR] [API] Network error: no response received @ http://localhost:5173/src/lib/api.ts:19
[ 1125159ms] [ERROR] Failed to load resource: net::ERR_CONNECTION_REFUSED @ http://localhost:5173/api/v1/alerts:0
[ 1125737ms] [ERROR] [API] Network error: no response received @ http://localhost:5173/src/lib/api.ts:19
[ 1125737ms] [ERROR] Failed to load resource: net::ERR_CONNECTION_REFUSED @ http://localhost:5173/api/v1/interventions:0
[ 1125919ms] [ERROR] WebSocket connection to 'ws://localhost:5173/' failed: Error in connection establishment: net::ERR_CONNECTION_REFUSED @ http://localhost:5173/@vite/client:1034
[ 1126163ms] [ERROR] [API] Network error: no response received @ http://localhost:5173/src/lib/api.ts:19
[ 1126163ms] [ERROR] Failed to load resource: net::ERR_CONNECTION_REFUSED @ http://localhost:5173/api/v1/alerts/rich:0
[ 1126741ms] [ERROR] [API] Network error: no response received @ http://localhost:5173/src/lib/api.ts:19
[ 1126742ms] [ERROR] Failed to load resource: net::ERR_CONNECTION_REFUSED @ http://localhost:5173/api/v1/interventions:0
[ 1127110ms] [ERROR] WebSocket connection to 'ws://localhost:5173/' failed: Error in connection establishment: net::ERR_CONNECTION_REFUSED @ http://localhost:5173/@vite/client:1034
[ 1127270ms] [ERROR] [API] Network error: no response received @ http://localhost:5173/src/lib/api.ts:19
[ 1127270ms] [ERROR] Failed to load resource: net::ERR_CONNECTION_REFUSED @ http://localhost:5173/api/v1/alerts/rich:0
[ 1127837ms] [ERROR] [API] Network error: no response received @ http://localhost:5173/src/lib/api.ts:19
[ 1127837ms] [ERROR] Failed to load resource: net::ERR_CONNECTION_REFUSED @ http://localhost:5173/api/v1/stations:0
[ 1128149ms] [ERROR] [API] Network error: no response received @ http://localhost:5173/src/lib/api.ts:19
[ 1128149ms] [ERROR] Failed to load resource: net::ERR_CONNECTION_REFUSED @ http://localhost:5173/api/v1/interventions:0
[ 1128286ms] [ERROR] WebSocket connection to 'ws://localhost:5173/ws/realtime' failed: Error in connection establishment: net::ERR_CONNECTION_REFUSED @ http://localhost:5173/src/lib/websocket.ts:47
[ 1129265ms] [ERROR] WebSocket connection to 'ws://localhost:5173/' failed: Error in connection establishment: net::ERR_CONNECTION_REFUSED @ http://localhost:5173/@vite/client:1034
[ 1129478ms] [ERROR] [API] Network error: no response received @ http://localhost:5173/src/lib/api.ts:19
[ 1129478ms] [ERROR] Failed to load resource: net::ERR_CONNECTION_REFUSED @ http://localhost:5173/api/v1/alerts/rich:0
[ 1130597ms] [ERROR] [API] Network error: no response received @ http://localhost:5173/src/lib/api.ts:19
[ 1130597ms] [ERROR] Failed to load resource: net::ERR_CONNECTION_REFUSED @ http://localhost:5173/api/v1/interventions:0
[ 1133620ms] [ERROR] [API] Network error: no response received @ http://localhost:5173/src/lib/api.ts:19
[ 1133620ms] [ERROR] Failed to load resource: net::ERR_CONNECTION_REFUSED @ http://localhost:5173/api/v1/alerts/rich:0
[ 1133621ms] [ERROR] [API] Network error: no response received @ http://localhost:5173/src/lib/api.ts:19
[ 1133621ms] [ERROR] Failed to load resource: net::ERR_CONNECTION_REFUSED @ http://localhost:5173/api/v1/alerts:0
[ 1134839ms] [ERROR] WebSocket connection to 'ws://localhost:5173/' failed: Error in connection establishment: net::ERR_CONNECTION_REFUSED @ http://localhost:5173/@vite/client:1034
[ 1134870ms] [ERROR] [API] Network error: no response received @ http://localhost:5173/src/lib/api.ts:19
[ 1134870ms] [ERROR] Failed to load resource: net::ERR_CONNECTION_REFUSED @ http://localhost:5173/api/v1/interventions:0
[ 1135090ms] [ERROR] [API] Network error: no response received @ http://localhost:5173/src/lib/api.ts:19
[ 1135091ms] [ERROR] Failed to load resource: net::ERR_CONNECTION_REFUSED @ http://localhost:5173/api/v1/alerts:0
[ 1136874ms] [ERROR] [API] Network error: no response received @ http://localhost:5173/src/lib/api.ts:19
[ 1136874ms] [ERROR] Failed to load resource: net::ERR_CONNECTION_REFUSED @ http://localhost:5173/api/v1/interventions:0
[ 1137496ms] [ERROR] [API] Network error: no response received @ http://localhost:5173/src/lib/api.ts:19
[ 1137497ms] [ERROR] Failed to load resource: net::ERR_CONNECTION_REFUSED @ http://localhost:5173/api/v1/alerts:0
[ 1138224ms] [ERROR] [API] Network error: no response received @ http://localhost:5173/src/lib/api.ts:19
[ 1138224ms] [ERROR] Failed to load resource: net::ERR_CONNECTION_REFUSED @ http://localhost:5173/api/v1/interventions:0
[ 1139741ms] [ERROR] WebSocket connection to 'ws://localhost:5173/' failed: Error in connection establishment: net::ERR_CONNECTION_REFUSED @ http://localhost:5173/@vite/client:1034
[ 1140487ms] [ERROR] [API] Network error: no response received @ http://localhost:5173/src/lib/api.ts:19
[ 1140487ms] [ERROR] Failed to load resource: net::ERR_CONNECTION_REFUSED @ http://localhost:5173/api/v1/interventions:0
[ 1141687ms] [ERROR] [API] Network error: no response received @ http://localhost:5173/src/lib/api.ts:19
[ 1141687ms] [ERROR] Failed to load resource: net::ERR_CONNECTION_REFUSED @ http://localhost:5173/api/v1/alerts:0
[ 1143693ms] [ERROR] [API] Network error: no response received @ http://localhost:5173/src/lib/api.ts:19
[ 1143693ms] [ERROR] Failed to load resource: net::ERR_CONNECTION_REFUSED @ http://localhost:5173/api/v1/alerts/rich:0
[ 1143808ms] [ERROR] WebSocket connection to 'ws://localhost:5173/' failed: Error in connection establishment: net::ERR_CONNECTION_REFUSED @ http://localhost:5173/@vite/client:1034
[ 1144822ms] [ERROR] [API] Network error: no response received @ http://localhost:5173/src/lib/api.ts:19
[ 1144822ms] [ERROR] Failed to load resource: net::ERR_CONNECTION_REFUSED @ http://localhost:5173/api/v1/alerts/rich:0
[ 1144982ms] [ERROR] [API] Network error: no response received @ http://localhost:5173/src/lib/api.ts:19
[ 1144982ms] [ERROR] Failed to load resource: net::ERR_CONNECTION_REFUSED @ http://localhost:5173/api/v1/interventions:0
[ 1146741ms] [ERROR] WebSocket connection to 'ws://localhost:5173/' failed: Error in connection establishment: net::ERR_CONNECTION_REFUSED @ http://localhost:5173/@vite/client:1034
[ 1147096ms] [ERROR] [API] Network error: no response received @ http://localhost:5173/src/lib/api.ts:19
[ 1147097ms] [ERROR] Failed to load resource: net::ERR_CONNECTION_REFUSED @ http://localhost:5173/api/v1/alerts/rich:0
[ 1147981ms] [ERROR] [API] Network error: no response received @ http://localhost:5173/src/lib/api.ts:19
[ 1147981ms] [ERROR] Failed to load resource: net::ERR_CONNECTION_REFUSED @ http://localhost:5173/api/v1/dashboard/kpis:0
[ 1148986ms] [ERROR] [API] Network error: no response received @ http://localhost:5173/src/lib/api.ts:19
[ 1148987ms] [ERROR] Failed to load resource: net::ERR_CONNECTION_REFUSED @ http://localhost:5173/api/v1/interventions:0
[ 1149257ms] [ERROR] [API] Network error: no response received @ http://localhost:5173/src/lib/api.ts:19
[ 1149257ms] [ERROR] Failed to load resource: net::ERR_CONNECTION_REFUSED @ http://localhost:5173/api/v1/dashboard/kpis:0
[ 1149265ms] [ERROR] [API] Network error: no response received @ http://localhost:5173/src/lib/api.ts:19
[ 1149265ms] [ERROR] Failed to load resource: net::ERR_CONNECTION_REFUSED @ http://localhost:5173/api/v1/dashboard/suggestions:0
[ 1150035ms] [ERROR] [API] Network error: no response received @ http://localhost:5173/src/lib/api.ts:19
[ 1150035ms] [ERROR] Failed to load resource: net::ERR_CONNECTION_REFUSED @ http://localhost:5173/api/v1/interventions:0
[ 1150532ms] [ERROR] [API] Network error: no response received @ http://localhost:5173/src/lib/api.ts:19
[ 1150532ms] [ERROR] Failed to load resource: net::ERR_CONNECTION_REFUSED @ http://localhost:5173/api/v1/dashboard/suggestions:0
[ 1151229ms] [ERROR] [API] Network error: no response received @ http://localhost:5173/src/lib/api.ts:19
[ 1151229ms] [ERROR] Failed to load resource: net::ERR_CONNECTION_REFUSED @ http://localhost:5173/api/v1/alerts/rich:0
[ 1151230ms] [ERROR] [API] Network error: no response received @ http://localhost:5173/src/lib/api.ts:19
[ 1151230ms] [ERROR] Failed to load resource: net::ERR_CONNECTION_REFUSED @ http://localhost:5173/api/v1/alerts:0
[ 1151285ms] [ERROR] [API] Network error: no response received @ http://localhost:5173/src/lib/api.ts:19
[ 1151285ms] [ERROR] Failed to load resource: net::ERR_CONNECTION_REFUSED @ http://localhost:5173/api/v1/dashboard/kpis:0
[ 1152271ms] [ERROR] [API] Network error: no response received @ http://localhost:5173/src/lib/api.ts:19
[ 1152271ms] [ERROR] Failed to load resource: net::ERR_CONNECTION_REFUSED @ http://localhost:5173/api/v1/interventions:0
[ 1152490ms] [ERROR] WebSocket connection to 'ws://localhost:5173/' failed: Error in connection establishment: net::ERR_CONNECTION_REFUSED @ http://localhost:5173/@vite/client:1034
[ 1152603ms] [ERROR] [API] Network error: no response received @ http://localhost:5173/src/lib/api.ts:19
[ 1152603ms] [ERROR] Failed to load resource: net::ERR_CONNECTION_REFUSED @ http://localhost:5173/api/v1/dashboard/suggestions:0
[ 1152651ms] [ERROR] [API] Network error: no response received @ http://localhost:5173/src/lib/api.ts:19
[ 1152651ms] [ERROR] Failed to load resource: net::ERR_CONNECTION_REFUSED @ http://localhost:5173/api/v1/alerts:0
[ 1154700ms] [ERROR] [API] Network error: no response received @ http://localhost:5173/src/lib/api.ts:19
[ 1154700ms] [ERROR] Failed to load resource: net::ERR_CONNECTION_REFUSED @ http://localhost:5173/api/v1/alerts:0
[ 1155302ms] [ERROR] [API] Network error: no response received @ http://localhost:5173/src/lib/api.ts:19
[ 1155302ms] [ERROR] Failed to load resource: net::ERR_CONNECTION_REFUSED @ http://localhost:5173/api/v1/dashboard/kpis:0
[ 1156306ms] [ERROR] [API] Network error: no response received @ http://localhost:5173/src/lib/api.ts:19
[ 1156307ms] [ERROR] Failed to load resource: net::ERR_CONNECTION_REFUSED @ http://localhost:5173/api/v1/dashboard/kpis:0
[ 1156626ms] [ERROR] [API] Network error: no response received @ http://localhost:5173/src/lib/api.ts:19
[ 1156627ms] [ERROR] Failed to load resource: net::ERR_CONNECTION_REFUSED @ http://localhost:5173/api/v1/interventions:0
[ 1156838ms] [ERROR] [API] Network error: no response received @ http://localhost:5173/src/lib/api.ts:19
[ 1156839ms] [ERROR] Failed to load resource: net::ERR_CONNECTION_REFUSED @ http://localhost:5173/api/v1/dashboard/suggestions:0
[ 1157007ms] [ERROR] WebSocket connection to 'ws://localhost:5173/' failed: Error in connection establishment: net::ERR_CONNECTION_REFUSED @ http://localhost:5173/@vite/client:1034
[ 1157478ms] [ERROR] [API] Network error: no response received @ http://localhost:5173/src/lib/api.ts:19
[ 1157478ms] [ERROR] Failed to load resource: net::ERR_CONNECTION_REFUSED @ http://localhost:5173/api/v1/dashboard/kpis:0
[ 1157843ms] [ERROR] [API] Network error: no response received @ http://localhost:5173/src/lib/api.ts:19
[ 1157844ms] [ERROR] Failed to load resource: net::ERR_CONNECTION_REFUSED @ http://localhost:5173/api/v1/dashboard/suggestions:0
[ 1159068ms] [ERROR] [API] Network error: no response received @ http://localhost:5173/src/lib/api.ts:19
[ 1159068ms] [ERROR] Failed to load resource: net::ERR_CONNECTION_REFUSED @ http://localhost:5173/api/v1/alerts:0
[ 1159095ms] [ERROR] [API] Network error: no response received @ http://localhost:5173/src/lib/api.ts:19
[ 1159095ms] [ERROR] Failed to load resource: net::ERR_CONNECTION_REFUSED @ http://localhost:5173/api/v1/dashboard/suggestions:0
[ 1159891ms] [ERROR] [API] Network error: no response received @ http://localhost:5173/src/lib/api.ts:19
[ 1159891ms] [ERROR] Failed to load resource: net::ERR_CONNECTION_REFUSED @ http://localhost:5173/api/v1/dashboard/kpis:0
[ 1160244ms] [ERROR] WebSocket connection to 'ws://localhost:5173/ws/realtime' failed: Error in connection establishment: net::ERR_CONNECTION_REFUSED @ http://localhost:5173/src/lib/websocket.ts:47
[ 1161537ms] [ERROR] [API] Network error: no response received @ http://localhost:5173/src/lib/api.ts:19
[ 1161537ms] [ERROR] Failed to load resource: net::ERR_CONNECTION_REFUSED @ http://localhost:5173/api/v1/dashboard/suggestions:0
[ 1162402ms] [ERROR] WebSocket connection to 'ws://localhost:5173/' failed: Error in connection establishment: net::ERR_CONNECTION_REFUSED @ http://localhost:5173/@vite/client:1034
[ 1163072ms] [ERROR] [API] Network error: no response received @ http://localhost:5173/src/lib/api.ts:19
[ 1163072ms] [ERROR] Failed to load resource: net::ERR_CONNECTION_REFUSED @ http://localhost:5173/api/v1/alerts/rich:0
[ 1164145ms] [ERROR] [API] Network error: no response received @ http://localhost:5173/src/lib/api.ts:19
[ 1164145ms] [ERROR] Failed to load resource: net::ERR_CONNECTION_REFUSED @ http://localhost:5173/api/v1/dashboard/kpis:0
[ 1164337ms] [ERROR] [API] Network error: no response received @ http://localhost:5173/src/lib/api.ts:19
[ 1164337ms] [ERROR] Failed to load resource: net::ERR_CONNECTION_REFUSED @ http://localhost:5173/api/v1/alerts/rich:0
[ 1166026ms] [ERROR] [API] Network error: no response received @ http://localhost:5173/src/lib/api.ts:19
[ 1166027ms] [ERROR] Failed to load resource: net::ERR_CONNECTION_REFUSED @ http://localhost:5173/api/v1/dashboard/suggestions:0
[ 1166150ms] [ERROR] [API] Network error: no response received @ http://localhost:5173/src/lib/api.ts:19
[ 1166151ms] [ERROR] Failed to load resource: net::ERR_CONNECTION_REFUSED @ http://localhost:5173/api/v1/dashboard/kpis:0
[ 1166802ms] [ERROR] [API] Network error: no response received @ http://localhost:5173/src/lib/api.ts:19
[ 1166802ms] [ERROR] Failed to load resource: net::ERR_CONNECTION_REFUSED @ http://localhost:5173/api/v1/alerts/rich:0
[ 1167174ms] [ERROR] [API] Network error: no response received @ http://localhost:5173/src/lib/api.ts:19
[ 1167174ms] [ERROR] Failed to load resource: net::ERR_CONNECTION_REFUSED @ http://localhost:5173/api/v1/dashboard/kpis:0
[ 1167262ms] [ERROR] WebSocket connection to 'ws://localhost:5173/' failed: Error in connection establishment: net::ERR_CONNECTION_REFUSED @ http://localhost:5173/@vite/client:1034
[ 1168031ms] [ERROR] [API] Network error: no response received @ http://localhost:5173/src/lib/api.ts:19
[ 1168031ms] [ERROR] Failed to load resource: net::ERR_CONNECTION_REFUSED @ http://localhost:5173/api/v1/dashboard/suggestions:0
[ 1169060ms] [ERROR] [API] Network error: no response received @ http://localhost:5173/src/lib/api.ts:19
[ 1169060ms] [ERROR] Failed to load resource: net::ERR_CONNECTION_REFUSED @ http://localhost:5173/api/v1/dashboard/suggestions:0
[ 1169354ms] [ERROR] [API] Network error: no response received @ http://localhost:5173/src/lib/api.ts:19
[ 1169354ms] [ERROR] Failed to load resource: net::ERR_CONNECTION_REFUSED @ http://localhost:5173/api/v1/dashboard/kpis:0
[ 1170373ms] [ERROR] WebSocket connection to 'ws://localhost:5173/' failed: Error in connection establishment: net::ERR_CONNECTION_REFUSED @ http://localhost:5173/@vite/client:1034
[ 1171027ms] [ERROR] [API] Network error: no response received @ http://localhost:5173/src/lib/api.ts:19
[ 1171028ms] [ERROR] Failed to load resource: net::ERR_CONNECTION_REFUSED @ http://localhost:5173/api/v1/alerts/rich:0
[ 1171029ms] [ERROR] [API] Network error: no response received @ http://localhost:5173/src/lib/api.ts:19
[ 1171029ms] [ERROR] Failed to load resource: net::ERR_CONNECTION_REFUSED @ http://localhost:5173/api/v1/alerts:0
[ 1171448ms] [ERROR] [API] Network error: no response received @ http://localhost:5173/src/lib/api.ts:19
[ 1171448ms] [ERROR] Failed to load resource: net::ERR_CONNECTION_REFUSED @ http://localhost:5173/api/v1/dashboard/suggestions:0
[ 1171631ms] [ERROR] [API] Network error: no response received @ http://localhost:5173/src/lib/api.ts:19
[ 1171631ms] [ERROR] Failed to load resource: net::ERR_CONNECTION_REFUSED @ http://localhost:5173/api/v1/interventions:0
[ 1172354ms] [ERROR] [API] Network error: no response received @ http://localhost:5173/src/lib/api.ts:19
[ 1172354ms] [ERROR] Failed to load resource: net::ERR_CONNECTION_REFUSED @ http://localhost:5173/api/v1/alerts:0
[ 1172958ms] [ERROR] [API] Network error: no response received @ http://localhost:5173/src/lib/api.ts:19
[ 1172958ms] [ERROR] Failed to load resource: net::ERR_CONNECTION_REFUSED @ http://localhost:5173/api/v1/interventions:0
[ 1173382ms] [ERROR] [API] Network error: no response received @ http://localhost:5173/src/lib/api.ts:19
[ 1173382ms] [ERROR] Failed to load resource: net::ERR_CONNECTION_REFUSED @ http://localhost:5173/api/v1/dashboard/kpis:0
[ 1174422ms] [ERROR] [API] Network error: no response received @ http://localhost:5173/src/lib/api.ts:19
[ 1174422ms] [ERROR] Failed to load resource: net::ERR_CONNECTION_REFUSED @ http://localhost:5173/api/v1/alerts:0
[ 1175162ms] [ERROR] [API] Network error: no response received @ http://localhost:5173/src/lib/api.ts:19
[ 1175162ms] [ERROR] Failed to load resource: net::ERR_CONNECTION_REFUSED @ http://localhost:5173/api/v1/interventions:0
[ 1175731ms] [ERROR] [API] Network error: no response received @ http://localhost:5173/src/lib/api.ts:19
[ 1175731ms] [ERROR] Failed to load resource: net::ERR_CONNECTION_REFUSED @ http://localhost:5173/api/v1/dashboard/suggestions:0
[ 1176276ms] [ERROR] WebSocket connection to 'ws://localhost:5173/' failed: Error in connection establishment: net::ERR_CONNECTION_REFUSED @ http://localhost:5173/@vite/client:1034
[ 1177386ms] [ERROR] [API] Network error: no response received @ http://localhost:5173/src/lib/api.ts:19
[ 1177386ms] [ERROR] Failed to load resource: net::ERR_CONNECTION_REFUSED @ http://localhost:5173/api/v1/dashboard/kpis:0
[ 1178599ms] [ERROR] [API] Network error: no response received @ http://localhost:5173/src/lib/api.ts:19
[ 1178599ms] [ERROR] Failed to load resource: net::ERR_CONNECTION_REFUSED @ http://localhost:5173/api/v1/alerts:0
[ 1178886ms] [ERROR] [API] Network error: no response received @ http://localhost:5173/src/lib/api.ts:19
[ 1178886ms] [ERROR] Failed to load resource: net::ERR_CONNECTION_REFUSED @ http://localhost:5173/api/v1/dashboard/kpis:0
[ 1179187ms] [ERROR] [API] Network error: no response received @ http://localhost:5173/src/lib/api.ts:19
[ 1179187ms] [ERROR] Failed to load resource: net::ERR_CONNECTION_REFUSED @ http://localhost:5173/api/v1/interventions:0
[ 1179737ms] [ERROR] [API] Network error: no response received @ http://localhost:5173/src/lib/api.ts:19
[ 1179737ms] [ERROR] Failed to load resource: net::ERR_CONNECTION_REFUSED @ http://localhost:5173/api/v1/dashboard/suggestions:0
[ 1180191ms] [ERROR] [API] Network error: no response received @ http://localhost:5173/src/lib/api.ts:19
[ 1180191ms] [ERROR] Failed to load resource: net::ERR_CONNECTION_REFUSED @ http://localhost:5173/api/v1/interventions:0
