[      88ms] [INFO] %cDownload the React DevTools for a better development experience: https://react.dev/link/react-devtools font-weight:bold @ http://localhost:5173/node_modules/.vite/deps/react-dom_client.js?v=d64afdd9:20102
[     124ms] [ERROR] Base UI: A component that acts as a button expected a native <button> because the `nativeButton` prop is true. Rendering a non-<button> removes native button semantics, which can impact forms and accessibility. Use a real <button> in the `render` prop, or set `nativeButton` to `false`.
    at Button (http://localhost:5173/src/components/ui/button.tsx:55:26)
    at MiniSimulationCard (http://localhost:5173/src/routes/CommandCenter.tsx?t=1781085210247:92:23)
    at CommandCenter (http://localhost:5173/src/routes/CommandCenter.tsx?t=1781085210247:379:21)
    at AppInner (http://localhost:5173/src/App.tsx?t=1781085210247:484:77)
    at App (http://localhost:5173/src/App.tsx?t=1781085210247:582:71) @ http://localhost:5173/node_modules/.vite/deps/chunk-OKPQIKMS.js?v=d64afdd9:20
[     132ms] [ERROR] Failed to load resource: the server responded with a status of 500 (Internal Server Error) @ http://localhost:5173/api/v1/dashboard/kpis:0
[     132ms] [ERROR] [API 500] Request failed (500) @ http://localhost:5173/src/lib/api.ts:17
[     132ms] [ERROR] Failed to load resource: the server responded with a status of 500 (Internal Server Error) @ http://localhost:5173/api/v1/stations:0
[     132ms] [ERROR] [API 500] Request failed (500) @ http://localhost:5173/src/lib/api.ts:17
[     132ms] [ERROR] Failed to load resource: the server responded with a status of 500 (Internal Server Error) @ http://localhost:5173/api/v1/analytics/predictions:0
[     132ms] [ERROR] [API 500] Request failed (500) @ http://localhost:5173/src/lib/api.ts:17
[     132ms] [ERROR] Failed to load resource: the server responded with a status of 500 (Internal Server Error) @ http://localhost:5173/api/v1/alerts/rich:0
[     132ms] [ERROR] [API 500] Request failed (500) @ http://localhost:5173/src/lib/api.ts:17
[     132ms] [ERROR] Failed to load resource: the server responded with a status of 500 (Internal Server Error) @ http://localhost:5173/api/v1/interventions:0
[     132ms] [ERROR] [API 500] Request failed (500) @ http://localhost:5173/src/lib/api.ts:17
[     133ms] [ERROR] Failed to load resource: the server responded with a status of 500 (Internal Server Error) @ http://localhost:5173/api/v1/dashboard/suggestions:0
[     133ms] [ERROR] [API 500] Request failed (500) @ http://localhost:5173/src/lib/api.ts:17
[     138ms] [ERROR] WebSocket connection to 'ws://localhost:5173/ws/realtime' failed: Connection closed before receiving a handshake response @ http://localhost:5173/src/lib/websocket.ts:47
[     139ms] [ERROR] WebSocket connection to 'ws://localhost:5173/ws/realtime' failed: Connection closed before receiving a handshake response @ http://localhost:5173/src/lib/websocket.ts:47
[     151ms] [ERROR] WebSocket connection to 'ws://localhost:5173/ws/realtime' failed: Connection closed before receiving a handshake response @ http://localhost:5173/src/lib/websocket.ts:47
[     167ms] [ERROR] WebSocket connection to 'ws://localhost:5173/ws/realtime' failed: Connection closed before receiving a handshake response @ http://localhost:5173/src/lib/websocket.ts:47
[    1270ms] [ERROR] Failed to load resource: the server responded with a status of 500 (Internal Server Error) @ http://localhost:5173/api/v1/dashboard/kpis:0
[    1270ms] [ERROR] [API 500] Request failed (500) @ http://localhost:5173/src/lib/api.ts:17
[    1273ms] [ERROR] Failed to load resource: the server responded with a status of 500 (Internal Server Error) @ http://localhost:5173/api/v1/alerts/rich:0
[    1273ms] [ERROR] [API 500] Request failed (500) @ http://localhost:5173/src/lib/api.ts:17
[    1339ms] [ERROR] Failed to load resource: the server responded with a status of 500 (Internal Server Error) @ http://localhost:5173/api/v1/interventions:0
[    1339ms] [ERROR] [API 500] Request failed (500) @ http://localhost:5173/src/lib/api.ts:17
[    1357ms] [ERROR] Failed to load resource: the server responded with a status of 500 (Internal Server Error) @ http://localhost:5173/api/v1/analytics/predictions:0
[    1358ms] [ERROR] [API 500] Request failed (500) @ http://localhost:5173/src/lib/api.ts:17
[    1405ms] [ERROR] Failed to load resource: the server responded with a status of 500 (Internal Server Error) @ http://localhost:5173/api/v1/dashboard/suggestions:0
[    1406ms] [ERROR] [API 500] Request failed (500) @ http://localhost:5173/src/lib/api.ts:17
[    1488ms] [ERROR] Failed to load resource: the server responded with a status of 500 (Internal Server Error) @ http://localhost:5173/api/v1/stations:0
[    1488ms] [ERROR] [API 500] Request failed (500) @ http://localhost:5173/src/lib/api.ts:17
[    3274ms] [ERROR] Failed to load resource: the server responded with a status of 500 (Internal Server Error) @ http://localhost:5173/api/v1/dashboard/kpis:0
[    3274ms] [ERROR] [API 500] Request failed (500) @ http://localhost:5173/src/lib/api.ts:17
[    3326ms] [ERROR] WebSocket connection to 'ws://localhost:5173/ws/realtime' failed: Connection closed before receiving a handshake response @ http://localhost:5173/src/lib/websocket.ts:47
[    3355ms] [ERROR] Failed to load resource: the server responded with a status of 500 (Internal Server Error) @ http://localhost:5173/api/v1/alerts/rich:0
[    3355ms] [ERROR] [API 500] Request failed (500) @ http://localhost:5173/src/lib/api.ts:17
[    3505ms] [ERROR] Failed to load resource: the server responded with a status of 500 (Internal Server Error) @ http://localhost:5173/api/v1/interventions:0
[    3505ms] [ERROR] [API 500] Request failed (500) @ http://localhost:5173/src/lib/api.ts:17
[    3573ms] [ERROR] Failed to load resource: the server responded with a status of 500 (Internal Server Error) @ http://localhost:5173/api/v1/stations:0
[    3573ms] [ERROR] [API 500] Request failed (500) @ http://localhost:5173/src/lib/api.ts:17
[    3638ms] [ERROR] Failed to load resource: the server responded with a status of 500 (Internal Server Error) @ http://localhost:5173/api/v1/dashboard/suggestions:0
[    3638ms] [ERROR] [API 500] Request failed (500) @ http://localhost:5173/src/lib/api.ts:17
[    3740ms] [ERROR] Failed to load resource: the server responded with a status of 500 (Internal Server Error) @ http://localhost:5173/api/v1/analytics/predictions:0
[    3741ms] [ERROR] [API 500] Request failed (500) @ http://localhost:5173/src/lib/api.ts:17
[    7389ms] [ERROR] Failed to load resource: the server responded with a status of 500 (Internal Server Error) @ http://localhost:5173/api/v1/alerts/rich:0
[    7390ms] [ERROR] [API 500] Request failed (500) @ http://localhost:5173/src/lib/api.ts:17
[    7393ms] [ERROR] Failed to load resource: the server responded with a status of 500 (Internal Server Error) @ http://localhost:5173/api/v1/alerts:0
[    7394ms] [ERROR] [API 500] Request failed (500) @ http://localhost:5173/src/lib/api.ts:17
[    7438ms] [ERROR] Failed to load resource: the server responded with a status of 500 (Internal Server Error) @ http://localhost:5173/api/v1/dashboard/kpis:0
[    7438ms] [ERROR] [API 500] Request failed (500) @ http://localhost:5173/src/lib/api.ts:17
[    7715ms] [ERROR] Failed to load resource: the server responded with a status of 500 (Internal Server Error) @ http://localhost:5173/api/v1/stations:0
[    7715ms] [ERROR] [API 500] Request failed (500) @ http://localhost:5173/src/lib/api.ts:17
[    7868ms] [ERROR] Failed to load resource: the server responded with a status of 500 (Internal Server Error) @ http://localhost:5173/api/v1/interventions:0
[    7868ms] [ERROR] [API 500] Request failed (500) @ http://localhost:5173/src/lib/api.ts:17
[    7892ms] [ERROR] Failed to load resource: the server responded with a status of 500 (Internal Server Error) @ http://localhost:5173/api/v1/analytics/predictions:0
[    7892ms] [ERROR] [API 500] Request failed (500) @ http://localhost:5173/src/lib/api.ts:17
[    8050ms] [ERROR] Failed to load resource: the server responded with a status of 500 (Internal Server Error) @ http://localhost:5173/api/v1/dashboard/suggestions:0
[    8051ms] [ERROR] [API 500] Request failed (500) @ http://localhost:5173/src/lib/api.ts:17
[    8259ms] [ERROR] WebSocket connection to 'ws://localhost:5173/ws/realtime' failed: Connection closed before receiving a handshake response @ http://localhost:5173/src/lib/websocket.ts:47
[    8444ms] [ERROR] Failed to load resource: the server responded with a status of 500 (Internal Server Error) @ http://localhost:5173/api/v1/dashboard/kpis:0
[    8444ms] [ERROR] [API 500] Request failed (500) @ http://localhost:5173/src/lib/api.ts:17
[    8654ms] [ERROR] Failed to load resource: the server responded with a status of 500 (Internal Server Error) @ http://localhost:5173/api/v1/alerts:0
[    8655ms] [ERROR] [API 500] Request failed (500) @ http://localhost:5173/src/lib/api.ts:17
[    8722ms] [ERROR] Failed to load resource: the server responded with a status of 500 (Internal Server Error) @ http://localhost:5173/api/v1/stations:0
[    8722ms] [ERROR] [API 500] Request failed (500) @ http://localhost:5173/src/lib/api.ts:17
[    8875ms] [ERROR] Failed to load resource: the server responded with a status of 500 (Internal Server Error) @ http://localhost:5173/api/v1/interventions:0
[    8875ms] [ERROR] [API 500] Request failed (500) @ http://localhost:5173/src/lib/api.ts:17
[    8900ms] [ERROR] Failed to load resource: the server responded with a status of 500 (Internal Server Error) @ http://localhost:5173/api/v1/analytics/predictions:0
[    8900ms] [ERROR] [API 500] Request failed (500) @ http://localhost:5173/src/lib/api.ts:17
[    9057ms] [ERROR] Failed to load resource: the server responded with a status of 500 (Internal Server Error) @ http://localhost:5173/api/v1/dashboard/suggestions:0
[    9057ms] [ERROR] [API 500] Request failed (500) @ http://localhost:5173/src/lib/api.ts:17
[    9624ms] [ERROR] Failed to load resource: the server responded with a status of 500 (Internal Server Error) @ http://localhost:5173/api/v1/dashboard/kpis:0
[    9625ms] [ERROR] [API 500] Request failed (500) @ http://localhost:5173/src/lib/api.ts:17
[    9769ms] [ERROR] Failed to load resource: the server responded with a status of 500 (Internal Server Error) @ http://localhost:5173/api/v1/stations:0
[    9769ms] [ERROR] [API 500] Request failed (500) @ http://localhost:5173/src/lib/api.ts:17
[   10103ms] [ERROR] Failed to load resource: the server responded with a status of 500 (Internal Server Error) @ http://localhost:5173/api/v1/analytics/predictions:0
[   10103ms] [ERROR] [API 500] Request failed (500) @ http://localhost:5173/src/lib/api.ts:17
[   10321ms] [ERROR] Failed to load resource: the server responded with a status of 500 (Internal Server Error) @ http://localhost:5173/api/v1/interventions:0
[   10321ms] [ERROR] [API 500] Request failed (500) @ http://localhost:5173/src/lib/api.ts:17
[   10447ms] [ERROR] Failed to load resource: the server responded with a status of 500 (Internal Server Error) @ http://localhost:5173/api/v1/dashboard/suggestions:0
[   10447ms] [ERROR] [API 500] Request failed (500) @ http://localhost:5173/src/lib/api.ts:17
[   11098ms] [ERROR] Failed to load resource: the server responded with a status of 500 (Internal Server Error) @ http://localhost:5173/api/v1/alerts:0
[   11099ms] [ERROR] [API 500] Request failed (500) @ http://localhost:5173/src/lib/api.ts:17
[   11672ms] [ERROR] Failed to load resource: the server responded with a status of 500 (Internal Server Error) @ http://localhost:5173/api/v1/dashboard/kpis:0
[   11673ms] [ERROR] [API 500] Request failed (500) @ http://localhost:5173/src/lib/api.ts:17
[   12088ms] [ERROR] Failed to load resource: the server responded with a status of 500 (Internal Server Error) @ http://localhost:5173/api/v1/stations:0
[   12088ms] [ERROR] [API 500] Request failed (500) @ http://localhost:5173/src/lib/api.ts:17
[   12215ms] [ERROR] Failed to load resource: the server responded with a status of 500 (Internal Server Error) @ http://localhost:5173/api/v1/analytics/predictions:0
[   12216ms] [ERROR] [API 500] Request failed (500) @ http://localhost:5173/src/lib/api.ts:17
[   12473ms] [ERROR] Failed to load resource: the server responded with a status of 500 (Internal Server Error) @ http://localhost:5173/api/v1/dashboard/suggestions:0
[   12473ms] [ERROR] [API 500] Request failed (500) @ http://localhost:5173/src/lib/api.ts:17
[   12647ms] [ERROR] Failed to load resource: the server responded with a status of 500 (Internal Server Error) @ http://localhost:5173/api/v1/interventions:0
[   12647ms] [ERROR] [API 500] Request failed (500) @ http://localhost:5173/src/lib/api.ts:17
[   15589ms] [ERROR] Failed to load resource: the server responded with a status of 500 (Internal Server Error) @ http://localhost:5173/api/v1/alerts:0
[   15589ms] [ERROR] [API 500] Request failed (500) @ http://localhost:5173/src/lib/api.ts:17
[   15809ms] [ERROR] WebSocket connection to 'ws://localhost:5173/ws/realtime' failed: Connection closed before receiving a handshake response @ http://localhost:5173/src/lib/websocket.ts:47
[   16151ms] [ERROR] Failed to load resource: the server responded with a status of 500 (Internal Server Error) @ http://localhost:5173/api/v1/dashboard/kpis:0
[   16151ms] [ERROR] [API 500] Request failed (500) @ http://localhost:5173/src/lib/api.ts:17
[   16558ms] [ERROR] Failed to load resource: the server responded with a status of 500 (Internal Server Error) @ http://localhost:5173/api/v1/stations:0
[   16558ms] [ERROR] [API 500] Request failed (500) @ http://localhost:5173/src/lib/api.ts:17
[   16596ms] [ERROR] Failed to load resource: the server responded with a status of 500 (Internal Server Error) @ http://localhost:5173/api/v1/alerts/rich:0
[   16596ms] [ERROR] [API 500] Request failed (500) @ http://localhost:5173/src/lib/api.ts:17
[   16676ms] [ERROR] Failed to load resource: the server responded with a status of 500 (Internal Server Error) @ http://localhost:5173/api/v1/interventions:0
[   16676ms] [ERROR] [API 500] Request failed (500) @ http://localhost:5173/src/lib/api.ts:17
[   16701ms] [ERROR] Failed to load resource: the server responded with a status of 500 (Internal Server Error) @ http://localhost:5173/api/v1/analytics/predictions:0
[   16701ms] [ERROR] [API 500] Request failed (500) @ http://localhost:5173/src/lib/api.ts:17
[   16796ms] [ERROR] Failed to load resource: the server responded with a status of 500 (Internal Server Error) @ http://localhost:5173/api/v1/dashboard/suggestions:0
[   16796ms] [ERROR] [API 500] Request failed (500) @ http://localhost:5173/src/lib/api.ts:17
[   17884ms] [ERROR] Failed to load resource: the server responded with a status of 500 (Internal Server Error) @ http://localhost:5173/api/v1/alerts/rich:0
[   17884ms] [ERROR] [API 500] Request failed (500) @ http://localhost:5173/src/lib/api.ts:17
[   18156ms] [ERROR] Failed to load resource: the server responded with a status of 500 (Internal Server Error) @ http://localhost:5173/api/v1/dashboard/kpis:0
[   18156ms] [ERROR] [API 500] Request failed (500) @ http://localhost:5173/src/lib/api.ts:17
[   18565ms] [ERROR] Failed to load resource: the server responded with a status of 500 (Internal Server Error) @ http://localhost:5173/api/v1/stations:0
[   18565ms] [ERROR] [API 500] Request failed (500) @ http://localhost:5173/src/lib/api.ts:17
[   18682ms] [ERROR] Failed to load resource: the server responded with a status of 500 (Internal Server Error) @ http://localhost:5173/api/v1/interventions:0
[   18682ms] [ERROR] [API 500] Request failed (500) @ http://localhost:5173/src/lib/api.ts:17
[   18708ms] [ERROR] Failed to load resource: the server responded with a status of 500 (Internal Server Error) @ http://localhost:5173/api/v1/analytics/predictions:0
[   18709ms] [ERROR] [API 500] Request failed (500) @ http://localhost:5173/src/lib/api.ts:17
[   18804ms] [ERROR] Failed to load resource: the server responded with a status of 500 (Internal Server Error) @ http://localhost:5173/api/v1/dashboard/suggestions:0
[   18804ms] [ERROR] [API 500] Request failed (500) @ http://localhost:5173/src/lib/api.ts:17
[   19270ms] [ERROR] Failed to load resource: the server responded with a status of 500 (Internal Server Error) @ http://localhost:5173/api/v1/dashboard/kpis:0
[   19270ms] [ERROR] [API 500] Request failed (500) @ http://localhost:5173/src/lib/api.ts:17
[   19829ms] [ERROR] Failed to load resource: the server responded with a status of 500 (Internal Server Error) @ http://localhost:5173/api/v1/stations:0
[   19829ms] [ERROR] [API 500] Request failed (500) @ http://localhost:5173/src/lib/api.ts:17
[   19888ms] [ERROR] Failed to load resource: the server responded with a status of 500 (Internal Server Error) @ http://localhost:5173/api/v1/analytics/predictions:0
[   19888ms] [ERROR] [API 500] Request failed (500) @ http://localhost:5173/src/lib/api.ts:17
[   19939ms] [ERROR] Failed to load resource: the server responded with a status of 500 (Internal Server Error) @ http://localhost:5173/api/v1/alerts/rich:0
[   19939ms] [ERROR] [API 500] Request failed (500) @ http://localhost:5173/src/lib/api.ts:17
[   20145ms] [ERROR] Failed to load resource: the server responded with a status of 500 (Internal Server Error) @ http://localhost:5173/api/v1/interventions:0
[   20145ms] [ERROR] [API 500] Request failed (500) @ http://localhost:5173/src/lib/api.ts:17
[   20254ms] [ERROR] Failed to load resource: the server responded with a status of 500 (Internal Server Error) @ http://localhost:5173/api/v1/dashboard/suggestions:0
[   20255ms] [ERROR] [API 500] Request failed (500) @ http://localhost:5173/src/lib/api.ts:17
[   21474ms] [ERROR] Failed to load resource: the server responded with a status of 500 (Internal Server Error) @ http://localhost:5173/api/v1/dashboard/kpis:0
[   21474ms] [ERROR] [API 500] Request failed (500) @ http://localhost:5173/src/lib/api.ts:17
[   22279ms] [ERROR] Failed to load resource: the server responded with a status of 500 (Internal Server Error) @ http://localhost:5173/api/v1/stations:0
[   22280ms] [ERROR] [API 500] Request failed (500) @ http://localhost:5173/src/lib/api.ts:17
[   22299ms] [ERROR] Failed to load resource: the server responded with a status of 500 (Internal Server Error) @ http://localhost:5173/api/v1/interventions:0
[   22300ms] [ERROR] [API 500] Request failed (500) @ http://localhost:5173/src/lib/api.ts:17
[   22317ms] [ERROR] Failed to load resource: the server responded with a status of 500 (Internal Server Error) @ http://localhost:5173/api/v1/analytics/predictions:0
[   22317ms] [ERROR] [API 500] Request failed (500) @ http://localhost:5173/src/lib/api.ts:17
[   22348ms] [ERROR] Failed to load resource: the server responded with a status of 500 (Internal Server Error) @ http://localhost:5173/api/v1/dashboard/suggestions:0
[   22348ms] [ERROR] [API 500] Request failed (500) @ http://localhost:5173/src/lib/api.ts:17
[   24407ms] [ERROR] Failed to load resource: the server responded with a status of 500 (Internal Server Error) @ http://localhost:5173/api/v1/alerts/rich:0
[   24408ms] [ERROR] [API 500] Request failed (500) @ http://localhost:5173/src/lib/api.ts:17
[   24412ms] [ERROR] Failed to load resource: the server responded with a status of 500 (Internal Server Error) @ http://localhost:5173/api/v1/alerts:0
[   24412ms] [ERROR] [API 500] Request failed (500) @ http://localhost:5173/src/lib/api.ts:17
[   25697ms] [ERROR] Failed to load resource: the server responded with a status of 500 (Internal Server Error) @ http://localhost:5173/api/v1/alerts:0
[   25697ms] [ERROR] [API 500] Request failed (500) @ http://localhost:5173/src/lib/api.ts:17
[   25775ms] [ERROR] Failed to load resource: the server responded with a status of 500 (Internal Server Error) @ http://localhost:5173/api/v1/dashboard/kpis:0
[   25775ms] [ERROR] [API 500] Request failed (500) @ http://localhost:5173/src/lib/api.ts:17
[   25967ms] [ERROR] WebSocket connection to 'ws://localhost:5173/ws/realtime' failed: Connection closed before receiving a handshake response @ http://localhost:5173/src/lib/websocket.ts:47
[   26310ms] [ERROR] Failed to load resource: the server responded with a status of 500 (Internal Server Error) @ http://localhost:5173/api/v1/interventions:0
[   26311ms] [ERROR] [API 500] Request failed (500) @ http://localhost:5173/src/lib/api.ts:17
[   26702ms] [ERROR] Failed to load resource: the server responded with a status of 500 (Internal Server Error) @ http://localhost:5173/api/v1/analytics/predictions:0
[   26702ms] [ERROR] [API 500] Request failed (500) @ http://localhost:5173/src/lib/api.ts:17
[   26749ms] [ERROR] Failed to load resource: the server responded with a status of 500 (Internal Server Error) @ http://localhost:5173/api/v1/stations:0
[   26750ms] [ERROR] [API 500] Request failed (500) @ http://localhost:5173/src/lib/api.ts:17
[   26772ms] [ERROR] Failed to load resource: the server responded with a status of 500 (Internal Server Error) @ http://localhost:5173/api/v1/dashboard/suggestions:0
[   26772ms] [ERROR] [API 500] Request failed (500) @ http://localhost:5173/src/lib/api.ts:17
[   28200ms] [ERROR] Failed to load resource: the server responded with a status of 500 (Internal Server Error) @ http://localhost:5173/api/v1/alerts:0
[   28201ms] [ERROR] [API 500] Request failed (500) @ http://localhost:5173/src/lib/api.ts:17
[   29783ms] [ERROR] Failed to load resource: the server responded with a status of 500 (Internal Server Error) @ http://localhost:5173/api/v1/dashboard/kpis:0
[   29784ms] [ERROR] [API 500] Request failed (500) @ http://localhost:5173/src/lib/api.ts:17
[   30317ms] [ERROR] Failed to load resource: the server responded with a status of 500 (Internal Server Error) @ http://localhost:5173/api/v1/interventions:0
[   30317ms] [ERROR] [API 500] Request failed (500) @ http://localhost:5173/src/lib/api.ts:17
[   30705ms] [ERROR] Failed to load resource: the server responded with a status of 500 (Internal Server Error) @ http://localhost:5173/api/v1/analytics/predictions:0
[   30705ms] [ERROR] [API 500] Request failed (500) @ http://localhost:5173/src/lib/api.ts:17
[   30755ms] [ERROR] Failed to load resource: the server responded with a status of 500 (Internal Server Error) @ http://localhost:5173/api/v1/stations:0
[   30755ms] [ERROR] [API 500] Request failed (500) @ http://localhost:5173/src/lib/api.ts:17
[   30776ms] [ERROR] Failed to load resource: the server responded with a status of 500 (Internal Server Error) @ http://localhost:5173/api/v1/dashboard/suggestions:0
[   30776ms] [ERROR] [API 500] Request failed (500) @ http://localhost:5173/src/lib/api.ts:17
[   31289ms] [ERROR] Failed to load resource: the server responded with a status of 500 (Internal Server Error) @ http://localhost:5173/api/v1/dashboard/kpis:0
[   31289ms] [ERROR] [API 500] Request failed (500) @ http://localhost:5173/src/lib/api.ts:17
[   31415ms] [ERROR] Failed to load resource: the server responded with a status of 500 (Internal Server Error) @ http://localhost:5173/api/v1/interventions:0
[   31415ms] [ERROR] [API 500] Request failed (500) @ http://localhost:5173/src/lib/api.ts:17
[   31873ms] [ERROR] Failed to load resource: the server responded with a status of 500 (Internal Server Error) @ http://localhost:5173/api/v1/stations:0
[   31873ms] [ERROR] [API 500] Request failed (500) @ http://localhost:5173/src/lib/api.ts:17
[   31965ms] [ERROR] Failed to load resource: the server responded with a status of 500 (Internal Server Error) @ http://localhost:5173/api/v1/dashboard/suggestions:0
[   31966ms] [ERROR] [API 500] Request failed (500) @ http://localhost:5173/src/lib/api.ts:17
[   32030ms] [ERROR] Failed to load resource: the server responded with a status of 500 (Internal Server Error) @ http://localhost:5173/api/v1/analytics/predictions:0
[   32030ms] [ERROR] [API 500] Request failed (500) @ http://localhost:5173/src/lib/api.ts:17
[   32630ms] [ERROR] Failed to load resource: the server responded with a status of 500 (Internal Server Error) @ http://localhost:5173/api/v1/alerts:0
[   32630ms] [ERROR] [API 500] Request failed (500) @ http://localhost:5173/src/lib/api.ts:17
[   33438ms] [ERROR] Failed to load resource: the server responded with a status of 500 (Internal Server Error) @ http://localhost:5173/api/v1/dashboard/kpis:0
[   33438ms] [ERROR] [API 500] Request failed (500) @ http://localhost:5173/src/lib/api.ts:17
[   33624ms] [ERROR] Failed to load resource: the server responded with a status of 500 (Internal Server Error) @ http://localhost:5173/api/v1/interventions:0
[   33624ms] [ERROR] [API 500] Request failed (500) @ http://localhost:5173/src/lib/api.ts:17
[   33983ms] [ERROR] Failed to load resource: the server responded with a status of 500 (Internal Server Error) @ http://localhost:5173/api/v1/dashboard/suggestions:0
[   33983ms] [ERROR] [API 500] Request failed (500) @ http://localhost:5173/src/lib/api.ts:17
[   34190ms] [ERROR] Failed to load resource: the server responded with a status of 500 (Internal Server Error) @ http://localhost:5173/api/v1/analytics/predictions:0
[   34190ms] [ERROR] [API 500] Request failed (500) @ http://localhost:5173/src/lib/api.ts:17
[   34219ms] [ERROR] Failed to load resource: the server responded with a status of 500 (Internal Server Error) @ http://localhost:5173/api/v1/stations:0
[   34220ms] [ERROR] [API 500] Request failed (500) @ http://localhost:5173/src/lib/api.ts:17
[   34638ms] [ERROR] Failed to load resource: the server responded with a status of 500 (Internal Server Error) @ http://localhost:5173/api/v1/alerts/rich:0
[   34638ms] [ERROR] [API 500] Request failed (500) @ http://localhost:5173/src/lib/api.ts:17
[   35863ms] [ERROR] Failed to load resource: the server responded with a status of 500 (Internal Server Error) @ http://localhost:5173/api/v1/alerts/rich:0
[   35864ms] [ERROR] [API 500] Request failed (500) @ http://localhost:5173/src/lib/api.ts:17
[   37476ms] [ERROR] Failed to load resource: the server responded with a status of 500 (Internal Server Error) @ http://localhost:5173/api/v1/dashboard/kpis:0
[   37476ms] [ERROR] [API 500] Request failed (500) @ http://localhost:5173/src/lib/api.ts:17
[   38030ms] [ERROR] Failed to load resource: the server responded with a status of 500 (Internal Server Error) @ http://localhost:5173/api/v1/interventions:0
[   38030ms] [ERROR] [API 500] Request failed (500) @ http://localhost:5173/src/lib/api.ts:17
[   38044ms] [ERROR] Failed to load resource: the server responded with a status of 500 (Internal Server Error) @ http://localhost:5173/api/v1/alerts/rich:0
[   38045ms] [ERROR] [API 500] Request failed (500) @ http://localhost:5173/src/lib/api.ts:17
[   38433ms] [ERROR] Failed to load resource: the server responded with a status of 500 (Internal Server Error) @ http://localhost:5173/api/v1/dashboard/suggestions:0
[   38434ms] [ERROR] [API 500] Request failed (500) @ http://localhost:5173/src/lib/api.ts:17
[   38589ms] [ERROR] Failed to load resource: the server responded with a status of 500 (Internal Server Error) @ http://localhost:5173/api/v1/stations:0
[   38589ms] [ERROR] [API 500] Request failed (500) @ http://localhost:5173/src/lib/api.ts:17
[   38668ms] [ERROR] Failed to load resource: the server responded with a status of 500 (Internal Server Error) @ http://localhost:5173/api/v1/analytics/predictions:0
[   38668ms] [ERROR] [API 500] Request failed (500) @ http://localhost:5173/src/lib/api.ts:17
[   41476ms] [ERROR] WebSocket connection to 'ws://localhost:5173/ws/realtime' failed: Connection closed before receiving a handshake response @ http://localhost:5173/src/lib/websocket.ts:47
[   42305ms] [ERROR] Failed to load resource: the server responded with a status of 500 (Internal Server Error) @ http://localhost:5173/api/v1/alerts/rich:0
[   42305ms] [ERROR] [API 500] Request failed (500) @ http://localhost:5173/src/lib/api.ts:17
[   42306ms] [ERROR] Failed to load resource: the server responded with a status of 500 (Internal Server Error) @ http://localhost:5173/api/v1/alerts:0
[   42306ms] [ERROR] [API 500] Request failed (500) @ http://localhost:5173/src/lib/api.ts:17
[   43756ms] [ERROR] Failed to load resource: the server responded with a status of 500 (Internal Server Error) @ http://localhost:5173/api/v1/alerts:0
[   43756ms] [ERROR] [API 500] Request failed (500) @ http://localhost:5173/src/lib/api.ts:17
[   45787ms] [ERROR] Failed to load resource: the server responded with a status of 500 (Internal Server Error) @ http://localhost:5173/api/v1/alerts:0
[   45787ms] [ERROR] [API 500] Request failed (500) @ http://localhost:5173/src/lib/api.ts:17
[   50287ms] [ERROR] Failed to load resource: the server responded with a status of 500 (Internal Server Error) @ http://localhost:5173/api/v1/alerts:0
[   50287ms] [ERROR] [API 500] Request failed (500) @ http://localhost:5173/src/lib/api.ts:17
[   53038ms] [ERROR] Failed to load resource: the server responded with a status of 500 (Internal Server Error) @ http://localhost:5173/api/v1/interventions:0
[   53038ms] [ERROR] [API 500] Request failed (500) @ http://localhost:5173/src/lib/api.ts:17
[   54294ms] [ERROR] Failed to load resource: the server responded with a status of 500 (Internal Server Error) @ http://localhost:5173/api/v1/alerts/rich:0
[   54295ms] [ERROR] [API 500] Request failed (500) @ http://localhost:5173/src/lib/api.ts:17
[   54518ms] [ERROR] Failed to load resource: the server responded with a status of 500 (Internal Server Error) @ http://localhost:5173/api/v1/interventions:0
[   54518ms] [ERROR] [API 500] Request failed (500) @ http://localhost:5173/src/lib/api.ts:17
[   55724ms] [ERROR] Failed to load resource: the server responded with a status of 500 (Internal Server Error) @ http://localhost:5173/api/v1/alerts/rich:0
[   55724ms] [ERROR] [API 500] Request failed (500) @ http://localhost:5173/src/lib/api.ts:17
[   56537ms] [ERROR] Failed to load resource: the server responded with a status of 500 (Internal Server Error) @ http://localhost:5173/api/v1/interventions:0
[   56538ms] [ERROR] [API 500] Request failed (500) @ http://localhost:5173/src/lib/api.ts:17
[   57732ms] [ERROR] Failed to load resource: the server responded with a status of 500 (Internal Server Error) @ http://localhost:5173/api/v1/alerts/rich:0
[   57732ms] [ERROR] [API 500] Request failed (500) @ http://localhost:5173/src/lib/api.ts:17
[   60938ms] [ERROR] Failed to load resource: the server responded with a status of 500 (Internal Server Error) @ http://localhost:5173/api/v1/interventions:0
[   60939ms] [ERROR] [API 500] Request failed (500) @ http://localhost:5173/src/lib/api.ts:17
[   61948ms] [ERROR] Failed to load resource: the server responded with a status of 500 (Internal Server Error) @ http://localhost:5173/api/v1/interventions:0
[   61948ms] [ERROR] [API 500] Request failed (500) @ http://localhost:5173/src/lib/api.ts:17
[   61948ms] [ERROR] Failed to load resource: the server responded with a status of 500 (Internal Server Error) @ http://localhost:5173/api/v1/alerts/rich:0
[   61949ms] [ERROR] [API 500] Request failed (500) @ http://localhost:5173/src/lib/api.ts:17
[   61952ms] [ERROR] Failed to load resource: the server responded with a status of 500 (Internal Server Error) @ http://localhost:5173/api/v1/alerts:0
[   61952ms] [ERROR] [API 500] Request failed (500) @ http://localhost:5173/src/lib/api.ts:17
[   63076ms] [ERROR] Failed to load resource: the server responded with a status of 500 (Internal Server Error) @ http://localhost:5173/api/v1/alerts:0
[   63076ms] [ERROR] [API 500] Request failed (500) @ http://localhost:5173/src/lib/api.ts:17
[   63106ms] [ERROR] Failed to load resource: the server responded with a status of 500 (Internal Server Error) @ http://localhost:5173/api/v1/interventions:0
[   63106ms] [ERROR] [API 500] Request failed (500) @ http://localhost:5173/src/lib/api.ts:17
[   64734ms] [ERROR] WebSocket connection to 'ws://localhost:5173/ws/realtime' failed: Connection closed before receiving a handshake response @ http://localhost:5173/src/lib/websocket.ts:47
[   65172ms] [ERROR] Failed to load resource: the server responded with a status of 500 (Internal Server Error) @ http://localhost:5173/api/v1/interventions:0
[   65173ms] [ERROR] [API 500] Request failed (500) @ http://localhost:5173/src/lib/api.ts:17
[   65327ms] [ERROR] Failed to load resource: the server responded with a status of 500 (Internal Server Error) @ http://localhost:5173/api/v1/alerts:0
[   65327ms] [ERROR] [API 500] Request failed (500) @ http://localhost:5173/src/lib/api.ts:17
[   67486ms] [ERROR] Failed to load resource: the server responded with a status of 500 (Internal Server Error) @ http://localhost:5173/api/v1/dashboard/kpis:0
[   67487ms] [ERROR] [API 500] Request failed (500) @ http://localhost:5173/src/lib/api.ts:17
[   68442ms] [ERROR] Failed to load resource: the server responded with a status of 500 (Internal Server Error) @ http://localhost:5173/api/v1/dashboard/suggestions:0
[   68442ms] [ERROR] [API 500] Request failed (500) @ http://localhost:5173/src/lib/api.ts:17
[   68793ms] [ERROR] Failed to load resource: the server responded with a status of 500 (Internal Server Error) @ http://localhost:5173/api/v1/dashboard/kpis:0
[   68793ms] [ERROR] [API 500] Request failed (500) @ http://localhost:5173/src/lib/api.ts:17
[   69599ms] [ERROR] Failed to load resource: the server responded with a status of 500 (Internal Server Error) @ http://localhost:5173/api/v1/dashboard/suggestions:0
[   69600ms] [ERROR] [API 500] Request failed (500) @ http://localhost:5173/src/lib/api.ts:17
[   69630ms] [ERROR] Failed to load resource: the server responded with a status of 500 (Internal Server Error) @ http://localhost:5173/api/v1/interventions:0
[   69630ms] [ERROR] [API 500] Request failed (500) @ http://localhost:5173/src/lib/api.ts:17
[   69634ms] [ERROR] Failed to load resource: the server responded with a status of 500 (Internal Server Error) @ http://localhost:5173/api/v1/alerts:0
[   69634ms] [ERROR] [API 500] Request failed (500) @ http://localhost:5173/src/lib/api.ts:17
[   71032ms] [ERROR] Failed to load resource: the server responded with a status of 500 (Internal Server Error) @ http://localhost:5173/api/v1/dashboard/kpis:0
[   71033ms] [ERROR] [API 500] Request failed (500) @ http://localhost:5173/src/lib/api.ts:17
[   71637ms] [ERROR] Failed to load resource: the server responded with a status of 500 (Internal Server Error) @ http://localhost:5173/api/v1/interventions:0
[   71637ms] [ERROR] [API 500] Request failed (500) @ http://localhost:5173/src/lib/api.ts:17
[   71719ms] [ERROR] Failed to load resource: the server responded with a status of 500 (Internal Server Error) @ http://localhost:5173/api/v1/dashboard/suggestions:0
[   71719ms] [ERROR] [API 500] Request failed (500) @ http://localhost:5173/src/lib/api.ts:17
[   72995ms] [ERROR] Failed to load resource: the server responded with a status of 500 (Internal Server Error) @ http://localhost:5173/api/v1/interventions:0
[   72995ms] [ERROR] [API 500] Request failed (500) @ http://localhost:5173/src/lib/api.ts:17
[   75213ms] [ERROR] Failed to load resource: the server responded with a status of 500 (Internal Server Error) @ http://localhost:5173/api/v1/dashboard/kpis:0
[   75214ms] [ERROR] [API 500] Request failed (500) @ http://localhost:5173/src/lib/api.ts:17
[   75234ms] [ERROR] Failed to load resource: the server responded with a status of 500 (Internal Server Error) @ http://localhost:5173/api/v1/interventions:0
[   75234ms] [ERROR] [API 500] Request failed (500) @ http://localhost:5173/src/lib/api.ts:17
[   75725ms] [ERROR] Failed to load resource: the server responded with a status of 500 (Internal Server Error) @ http://localhost:5173/api/v1/dashboard/suggestions:0
[   75726ms] [ERROR] [API 500] Request failed (500) @ http://localhost:5173/src/lib/api.ts:17
[   76223ms] [ERROR] Failed to load resource: the server responded with a status of 500 (Internal Server Error) @ http://localhost:5173/api/v1/dashboard/kpis:0
[   76223ms] [ERROR] [API 500] Request failed (500) @ http://localhost:5173/src/lib/api.ts:17
[   76730ms] [ERROR] Failed to load resource: the server responded with a status of 500 (Internal Server Error) @ http://localhost:5173/api/v1/dashboard/suggestions:0
[   76730ms] [ERROR] [API 500] Request failed (500) @ http://localhost:5173/src/lib/api.ts:17
[   77598ms] [ERROR] Failed to load resource: the server responded with a status of 500 (Internal Server Error) @ http://localhost:5173/api/v1/dashboard/kpis:0
[   77598ms] [ERROR] [API 500] Request failed (500) @ http://localhost:5173/src/lib/api.ts:17
[   77904ms] [ERROR] Failed to load resource: the server responded with a status of 500 (Internal Server Error) @ http://localhost:5173/api/v1/dashboard/suggestions:0
[   77904ms] [ERROR] [API 500] Request failed (500) @ http://localhost:5173/src/lib/api.ts:17
[   79424ms] [ERROR] Failed to load resource: the server responded with a status of 500 (Internal Server Error) @ http://localhost:5173/api/v1/interventions:0
[   79424ms] [ERROR] [API 500] Request failed (500) @ http://localhost:5173/src/lib/api.ts:17
[   80006ms] [ERROR] Failed to load resource: the server responded with a status of 500 (Internal Server Error) @ http://localhost:5173/api/v1/dashboard/suggestions:0
[   80006ms] [ERROR] [API 500] Request failed (500) @ http://localhost:5173/src/lib/api.ts:17
[   80087ms] [ERROR] Failed to load resource: the server responded with a status of 500 (Internal Server Error) @ http://localhost:5173/api/v1/dashboard/kpis:0
[   80088ms] [ERROR] [API 500] Request failed (500) @ http://localhost:5173/src/lib/api.ts:17
[   83431ms] [ERROR] Failed to load resource: the server responded with a status of 500 (Internal Server Error) @ http://localhost:5173/api/v1/interventions:0
[   83431ms] [ERROR] [API 500] Request failed (500) @ http://localhost:5173/src/lib/api.ts:17
[   84375ms] [ERROR] Failed to load resource: the server responded with a status of 500 (Internal Server Error) @ http://localhost:5173/api/v1/dashboard/kpis:0
[   84376ms] [ERROR] [API 500] Request failed (500) @ http://localhost:5173/src/lib/api.ts:17
[   84434ms] [ERROR] Failed to load resource: the server responded with a status of 500 (Internal Server Error) @ http://localhost:5173/api/v1/dashboard/suggestions:0
[   84434ms] [ERROR] [API 500] Request failed (500) @ http://localhost:5173/src/lib/api.ts:17
[   84653ms] [ERROR] Failed to load resource: the server responded with a status of 500 (Internal Server Error) @ http://localhost:5173/api/v1/alerts/rich:0
[   84653ms] [ERROR] [API 500] Request failed (500) @ http://localhost:5173/src/lib/api.ts:17
[   84907ms] [ERROR] Failed to load resource: the server responded with a status of 500 (Internal Server Error) @ http://localhost:5173/api/v1/interventions:0
[   84907ms] [ERROR] [API 500] Request failed (500) @ http://localhost:5173/src/lib/api.ts:17
[   85848ms] [ERROR] Failed to load resource: the server responded with a status of 500 (Internal Server Error) @ http://localhost:5173/api/v1/alerts/rich:0
[   85848ms] [ERROR] [API 500] Request failed (500) @ http://localhost:5173/src/lib/api.ts:17
[   86383ms] [ERROR] Failed to load resource: the server responded with a status of 500 (Internal Server Error) @ http://localhost:5173/api/v1/dashboard/kpis:0
[   86383ms] [ERROR] [API 500] Request failed (500) @ http://localhost:5173/src/lib/api.ts:17
[   86442ms] [ERROR] Failed to load resource: the server responded with a status of 500 (Internal Server Error) @ http://localhost:5173/api/v1/dashboard/suggestions:0
[   86442ms] [ERROR] [API 500] Request failed (500) @ http://localhost:5173/src/lib/api.ts:17
[   86991ms] [ERROR] Failed to load resource: the server responded with a status of 500 (Internal Server Error) @ http://localhost:5173/api/v1/interventions:0
[   86992ms] [ERROR] [API 500] Request failed (500) @ http://localhost:5173/src/lib/api.ts:17
[   87684ms] [ERROR] Failed to load resource: the server responded with a status of 500 (Internal Server Error) @ http://localhost:5173/api/v1/dashboard/kpis:0
[   87684ms] [ERROR] [API 500] Request failed (500) @ http://localhost:5173/src/lib/api.ts:17
[   87709ms] [ERROR] Failed to load resource: the server responded with a status of 500 (Internal Server Error) @ http://localhost:5173/api/v1/dashboard/suggestions:0
[   87709ms] [ERROR] [API 500] Request failed (500) @ http://localhost:5173/src/lib/api.ts:17
[   88279ms] [ERROR] Failed to load resource: the server responded with a status of 500 (Internal Server Error) @ http://localhost:5173/api/v1/alerts/rich:0
[   88279ms] [ERROR] [API 500] Request failed (500) @ http://localhost:5173/src/lib/api.ts:17
[   89975ms] [ERROR] Failed to load resource: the server responded with a status of 500 (Internal Server Error) @ http://localhost:5173/api/v1/dashboard/suggestions:0
[   89975ms] [ERROR] [API 500] Request failed (500) @ http://localhost:5173/src/lib/api.ts:17
[   90045ms] [ERROR] Failed to load resource: the server responded with a status of 500 (Internal Server Error) @ http://localhost:5173/api/v1/dashboard/kpis:0
[   90046ms] [ERROR] [API 500] Request failed (500) @ http://localhost:5173/src/lib/api.ts:17
[   91052ms] [ERROR] Failed to load resource: the server responded with a status of 500 (Internal Server Error) @ http://localhost:5173/api/v1/interventions:0
[   91052ms] [ERROR] [API 500] Request failed (500) @ http://localhost:5173/src/lib/api.ts:17
[   92494ms] [ERROR] Failed to load resource: the server responded with a status of 500 (Internal Server Error) @ http://localhost:5173/api/v1/alerts/rich:0
[   92494ms] [ERROR] [API 500] Request failed (500) @ http://localhost:5173/src/lib/api.ts:17
[   92499ms] [ERROR] Failed to load resource: the server responded with a status of 500 (Internal Server Error) @ http://localhost:5173/api/v1/alerts:0
[   92499ms] [ERROR] [API 500] Request failed (500) @ http://localhost:5173/src/lib/api.ts:17
[   93531ms] [ERROR] Failed to load resource: the server responded with a status of 500 (Internal Server Error) @ http://localhost:5173/api/v1/alerts:0
[   93532ms] [ERROR] [API 500] Request failed (500) @ http://localhost:5173/src/lib/api.ts:17
[   94057ms] [ERROR] Failed to load resource: the server responded with a status of 500 (Internal Server Error) @ http://localhost:5173/api/v1/dashboard/suggestions:0
[   94057ms] [ERROR] [API 500] Request failed (500) @ http://localhost:5173/src/lib/api.ts:17
[   94431ms] [ERROR] Failed to load resource: the server responded with a status of 500 (Internal Server Error) @ http://localhost:5173/api/v1/dashboard/kpis:0
[   94431ms] [ERROR] [API 500] Request failed (500) @ http://localhost:5173/src/lib/api.ts:17
[   94752ms] [ERROR] WebSocket connection to 'ws://localhost:5173/ws/realtime' failed: Connection closed before receiving a handshake response @ http://localhost:5173/src/lib/websocket.ts:47
[   95639ms] [ERROR] Failed to load resource: the server responded with a status of 500 (Internal Server Error) @ http://localhost:5173/api/v1/alerts:0
[   95640ms] [ERROR] [API 500] Request failed (500) @ http://localhost:5173/src/lib/api.ts:17
[   98065ms] [ERROR] Failed to load resource: the server responded with a status of 500 (Internal Server Error) @ http://localhost:5173/api/v1/dashboard/suggestions:0
[   98065ms] [ERROR] [API 500] Request failed (500) @ http://localhost:5173/src/lib/api.ts:17
[   98440ms] [ERROR] Failed to load resource: the server responded with a status of 500 (Internal Server Error) @ http://localhost:5173/api/v1/dashboard/kpis:0
[   98440ms] [ERROR] [API 500] Request failed (500) @ http://localhost:5173/src/lib/api.ts:17
[   98597ms] [ERROR] Failed to load resource: the server responded with a status of 500 (Internal Server Error) @ http://localhost:5173/api/v1/stations:0
[   98598ms] [ERROR] [API 500] Request failed (500) @ http://localhost:5173/src/lib/api.ts:17
[   99459ms] [ERROR] Failed to load resource: the server responded with a status of 500 (Internal Server Error) @ http://localhost:5173/api/v1/dashboard/suggestions:0
[   99459ms] [ERROR] [API 500] Request failed (500) @ http://localhost:5173/src/lib/api.ts:17
[   99621ms] [ERROR] Failed to load resource: the server responded with a status of 500 (Internal Server Error) @ http://localhost:5173/api/v1/dashboard/kpis:0
[   99621ms] [ERROR] [API 500] Request failed (500) @ http://localhost:5173/src/lib/api.ts:17
[   99823ms] [ERROR] Failed to load resource: the server responded with a status of 500 (Internal Server Error) @ http://localhost:5173/api/v1/alerts:0
[   99823ms] [ERROR] [API 500] Request failed (500) @ http://localhost:5173/src/lib/api.ts:17
[   99988ms] [ERROR] Failed to load resource: the server responded with a status of 500 (Internal Server Error) @ http://localhost:5173/api/v1/stations:0
[   99989ms] [ERROR] [API 500] Request failed (500) @ http://localhost:5173/src/lib/api.ts:17
[  100829ms] [ERROR] Failed to load resource: the server responded with a status of 500 (Internal Server Error) @ http://localhost:5173/api/v1/alerts/rich:0
[  100830ms] [ERROR] [API 500] Request failed (500) @ http://localhost:5173/src/lib/api.ts:17
[  101627ms] [ERROR] Failed to load resource: the server responded with a status of 500 (Internal Server Error) @ http://localhost:5173/api/v1/dashboard/suggestions:0
[  101628ms] [ERROR] [API 500] Request failed (500) @ http://localhost:5173/src/lib/api.ts:17
[  102044ms] [ERROR] Failed to load resource: the server responded with a status of 500 (Internal Server Error) @ http://localhost:5173/api/v1/dashboard/kpis:0
[  102044ms] [ERROR] [API 500] Request failed (500) @ http://localhost:5173/src/lib/api.ts:17
[  102062ms] [ERROR] Failed to load resource: the server responded with a status of 500 (Internal Server Error) @ http://localhost:5173/api/v1/alerts/rich:0
[  102062ms] [ERROR] [API 500] Request failed (500) @ http://localhost:5173/src/lib/api.ts:17
[  102443ms] [ERROR] Failed to load resource: the server responded with a status of 500 (Internal Server Error) @ http://localhost:5173/api/v1/stations:0
[  102444ms] [ERROR] [API 500] Request failed (500) @ http://localhost:5173/src/lib/api.ts:17
[  104212ms] [ERROR] Failed to load resource: the server responded with a status of 500 (Internal Server Error) @ http://localhost:5173/api/v1/alerts/rich:0
[  104212ms] [ERROR] [API 500] Request failed (500) @ http://localhost:5173/src/lib/api.ts:17
[  105992ms] [ERROR] Failed to load resource: the server responded with a status of 500 (Internal Server Error) @ http://localhost:5173/api/v1/dashboard/suggestions:0
[  105993ms] [ERROR] [API 500] Request failed (500) @ http://localhost:5173/src/lib/api.ts:17
[  106060ms] [ERROR] Failed to load resource: the server responded with a status of 500 (Internal Server Error) @ http://localhost:5173/api/v1/interventions:0
[  106061ms] [ERROR] [API 500] Request failed (500) @ http://localhost:5173/src/lib/api.ts:17
[  106525ms] [ERROR] Failed to load resource: the server responded with a status of 500 (Internal Server Error) @ http://localhost:5173/api/v1/dashboard/kpis:0
[  106526ms] [ERROR] [API 500] Request failed (500) @ http://localhost:5173/src/lib/api.ts:17
[  106594ms] [ERROR] Failed to load resource: the server responded with a status of 500 (Internal Server Error) @ http://localhost:5173/api/v1/stations:0
[  106595ms] [ERROR] [API 500] Request failed (500) @ http://localhost:5173/src/lib/api.ts:17
[  107144ms] [ERROR] Failed to load resource: the server responded with a status of 500 (Internal Server Error) @ http://localhost:5173/api/v1/interventions:0
[  107145ms] [ERROR] [API 500] Request failed (500) @ http://localhost:5173/src/lib/api.ts:17
[  107600ms] [ERROR] Failed to load resource: the server responded with a status of 500 (Internal Server Error) @ http://localhost:5173/api/v1/stations:0
[  107601ms] [ERROR] [API 500] Request failed (500) @ http://localhost:5173/src/lib/api.ts:17
[  108492ms] [ERROR] Failed to load resource: the server responded with a status of 500 (Internal Server Error) @ http://localhost:5173/api/v1/alerts/rich:0
[  108492ms] [ERROR] [API 500] Request failed (500) @ http://localhost:5173/src/lib/api.ts:17
[  108497ms] [ERROR] Failed to load resource: the server responded with a status of 500 (Internal Server Error) @ http://localhost:5173/api/v1/alerts:0
[  108497ms] [ERROR] [API 500] Request failed (500) @ http://localhost:5173/src/lib/api.ts:17
[  108693ms] [ERROR] Failed to load resource: the server responded with a status of 500 (Internal Server Error) @ http://localhost:5173/api/v1/stations:0
[  108694ms] [ERROR] [API 500] Request failed (500) @ http://localhost:5173/src/lib/api.ts:17
[  109282ms] [ERROR] Failed to load resource: the server responded with a status of 500 (Internal Server Error) @ http://localhost:5173/api/v1/interventions:0
[  109283ms] [ERROR] [API 500] Request failed (500) @ http://localhost:5173/src/lib/api.ts:17
[  109760ms] [ERROR] Failed to load resource: the server responded with a status of 500 (Internal Server Error) @ http://localhost:5173/api/v1/alerts:0
[  109761ms] [ERROR] [API 500] Request failed (500) @ http://localhost:5173/src/lib/api.ts:17
[  111026ms] [ERROR] Failed to load resource: the server responded with a status of 500 (Internal Server Error) @ http://localhost:5173/api/v1/stations:0
[  111026ms] [ERROR] [API 500] Request failed (500) @ http://localhost:5173/src/lib/api.ts:17
[  111931ms] [ERROR] Failed to load resource: the server responded with a status of 500 (Internal Server Error) @ http://localhost:5173/api/v1/alerts:0
[  111932ms] [ERROR] [API 500] Request failed (500) @ http://localhost:5173/src/lib/api.ts:17
[  113525ms] [ERROR] Failed to load resource: the server responded with a status of 500 (Internal Server Error) @ http://localhost:5173/api/v1/interventions:0
[  113525ms] [ERROR] [API 500] Request failed (500) @ http://localhost:5173/src/lib/api.ts:17
[  114534ms] [ERROR] Failed to load resource: the server responded with a status of 500 (Internal Server Error) @ http://localhost:5173/api/v1/interventions:0
[  114535ms] [ERROR] [API 500] Request failed (500) @ http://localhost:5173/src/lib/api.ts:17
[  115191ms] [ERROR] Failed to load resource: the server responded with a status of 500 (Internal Server Error) @ http://localhost:5173/api/v1/stations:0
[  115192ms] [ERROR] [API 500] Request failed (500) @ http://localhost:5173/src/lib/api.ts:17
[  115842ms] [ERROR] Failed to load resource: the server responded with a status of 500 (Internal Server Error) @ http://localhost:5173/api/v1/interventions:0
[  115842ms] [ERROR] [API 500] Request failed (500) @ http://localhost:5173/src/lib/api.ts:17
[  116012ms] [ERROR] Failed to load resource: the server responded with a status of 500 (Internal Server Error) @ http://localhost:5173/api/v1/alerts:0
[  116013ms] [ERROR] [API 500] Request failed (500) @ http://localhost:5173/src/lib/api.ts:17
[  117199ms] [ERROR] Failed to load resource: the server responded with a status of 500 (Internal Server Error) @ http://localhost:5173/api/v1/stations:0
[  117200ms] [ERROR] [API 500] Request failed (500) @ http://localhost:5173/src/lib/api.ts:17
[  118020ms] [ERROR] Failed to load resource: the server responded with a status of 500 (Internal Server Error) @ http://localhost:5173/api/v1/alerts/rich:0
[  118021ms] [ERROR] [API 500] Request failed (500) @ http://localhost:5173/src/lib/api.ts:17
[  118081ms] [ERROR] Failed to load resource: the server responded with a status of 500 (Internal Server Error) @ http://localhost:5173/api/v1/interventions:0
[  118082ms] [ERROR] [API 500] Request failed (500) @ http://localhost:5173/src/lib/api.ts:17
[  118398ms] [ERROR] Failed to load resource: the server responded with a status of 500 (Internal Server Error) @ http://localhost:5173/api/v1/stations:0
[  118398ms] [ERROR] [API 500] Request failed (500) @ http://localhost:5173/src/lib/api.ts:17
[  119313ms] [ERROR] Failed to load resource: the server responded with a status of 500 (Internal Server Error) @ http://localhost:5173/api/v1/alerts/rich:0
[  119313ms] [ERROR] [API 500] Request failed (500) @ http://localhost:5173/src/lib/api.ts:17
[  120787ms] [ERROR] Failed to load resource: the server responded with a status of 500 (Internal Server Error) @ http://localhost:5173/api/v1/stations:0
[  120788ms] [ERROR] [API 500] Request failed (500) @ http://localhost:5173/src/lib/api.ts:17
[  121421ms] [ERROR] Failed to load resource: the server responded with a status of 500 (Internal Server Error) @ http://localhost:5173/api/v1/alerts/rich:0
[  121421ms] [ERROR] [API 500] Request failed (500) @ http://localhost:5173/src/lib/api.ts:17
[  122528ms] [ERROR] Failed to load resource: the server responded with a status of 500 (Internal Server Error) @ http://localhost:5173/api/v1/interventions:0
[  122528ms] [ERROR] [API 500] Request failed (500) @ http://localhost:5173/src/lib/api.ts:17
[  124536ms] [ERROR] Failed to load resource: the server responded with a status of 500 (Internal Server Error) @ http://localhost:5173/api/v1/interventions:0
[  124537ms] [ERROR] [API 500] Request failed (500) @ http://localhost:5173/src/lib/api.ts:17
[  124767ms] [ERROR] WebSocket connection to 'ws://localhost:5173/ws/realtime' failed: Connection closed before receiving a handshake response @ http://localhost:5173/src/lib/websocket.ts:47
[  125227ms] [ERROR] Failed to load resource: the server responded with a status of 500 (Internal Server Error) @ http://localhost:5173/api/v1/stations:0
[  125227ms] [ERROR] [API 500] Request failed (500) @ http://localhost:5173/src/lib/api.ts:17
[  125641ms] [ERROR] Failed to load resource: the server responded with a status of 500 (Internal Server Error) @ http://localhost:5173/api/v1/interventions:0
[  125641ms] [ERROR] [API 500] Request failed (500) @ http://localhost:5173/src/lib/api.ts:17
[  125778ms] [ERROR] Failed to load resource: the server responded with a status of 500 (Internal Server Error) @ http://localhost:5173/api/v1/alerts/rich:0
[  125778ms] [ERROR] [API 500] Request failed (500) @ http://localhost:5173/src/lib/api.ts:17
[  125780ms] [ERROR] Failed to load resource: the server responded with a status of 500 (Internal Server Error) @ http://localhost:5173/api/v1/alerts:0
[  125780ms] [ERROR] [API 500] Request failed (500) @ http://localhost:5173/src/lib/api.ts:17
[  127193ms] [ERROR] Failed to load resource: the server responded with a status of 500 (Internal Server Error) @ http://localhost:5173/api/v1/alerts:0
[  127193ms] [ERROR] [API 500] Request failed (500) @ http://localhost:5173/src/lib/api.ts:17
[  127679ms] [ERROR] Failed to load resource: the server responded with a status of 500 (Internal Server Error) @ http://localhost:5173/api/v1/interventions:0
[  127679ms] [ERROR] [API 500] Request failed (500) @ http://localhost:5173/src/lib/api.ts:17
[  129235ms] [ERROR] Failed to load resource: the server responded with a status of 500 (Internal Server Error) @ http://localhost:5173/api/v1/stations:0
[  129236ms] [ERROR] [API 500] Request failed (500) @ http://localhost:5173/src/lib/api.ts:17
[  129292ms] [ERROR] Failed to load resource: the server responded with a status of 500 (Internal Server Error) @ http://localhost:5173/api/v1/alerts:0
[  129292ms] [ERROR] [API 500] Request failed (500) @ http://localhost:5173/src/lib/api.ts:17
[  130443ms] [ERROR] Failed to load resource: the server responded with a status of 500 (Internal Server Error) @ http://localhost:5173/api/v1/stations:0
[  130444ms] [ERROR] [API 500] Request failed (500) @ http://localhost:5173/src/lib/api.ts:17
[  132184ms] [ERROR] Failed to load resource: the server responded with a status of 500 (Internal Server Error) @ http://localhost:5173/api/v1/interventions:0
[  132185ms] [ERROR] [API 500] Request failed (500) @ http://localhost:5173/src/lib/api.ts:17
[  132544ms] [ERROR] Failed to load resource: the server responded with a status of 500 (Internal Server Error) @ http://localhost:5173/api/v1/stations:0
[  132545ms] [ERROR] [API 500] Request failed (500) @ http://localhost:5173/src/lib/api.ts:17
[  133628ms] [ERROR] Failed to load resource: the server responded with a status of 500 (Internal Server Error) @ http://localhost:5173/api/v1/alerts:0
[  133629ms] [ERROR] [API 500] Request failed (500) @ http://localhost:5173/src/lib/api.ts:17
[  136002ms] [ERROR] Failed to load resource: the server responded with a status of 500 (Internal Server Error) @ http://localhost:5173/api/v1/dashboard/suggestions:0
[  136002ms] [ERROR] [API 500] Request failed (500) @ http://localhost:5173/src/lib/api.ts:17
[  136192ms] [ERROR] Failed to load resource: the server responded with a status of 500 (Internal Server Error) @ http://localhost:5173/api/v1/interventions:0
[  136193ms] [ERROR] [API 500] Request failed (500) @ http://localhost:5173/src/lib/api.ts:17
[  136535ms] [ERROR] Failed to load resource: the server responded with a status of 500 (Internal Server Error) @ http://localhost:5173/api/v1/dashboard/kpis:0
[  136535ms] [ERROR] [API 500] Request failed (500) @ http://localhost:5173/src/lib/api.ts:17
[  136910ms] [ERROR] Failed to load resource: the server responded with a status of 500 (Internal Server Error) @ http://localhost:5173/api/v1/stations:0
[  136911ms] [ERROR] [API 500] Request failed (500) @ http://localhost:5173/src/lib/api.ts:17
[  137091ms] [ERROR] Failed to load resource: the server responded with a status of 500 (Internal Server Error) @ http://localhost:5173/api/v1/dashboard/suggestions:0
[  137092ms] [ERROR] [API 500] Request failed (500) @ http://localhost:5173/src/lib/api.ts:17
[  137544ms] [ERROR] Failed to load resource: the server responded with a status of 500 (Internal Server Error) @ http://localhost:5173/api/v1/interventions:0
[  137545ms] [ERROR] [API 500] Request failed (500) @ http://localhost:5173/src/lib/api.ts:17
[  137585ms] [ERROR] Failed to load resource: the server responded with a status of 500 (Internal Server Error) @ http://localhost:5173/api/v1/dashboard/kpis:0
[  137585ms] [ERROR] [API 500] Request failed (500) @ http://localhost:5173/src/lib/api.ts:17
[  137634ms] [ERROR] Failed to load resource: the server responded with a status of 500 (Internal Server Error) @ http://localhost:5173/api/v1/alerts/rich:0
[  137634ms] [ERROR] [API 500] Request failed (500) @ http://localhost:5173/src/lib/api.ts:17
[  138762ms] [ERROR] Failed to load resource: the server responded with a status of 500 (Internal Server Error) @ http://localhost:5173/api/v1/alerts/rich:0
[  138763ms] [ERROR] [API 500] Request failed (500) @ http://localhost:5173/src/lib/api.ts:17
[  139563ms] [ERROR] Failed to load resource: the server responded with a status of 500 (Internal Server Error) @ http://localhost:5173/api/v1/dashboard/suggestions:0
[  139563ms] [ERROR] [API 500] Request failed (500) @ http://localhost:5173/src/lib/api.ts:17
[  139618ms] [ERROR] Failed to load resource: the server responded with a status of 500 (Internal Server Error) @ http://localhost:5173/api/v1/dashboard/kpis:0
[  139618ms] [ERROR] [API 500] Request failed (500) @ http://localhost:5173/src/lib/api.ts:17
[  139861ms] [ERROR] Failed to load resource: the server responded with a status of 500 (Internal Server Error) @ http://localhost:5173/api/v1/interventions:0
[  139861ms] [ERROR] [API 500] Request failed (500) @ http://localhost:5173/src/lib/api.ts:17
[  141084ms] [ERROR] Failed to load resource: the server responded with a status of 500 (Internal Server Error) @ http://localhost:5173/api/v1/alerts/rich:0
[  141085ms] [ERROR] [API 500] Request failed (500) @ http://localhost:5173/src/lib/api.ts:17
[  143629ms] [ERROR] Failed to load resource: the server responded with a status of 500 (Internal Server Error) @ http://localhost:5173/api/v1/dashboard/kpis:0
[  143629ms] [ERROR] [API 500] Request failed (500) @ http://localhost:5173/src/lib/api.ts:17
[  143915ms] [ERROR] Failed to load resource: the server responded with a status of 500 (Internal Server Error) @ http://localhost:5173/api/v1/interventions:0
[  143916ms] [ERROR] [API 500] Request failed (500) @ http://localhost:5173/src/lib/api.ts:17
[  143958ms] [ERROR] Failed to load resource: the server responded with a status of 500 (Internal Server Error) @ http://localhost:5173/api/v1/dashboard/suggestions:0
[  143959ms] [ERROR] [API 500] Request failed (500) @ http://localhost:5173/src/lib/api.ts:17
[  144639ms] [ERROR] Failed to load resource: the server responded with a status of 500 (Internal Server Error) @ http://localhost:5173/api/v1/dashboard/kpis:0
[  144639ms] [ERROR] [API 500] Request failed (500) @ http://localhost:5173/src/lib/api.ts:17
[  144967ms] [ERROR] Failed to load resource: the server responded with a status of 500 (Internal Server Error) @ http://localhost:5173/api/v1/dashboard/suggestions:0
[  144968ms] [ERROR] [API 500] Request failed (500) @ http://localhost:5173/src/lib/api.ts:17
[  145550ms] [ERROR] Failed to load resource: the server responded with a status of 500 (Internal Server Error) @ http://localhost:5173/api/v1/alerts/rich:0
[  145550ms] [ERROR] [API 500] Request failed (500) @ http://localhost:5173/src/lib/api.ts:17
[  145553ms] [ERROR] Failed to load resource: the server responded with a status of 500 (Internal Server Error) @ http://localhost:5173/api/v1/alerts:0
[  145554ms] [ERROR] [API 500] Request failed (500) @ http://localhost:5173/src/lib/api.ts:17
[  145774ms] [ERROR] Failed to load resource: the server responded with a status of 500 (Internal Server Error) @ http://localhost:5173/api/v1/dashboard/kpis:0
[  145774ms] [ERROR] [API 500] Request failed (500) @ http://localhost:5173/src/lib/api.ts:17
[  146427ms] [ERROR] Failed to load resource: the server responded with a status of 500 (Internal Server Error) @ http://localhost:5173/api/v1/dashboard/suggestions:0
[  146427ms] [ERROR] [API 500] Request failed (500) @ http://localhost:5173/src/lib/api.ts:17
[  146647ms] [ERROR] Failed to load resource: the server responded with a status of 500 (Internal Server Error) @ http://localhost:5173/api/v1/alerts:0
[  146648ms] [ERROR] [API 500] Request failed (500) @ http://localhost:5173/src/lib/api.ts:17
[  148222ms] [ERROR] Failed to load resource: the server responded with a status of 500 (Internal Server Error) @ http://localhost:5173/api/v1/dashboard/kpis:0
[  148222ms] [ERROR] [API 500] Request failed (500) @ http://localhost:5173/src/lib/api.ts:17
[  148528ms] [ERROR] Failed to load resource: the server responded with a status of 500 (Internal Server Error) @ http://localhost:5173/api/v1/dashboard/suggestions:0
[  148528ms] [ERROR] [API 500] Request failed (500) @ http://localhost:5173/src/lib/api.ts:17
[  148799ms] [ERROR] Failed to load resource: the server responded with a status of 500 (Internal Server Error) @ http://localhost:5173/api/v1/alerts:0
[  148799ms] [ERROR] [API 500] Request failed (500) @ http://localhost:5173/src/lib/api.ts:17
[  152556ms] [ERROR] Failed to load resource: the server responded with a status of 500 (Internal Server Error) @ http://localhost:5173/api/v1/dashboard/kpis:0
[  152556ms] [ERROR] [API 500] Request failed (500) @ http://localhost:5173/src/lib/api.ts:17
[  152642ms] [ERROR] Failed to load resource: the server responded with a status of 500 (Internal Server Error) @ http://localhost:5173/api/v1/dashboard/suggestions:0
[  152642ms] [ERROR] [API 500] Request failed (500) @ http://localhost:5173/src/lib/api.ts:17
[  153157ms] [ERROR] Failed to load resource: the server responded with a status of 500 (Internal Server Error) @ http://localhost:5173/api/v1/alerts:0
[  153158ms] [ERROR] [API 500] Request failed (500) @ http://localhost:5173/src/lib/api.ts:17
[  154564ms] [ERROR] Failed to load resource: the server responded with a status of 500 (Internal Server Error) @ http://localhost:5173/api/v1/dashboard/kpis:0
[  154564ms] [ERROR] [API 500] Request failed (500) @ http://localhost:5173/src/lib/api.ts:17
[  154650ms] [ERROR] Failed to load resource: the server responded with a status of 500 (Internal Server Error) @ http://localhost:5173/api/v1/dashboard/suggestions:0
[  154650ms] [ERROR] [API 500] Request failed (500) @ http://localhost:5173/src/lib/api.ts:17
[  154796ms] [ERROR] WebSocket connection to 'ws://localhost:5173/ws/realtime' failed: Connection closed before receiving a handshake response @ http://localhost:5173/src/lib/websocket.ts:47
[  155641ms] [ERROR] Failed to load resource: the server responded with a status of 500 (Internal Server Error) @ http://localhost:5173/api/v1/dashboard/kpis:0
[  155642ms] [ERROR] [API 500] Request failed (500) @ http://localhost:5173/src/lib/api.ts:17
[  155838ms] [ERROR] Failed to load resource: the server responded with a status of 500 (Internal Server Error) @ http://localhost:5173/api/v1/dashboard/suggestions:0
[  155838ms] [ERROR] [API 500] Request failed (500) @ http://localhost:5173/src/lib/api.ts:17
[  157812ms] [ERROR] Failed to load resource: the server responded with a status of 500 (Internal Server Error) @ http://localhost:5173/api/v1/dashboard/kpis:0
[  157813ms] [ERROR] [API 500] Request failed (500) @ http://localhost:5173/src/lib/api.ts:17
[  157933ms] [ERROR] Failed to load resource: the server responded with a status of 500 (Internal Server Error) @ http://localhost:5173/api/v1/dashboard/suggestions:0
[  157933ms] [ERROR] [API 500] Request failed (500) @ http://localhost:5173/src/lib/api.ts:17
[  158925ms] [ERROR] Failed to load resource: the server responded with a status of 500 (Internal Server Error) @ http://localhost:5173/api/v1/interventions:0
[  158926ms] [ERROR] [API 500] Request failed (500) @ http://localhost:5173/src/lib/api.ts:17
[  160169ms] [ERROR] Failed to load resource: the server responded with a status of 500 (Internal Server Error) @ http://localhost:5173/api/v1/interventions:0
[  160169ms] [ERROR] [API 500] Request failed (500) @ http://localhost:5173/src/lib/api.ts:17
[  162079ms] [ERROR] Failed to load resource: the server responded with a status of 500 (Internal Server Error) @ http://localhost:5173/api/v1/dashboard/suggestions:0
[  162079ms] [ERROR] [API 500] Request failed (500) @ http://localhost:5173/src/lib/api.ts:17
[  162176ms] [ERROR] Failed to load resource: the server responded with a status of 500 (Internal Server Error) @ http://localhost:5173/api/v1/dashboard/kpis:0
[  162177ms] [ERROR] [API 500] Request failed (500) @ http://localhost:5173/src/lib/api.ts:17
[  162361ms] [ERROR] Failed to load resource: the server responded with a status of 500 (Internal Server Error) @ http://localhost:5173/api/v1/interventions:0
[  162362ms] [ERROR] [API 500] Request failed (500) @ http://localhost:5173/src/lib/api.ts:17
[  166088ms] [ERROR] Failed to load resource: the server responded with a status of 500 (Internal Server Error) @ http://localhost:5173/api/v1/dashboard/suggestions:0
[  166089ms] [ERROR] [API 500] Request failed (500) @ http://localhost:5173/src/lib/api.ts:17
[  166185ms] [ERROR] Failed to load resource: the server responded with a status of 500 (Internal Server Error) @ http://localhost:5173/api/v1/dashboard/kpis:0
[  166185ms] [ERROR] [API 500] Request failed (500) @ http://localhost:5173/src/lib/api.ts:17
[  166570ms] [ERROR] Failed to load resource: the server responded with a status of 500 (Internal Server Error) @ http://localhost:5173/api/v1/interventions:0
[  166571ms] [ERROR] [API 500] Request failed (500) @ http://localhost:5173/src/lib/api.ts:17
[  167235ms] [ERROR] Failed to load resource: the server responded with a status of 500 (Internal Server Error) @ http://localhost:5173/api/v1/dashboard/kpis:0
[  167235ms] [ERROR] [API 500] Request failed (500) @ http://localhost:5173/src/lib/api.ts:17
[  167368ms] [ERROR] Failed to load resource: the server responded with a status of 500 (Internal Server Error) @ http://localhost:5173/api/v1/dashboard/suggestions:0
[  167368ms] [ERROR] [API 500] Request failed (500) @ http://localhost:5173/src/lib/api.ts:17
[  167578ms] [ERROR] Failed to load resource: the server responded with a status of 500 (Internal Server Error) @ http://localhost:5173/api/v1/interventions:0
[  167579ms] [ERROR] [API 500] Request failed (500) @ http://localhost:5173/src/lib/api.ts:17
[  168174ms] [ERROR] Failed to load resource: the server responded with a status of 500 (Internal Server Error) @ http://localhost:5173/api/v1/alerts/rich:0
[  168175ms] [ERROR] [API 500] Request failed (500) @ http://localhost:5173/src/lib/api.ts:17
[  168794ms] [ERROR] Failed to load resource: the server responded with a status of 500 (Internal Server Error) @ http://localhost:5173/api/v1/interventions:0
[  168794ms] [ERROR] [API 500] Request failed (500) @ http://localhost:5173/src/lib/api.ts:17
[  169253ms] [ERROR] Failed to load resource: the server responded with a status of 500 (Internal Server Error) @ http://localhost:5173/api/v1/dashboard/kpis:0
[  169254ms] [ERROR] [API 500] Request failed (500) @ http://localhost:5173/src/lib/api.ts:17
[  169521ms] [ERROR] Failed to load resource: the server responded with a status of 500 (Internal Server Error) @ http://localhost:5173/api/v1/alerts/rich:0
[  169521ms] [ERROR] [API 500] Request failed (500) @ http://localhost:5173/src/lib/api.ts:17
[  169745ms] [ERROR] Failed to load resource: the server responded with a status of 500 (Internal Server Error) @ http://localhost:5173/api/v1/dashboard/suggestions:0
[  169746ms] [ERROR] [API 500] Request failed (500) @ http://localhost:5173/src/lib/api.ts:17
[  170801ms] [ERROR] Failed to load resource: the server responded with a status of 500 (Internal Server Error) @ http://localhost:5173/api/v1/interventions:0
[  170801ms] [ERROR] [API 500] Request failed (500) @ http://localhost:5173/src/lib/api.ts:17
[  171755ms] [ERROR] Failed to load resource: the server responded with a status of 500 (Internal Server Error) @ http://localhost:5173/api/v1/alerts/rich:0
[  171755ms] [ERROR] [API 500] Request failed (500) @ http://localhost:5173/src/lib/api.ts:17
[  173338ms] [ERROR] Failed to load resource: the server responded with a status of 500 (Internal Server Error) @ http://localhost:5173/api/v1/dashboard/kpis:0
[  173338ms] [ERROR] [API 500] Request failed (500) @ http://localhost:5173/src/lib/api.ts:17
[  174205ms] [ERROR] Failed to load resource: the server responded with a status of 500 (Internal Server Error) @ http://localhost:5173/api/v1/dashboard/suggestions:0
[  174205ms] [ERROR] [API 500] Request failed (500) @ http://localhost:5173/src/lib/api.ts:17
[  174858ms] [ERROR] Failed to load resource: the server responded with a status of 500 (Internal Server Error) @ http://localhost:5173/api/v1/interventions:0
[  174859ms] [ERROR] [API 500] Request failed (500) @ http://localhost:5173/src/lib/api.ts:17
[  176245ms] [ERROR] Failed to load resource: the server responded with a status of 500 (Internal Server Error) @ http://localhost:5173/api/v1/alerts/rich:0
[  176246ms] [ERROR] [API 500] Request failed (500) @ http://localhost:5173/src/lib/api.ts:17
[  176250ms] [ERROR] Failed to load resource: the server responded with a status of 500 (Internal Server Error) @ http://localhost:5173/api/v1/alerts:0
[  176251ms] [ERROR] [API 500] Request failed (500) @ http://localhost:5173/src/lib/api.ts:17
[  176866ms] [ERROR] Failed to load resource: the server responded with a status of 500 (Internal Server Error) @ http://localhost:5173/api/v1/interventions:0
[  176866ms] [ERROR] [API 500] Request failed (500) @ http://localhost:5173/src/lib/api.ts:17
[  177579ms] [ERROR] Failed to load resource: the server responded with a status of 500 (Internal Server Error) @ http://localhost:5173/api/v1/alerts:0
[  177579ms] [ERROR] [API 500] Request failed (500) @ http://localhost:5173/src/lib/api.ts:17
[  178241ms] [ERROR] Failed to load resource: the server responded with a status of 500 (Internal Server Error) @ http://localhost:5173/api/v1/interventions:0
[  178241ms] [ERROR] [API 500] Request failed (500) @ http://localhost:5173/src/lib/api.ts:17
[  179761ms] [ERROR] Failed to load resource: the server responded with a status of 500 (Internal Server Error) @ http://localhost:5173/api/v1/alerts:0
[  179762ms] [ERROR] [API 500] Request failed (500) @ http://localhost:5173/src/lib/api.ts:17
[  180300ms] [ERROR] Failed to load resource: the server responded with a status of 500 (Internal Server Error) @ http://localhost:5173/api/v1/interventions:0
[  180300ms] [ERROR] [API 500] Request failed (500) @ http://localhost:5173/src/lib/api.ts:17
[  184249ms] [ERROR] Failed to load resource: the server responded with a status of 500 (Internal Server Error) @ http://localhost:5173/api/v1/alerts:0
[  184250ms] [ERROR] [API 500] Request failed (500) @ http://localhost:5173/src/lib/api.ts:17
[  184317ms] [ERROR] Failed to load resource: the server responded with a status of 500 (Internal Server Error) @ http://localhost:5173/api/v1/interventions:0
[  184318ms] [ERROR] [API 500] Request failed (500) @ http://localhost:5173/src/lib/api.ts:17
[  184828ms] [ERROR] WebSocket connection to 'ws://localhost:5173/ws/realtime' failed: Connection closed before receiving a handshake response @ http://localhost:5173/src/lib/websocket.ts:47
[  185258ms] [ERROR] Failed to load resource: the server responded with a status of 500 (Internal Server Error) @ http://localhost:5173/api/v1/alerts/rich:0
[  185258ms] [ERROR] [API 500] Request failed (500) @ http://localhost:5173/src/lib/api.ts:17
[  186629ms] [ERROR] Failed to load resource: the server responded with a status of 500 (Internal Server Error) @ http://localhost:5173/api/v1/alerts/rich:0
[  186629ms] [ERROR] [API 500] Request failed (500) @ http://localhost:5173/src/lib/api.ts:17
[  188327ms] [ERROR] Failed to load resource: the server responded with a status of 500 (Internal Server Error) @ http://localhost:5173/api/v1/interventions:0
[  188328ms] [ERROR] [API 500] Request failed (500) @ http://localhost:5173/src/lib/api.ts:17
[  189092ms] [ERROR] Failed to load resource: the server responded with a status of 500 (Internal Server Error) @ http://localhost:5173/api/v1/alerts/rich:0
[  189092ms] [ERROR] [API 500] Request failed (500) @ http://localhost:5173/src/lib/api.ts:17
[  189674ms] [ERROR] Failed to load resource: the server responded with a status of 500 (Internal Server Error) @ http://localhost:5173/api/v1/interventions:0
[  189675ms] [ERROR] [API 500] Request failed (500) @ http://localhost:5173/src/lib/api.ts:17
[  191832ms] [ERROR] Failed to load resource: the server responded with a status of 500 (Internal Server Error) @ http://localhost:5173/api/v1/interventions:0
[  191833ms] [ERROR] [API 500] Request failed (500) @ http://localhost:5173/src/lib/api.ts:17
[  193588ms] [ERROR] Failed to load resource: the server responded with a status of 500 (Internal Server Error) @ http://localhost:5173/api/v1/alerts/rich:0
[  193589ms] [ERROR] [API 500] Request failed (500) @ http://localhost:5173/src/lib/api.ts:17
[  193593ms] [ERROR] Failed to load resource: the server responded with a status of 500 (Internal Server Error) @ http://localhost:5173/api/v1/alerts:0
[  193594ms] [ERROR] [API 500] Request failed (500) @ http://localhost:5173/src/lib/api.ts:17
[  194662ms] [ERROR] Failed to load resource: the server responded with a status of 500 (Internal Server Error) @ http://localhost:5173/api/v1/alerts:0
[  194663ms] [ERROR] [API 500] Request failed (500) @ http://localhost:5173/src/lib/api.ts:17
[  196330ms] [ERROR] Failed to load resource: the server responded with a status of 500 (Internal Server Error) @ http://localhost:5173/api/v1/interventions:0
[  196330ms] [ERROR] [API 500] Request failed (500) @ http://localhost:5173/src/lib/api.ts:17
[  196920ms] [ERROR] Failed to load resource: the server responded with a status of 500 (Internal Server Error) @ http://localhost:5173/api/v1/stations:0
[  196921ms] [ERROR] [API 500] Request failed (500) @ http://localhost:5173/src/lib/api.ts:17
[  197080ms] [ERROR] Failed to load resource: the server responded with a status of 500 (Internal Server Error) @ http://localhost:5173/api/v1/alerts:0
[  197081ms] [ERROR] [API 500] Request failed (500) @ http://localhost:5173/src/lib/api.ts:17
[  198318ms] [ERROR] Failed to load resource: the server responded with a status of 500 (Internal Server Error) @ http://localhost:5173/api/v1/stations:0
[  198319ms] [ERROR] [API 500] Request failed (500) @ http://localhost:5173/src/lib/api.ts:17
[  200705ms] [ERROR] Failed to load resource: the server responded with a status of 500 (Internal Server Error) @ http://localhost:5173/api/v1/stations:0
[  200705ms] [ERROR] [API 500] Request failed (500) @ http://localhost:5173/src/lib/api.ts:17
[  201286ms] [ERROR] Failed to load resource: the server responded with a status of 500 (Internal Server Error) @ http://localhost:5173/api/v1/alerts:0
[  201287ms] [ERROR] [API 500] Request failed (500) @ http://localhost:5173/src/lib/api.ts:17
[  203294ms] [ERROR] Failed to load resource: the server responded with a status of 500 (Internal Server Error) @ http://localhost:5173/api/v1/alerts/rich:0
[  203294ms] [ERROR] [API 500] Request failed (500) @ http://localhost:5173/src/lib/api.ts:17
[  203346ms] [ERROR] Failed to load resource: the server responded with a status of 500 (Internal Server Error) @ http://localhost:5173/api/v1/dashboard/kpis:0
[  203346ms] [ERROR] [API 500] Request failed (500) @ http://localhost:5173/src/lib/api.ts:17
[  204212ms] [ERROR] Failed to load resource: the server responded with a status of 500 (Internal Server Error) @ http://localhost:5173/api/v1/dashboard/suggestions:0
[  204213ms] [ERROR] [API 500] Request failed (500) @ http://localhost:5173/src/lib/api.ts:17
[  204513ms] [ERROR] Failed to load resource: the server responded with a status of 500 (Internal Server Error) @ http://localhost:5173/api/v1/alerts/rich:0
[  204514ms] [ERROR] [API 500] Request failed (500) @ http://localhost:5173/src/lib/api.ts:17
[  204524ms] [ERROR] Failed to load resource: the server responded with a status of 500 (Internal Server Error) @ http://localhost:5173/api/v1/dashboard/kpis:0
[  204524ms] [ERROR] [API 500] Request failed (500) @ http://localhost:5173/src/lib/api.ts:17
[  205096ms] [ERROR] Failed to load resource: the server responded with a status of 500 (Internal Server Error) @ http://localhost:5173/api/v1/stations:0
[  205096ms] [ERROR] [API 500] Request failed (500) @ http://localhost:5173/src/lib/api.ts:17
[  205303ms] [ERROR] Failed to load resource: the server responded with a status of 500 (Internal Server Error) @ http://localhost:5173/api/v1/dashboard/suggestions:0
[  205304ms] [ERROR] [API 500] Request failed (500) @ http://localhost:5173/src/lib/api.ts:17
[  206104ms] [ERROR] Failed to load resource: the server responded with a status of 500 (Internal Server Error) @ http://localhost:5173/api/v1/stations:0
[  206105ms] [ERROR] [API 500] Request failed (500) @ http://localhost:5173/src/lib/api.ts:17
[  206938ms] [ERROR] Failed to load resource: the server responded with a status of 500 (Internal Server Error) @ http://localhost:5173/api/v1/alerts/rich:0
[  206939ms] [ERROR] [API 500] Request failed (500) @ http://localhost:5173/src/lib/api.ts:17
[  206961ms] [ERROR] Failed to load resource: the server responded with a status of 500 (Internal Server Error) @ http://localhost:5173/api/v1/dashboard/kpis:0
[  206961ms] [ERROR] [API 500] Request failed (500) @ http://localhost:5173/src/lib/api.ts:17
[  207114ms] [ERROR] Failed to load resource: the server responded with a status of 500 (Internal Server Error) @ http://localhost:5173/api/v1/stations:0
[  207114ms] [ERROR] [API 500] Request failed (500) @ http://localhost:5173/src/lib/api.ts:17
[  207576ms] [ERROR] Failed to load resource: the server responded with a status of 500 (Internal Server Error) @ http://localhost:5173/api/v1/dashboard/suggestions:0
[  207577ms] [ERROR] [API 500] Request failed (500) @ http://localhost:5173/src/lib/api.ts:17
[  209609ms] [ERROR] Failed to load resource: the server responded with a status of 500 (Internal Server Error) @ http://localhost:5173/api/v1/stations:0
[  209609ms] [ERROR] [API 500] Request failed (500) @ http://localhost:5173/src/lib/api.ts:17
[  211058ms] [ERROR] Failed to load resource: the server responded with a status of 500 (Internal Server Error) @ http://localhost:5173/api/v1/dashboard/kpis:0
[  211059ms] [ERROR] [API 500] Request failed (500) @ http://localhost:5173/src/lib/api.ts:17
[  211144ms] [ERROR] Failed to load resource: the server responded with a status of 500 (Internal Server Error) @ http://localhost:5173/api/v1/alerts/rich:0
[  211145ms] [ERROR] [API 500] Request failed (500) @ http://localhost:5173/src/lib/api.ts:17
[  211150ms] [ERROR] Failed to load resource: the server responded with a status of 500 (Internal Server Error) @ http://localhost:5173/api/v1/alerts:0
[  211150ms] [ERROR] [API 500] Request failed (500) @ http://localhost:5173/src/lib/api.ts:17
[  211339ms] [ERROR] Failed to load resource: the server responded with a status of 500 (Internal Server Error) @ http://localhost:5173/api/v1/interventions:0
[  211340ms] [ERROR] [API 500] Request failed (500) @ http://localhost:5173/src/lib/api.ts:17
[  211907ms] [ERROR] Failed to load resource: the server responded with a status of 500 (Internal Server Error) @ http://localhost:5173/api/v1/dashboard/suggestions:0
[  211907ms] [ERROR] [API 500] Request failed (500) @ http://localhost:5173/src/lib/api.ts:17
[  212067ms] [ERROR] Failed to load resource: the server responded with a status of 500 (Internal Server Error) @ http://localhost:5173/api/v1/dashboard/kpis:0
[  212067ms] [ERROR] [API 500] Request failed (500) @ http://localhost:5173/src/lib/api.ts:17
[  212523ms] [ERROR] Failed to load resource: the server responded with a status of 500 (Internal Server Error) @ http://localhost:5173/api/v1/alerts:0
[  212524ms] [ERROR] [API 500] Request failed (500) @ http://localhost:5173/src/lib/api.ts:17
[  212599ms] [ERROR] Failed to load resource: the server responded with a status of 500 (Internal Server Error) @ http://localhost:5173/api/v1/interventions:0
[  212599ms] [ERROR] [API 500] Request failed (500) @ http://localhost:5173/src/lib/api.ts:17
[  212913ms] [ERROR] Failed to load resource: the server responded with a status of 500 (Internal Server Error) @ http://localhost:5173/api/v1/dashboard/suggestions:0
[  212913ms] [ERROR] [API 500] Request failed (500) @ http://localhost:5173/src/lib/api.ts:17
[  213512ms] [ERROR] Failed to load resource: the server responded with a status of 500 (Internal Server Error) @ http://localhost:5173/api/v1/dashboard/kpis:0
[  213513ms] [ERROR] [API 500] Request failed (500) @ http://localhost:5173/src/lib/api.ts:17
[  214008ms] [ERROR] Failed to load resource: the server responded with a status of 500 (Internal Server Error) @ http://localhost:5173/api/v1/dashboard/suggestions:0
[  214008ms] [ERROR] [API 500] Request failed (500) @ http://localhost:5173/src/lib/api.ts:17
[  214021ms] [ERROR] Failed to load resource: the server responded with a status of 500 (Internal Server Error) @ http://localhost:5173/api/v1/stations:0
[  214021ms] [ERROR] [API 500] Request failed (500) @ http://localhost:5173/src/lib/api.ts:17
[  214700ms] [ERROR] Failed to load resource: the server responded with a status of 500 (Internal Server Error) @ http://localhost:5173/api/v1/interventions:0
[  214700ms] [ERROR] [API 500] Request failed (500) @ http://localhost:5173/src/lib/api.ts:17
[  214837ms] [ERROR] WebSocket connection to 'ws://localhost:5173/ws/realtime' failed: Connection closed before receiving a handshake response @ http://localhost:5173/src/lib/websocket.ts:47
[  214931ms] [ERROR] Failed to load resource: the server responded with a status of 500 (Internal Server Error) @ http://localhost:5173/api/v1/alerts:0
[  214932ms] [ERROR] [API 500] Request failed (500) @ http://localhost:5173/src/lib/api.ts:17
[  215963ms] [ERROR] Failed to load resource: the server responded with a status of 500 (Internal Server Error) @ http://localhost:5173/api/v1/dashboard/kpis:0
[  215963ms] [ERROR] [API 500] Request failed (500) @ http://localhost:5173/src/lib/api.ts:17
[  216029ms] [ERROR] Failed to load resource: the server responded with a status of 500 (Internal Server Error) @ http://localhost:5173/api/v1/stations:0
[  216029ms] [ERROR] [API 500] Request failed (500) @ http://localhost:5173/src/lib/api.ts:17
[  216378ms] [ERROR] Failed to load resource: the server responded with a status of 500 (Internal Server Error) @ http://localhost:5173/api/v1/dashboard/suggestions:0
[  216379ms] [ERROR] [API 500] Request failed (500) @ http://localhost:5173/src/lib/api.ts:17
[  217062ms] [ERROR] Failed to load resource: the server responded with a status of 500 (Internal Server Error) @ http://localhost:5173/api/v1/stations:0
[  217063ms] [ERROR] [API 500] Request failed (500) @ http://localhost:5173/src/lib/api.ts:17
[  218808ms] [ERROR] Failed to load resource: the server responded with a status of 500 (Internal Server Error) @ http://localhost:5173/api/v1/interventions:0
[  218809ms] [ERROR] [API 500] Request failed (500) @ http://localhost:5173/src/lib/api.ts:17
[  219124ms] [ERROR] Failed to load resource: the server responded with a status of 500 (Internal Server Error) @ http://localhost:5173/api/v1/stations:0
[  219125ms] [ERROR] [API 500] Request failed (500) @ http://localhost:5173/src/lib/api.ts:17
[  219132ms] [ERROR] Failed to load resource: the server responded with a status of 500 (Internal Server Error) @ http://localhost:5173/api/v1/alerts:0
[  219133ms] [ERROR] [API 500] Request failed (500) @ http://localhost:5173/src/lib/api.ts:17
[  219815ms] [ERROR] Failed to load resource: the server responded with a status of 500 (Internal Server Error) @ http://localhost:5173/api/v1/interventions:0
[  219815ms] [ERROR] [API 500] Request failed (500) @ http://localhost:5173/src/lib/api.ts:17
[  220296ms] [ERROR] Failed to load resource: the server responded with a status of 500 (Internal Server Error) @ http://localhost:5173/api/v1/dashboard/kpis:0
[  220296ms] [ERROR] [API 500] Request failed (500) @ http://localhost:5173/src/lib/api.ts:17
[  220816ms] [ERROR] Failed to load resource: the server responded with a status of 500 (Internal Server Error) @ http://localhost:5173/api/v1/dashboard/suggestions:0
[  220816ms] [ERROR] [API 500] Request failed (500) @ http://localhost:5173/src/lib/api.ts:17
[  221310ms] [ERROR] Failed to load resource: the server responded with a status of 500 (Internal Server Error) @ http://localhost:5173/api/v1/interventions:0
[  221311ms] [ERROR] [API 500] Request failed (500) @ http://localhost:5173/src/lib/api.ts:17
[  222304ms] [ERROR] Failed to load resource: the server responded with a status of 500 (Internal Server Error) @ http://localhost:5173/api/v1/dashboard/kpis:0
[  222304ms] [ERROR] [API 500] Request failed (500) @ http://localhost:5173/src/lib/api.ts:17
[  222824ms] [ERROR] Failed to load resource: the server responded with a status of 500 (Internal Server Error) @ http://localhost:5173/api/v1/dashboard/suggestions:0
[  222825ms] [ERROR] [API 500] Request failed (500) @ http://localhost:5173/src/lib/api.ts:17
[  223141ms] [ERROR] Failed to load resource: the server responded with a status of 500 (Internal Server Error) @ http://localhost:5173/api/v1/alerts/rich:0
[  223142ms] [ERROR] [API 500] Request failed (500) @ http://localhost:5173/src/lib/api.ts:17
[  223355ms] [ERROR] Failed to load resource: the server responded with a status of 500 (Internal Server Error) @ http://localhost:5173/api/v1/dashboard/kpis:0
[  223356ms] [ERROR] [API 500] Request failed (500) @ http://localhost:5173/src/lib/api.ts:17
[  223568ms] [ERROR] Failed to load resource: the server responded with a status of 500 (Internal Server Error) @ http://localhost:5173/api/v1/stations:0
[  223568ms] [ERROR] [API 500] Request failed (500) @ http://localhost:5173/src/lib/api.ts:17
[  223698ms] [ERROR] Failed to load resource: the server responded with a status of 500 (Internal Server Error) @ http://localhost:5173/api/v1/interventions:0
[  223698ms] [ERROR] [API 500] Request failed (500) @ http://localhost:5173/src/lib/api.ts:17
[  224192ms] [ERROR] Failed to load resource: the server responded with a status of 500 (Internal Server Error) @ http://localhost:5173/api/v1/dashboard/suggestions:0
[  224192ms] [ERROR] [API 500] Request failed (500) @ http://localhost:5173/src/lib/api.ts:17
[  224627ms] [ERROR] Failed to load resource: the server responded with a status of 500 (Internal Server Error) @ http://localhost:5173/api/v1/alerts/rich:0
[  224627ms] [ERROR] [API 500] Request failed (500) @ http://localhost:5173/src/lib/api.ts:17
[  225405ms] [ERROR] Failed to load resource: the server responded with a status of 500 (Internal Server Error) @ http://localhost:5173/api/v1/dashboard/kpis:0
[  225405ms] [ERROR] [API 500] Request failed (500) @ http://localhost:5173/src/lib/api.ts:17
[  226508ms] [ERROR] Failed to load resource: the server responded with a status of 500 (Internal Server Error) @ http://localhost:5173/api/v1/dashboard/suggestions:0
[  226509ms] [ERROR] [API 500] Request failed (500) @ http://localhost:5173/src/lib/api.ts:17
[  226789ms] [ERROR] Failed to load resource: the server responded with a status of 500 (Internal Server Error) @ http://localhost:5173/api/v1/alerts/rich:0
[  226789ms] [ERROR] [API 500] Request failed (500) @ http://localhost:5173/src/lib/api.ts:17
[  227578ms] [ERROR] Failed to load resource: the server responded with a status of 500 (Internal Server Error) @ http://localhost:5173/api/v1/stations:0
[  227578ms] [ERROR] [API 500] Request failed (500) @ http://localhost:5173/src/lib/api.ts:17
[  227813ms] [ERROR] Failed to load resource: the server responded with a status of 500 (Internal Server Error) @ http://localhost:5173/api/v1/interventions:0
[  227814ms] [ERROR] [API 500] Request failed (500) @ http://localhost:5173/src/lib/api.ts:17
[  228745ms] [ERROR] Failed to load resource: the server responded with a status of 500 (Internal Server Error) @ http://localhost:5173/api/v1/stations:0
[  228745ms] [ERROR] [API 500] Request failed (500) @ http://localhost:5173/src/lib/api.ts:17
[  229497ms] [ERROR] Failed to load resource: the server responded with a status of 500 (Internal Server Error) @ http://localhost:5173/api/v1/dashboard/kpis:0
[  229497ms] [ERROR] [API 500] Request failed (500) @ http://localhost:5173/src/lib/api.ts:17
[  229821ms] [ERROR] Failed to load resource: the server responded with a status of 500 (Internal Server Error) @ http://localhost:5173/api/v1/interventions:0
[  229822ms] [ERROR] [API 500] Request failed (500) @ http://localhost:5173/src/lib/api.ts:17
[  230700ms] [ERROR] Failed to load resource: the server responded with a status of 500 (Internal Server Error) @ http://localhost:5173/api/v1/dashboard/suggestions:0
[  230701ms] [ERROR] [API 500] Request failed (500) @ http://localhost:5173/src/lib/api.ts:17
[  231043ms] [ERROR] Failed to load resource: the server responded with a status of 500 (Internal Server Error) @ http://localhost:5173/api/v1/interventions:0
[  231043ms] [ERROR] [API 500] Request failed (500) @ http://localhost:5173/src/lib/api.ts:17
[  231142ms] [ERROR] Failed to load resource: the server responded with a status of 500 (Internal Server Error) @ http://localhost:5173/api/v1/stations:0
[  231143ms] [ERROR] [API 500] Request failed (500) @ http://localhost:5173/src/lib/api.ts:17
[  231194ms] [ERROR] Failed to load resource: the server responded with a status of 500 (Internal Server Error) @ http://localhost:5173/api/v1/alerts/rich:0
[  231194ms] [ERROR] [API 500] Request failed (500) @ http://localhost:5173/src/lib/api.ts:17
[  231199ms] [ERROR] Failed to load resource: the server responded with a status of 500 (Internal Server Error) @ http://localhost:5173/api/v1/alerts:0
[  231200ms] [ERROR] [API 500] Request failed (500) @ http://localhost:5173/src/lib/api.ts:17
[  232513ms] [ERROR] Failed to load resource: the server responded with a status of 500 (Internal Server Error) @ http://localhost:5173/api/v1/alerts:0
[  232513ms] [ERROR] [API 500] Request failed (500) @ http://localhost:5173/src/lib/api.ts:17
[  233148ms] [ERROR] Failed to load resource: the server responded with a status of 500 (Internal Server Error) @ http://localhost:5173/api/v1/interventions:0
[  233148ms] [ERROR] [API 500] Request failed (500) @ http://localhost:5173/src/lib/api.ts:17
[  233503ms] [ERROR] Failed to load resource: the server responded with a status of 500 (Internal Server Error) @ http://localhost:5173/api/v1/dashboard/kpis:0
[  233503ms] [ERROR] [API 500] Request failed (500) @ http://localhost:5173/src/lib/api.ts:17
[  234581ms] [ERROR] Failed to load resource: the server responded with a status of 500 (Internal Server Error) @ http://localhost:5173/api/v1/dashboard/kpis:0
[  234582ms] [ERROR] [API 500] Request failed (500) @ http://localhost:5173/src/lib/api.ts:17
[  234690ms] [ERROR] Failed to load resource: the server responded with a status of 500 (Internal Server Error) @ http://localhost:5173/api/v1/alerts:0
[  234690ms] [ERROR] [API 500] Request failed (500) @ http://localhost:5173/src/lib/api.ts:17
[  234709ms] [ERROR] Failed to load resource: the server responded with a status of 500 (Internal Server Error) @ http://localhost:5173/api/v1/dashboard/suggestions:0
[  234710ms] [ERROR] [API 500] Request failed (500) @ http://localhost:5173/src/lib/api.ts:17
[  235192ms] [ERROR] Failed to load resource: the server responded with a status of 500 (Internal Server Error) @ http://localhost:5173/api/v1/stations:0
[  235192ms] [ERROR] [API 500] Request failed (500) @ http://localhost:5173/src/lib/api.ts:17
[  235864ms] [ERROR] Failed to load resource: the server responded with a status of 500 (Internal Server Error) @ http://localhost:5173/api/v1/dashboard/suggestions:0
[  235864ms] [ERROR] [API 500] Request failed (500) @ http://localhost:5173/src/lib/api.ts:17
[  236612ms] [ERROR] Failed to load resource: the server responded with a status of 500 (Internal Server Error) @ http://localhost:5173/api/v1/dashboard/kpis:0
[  236612ms] [ERROR] [API 500] Request failed (500) @ http://localhost:5173/src/lib/api.ts:17
[  237380ms] [ERROR] Failed to load resource: the server responded with a status of 500 (Internal Server Error) @ http://localhost:5173/api/v1/interventions:0
[  237381ms] [ERROR] [API 500] Request failed (500) @ http://localhost:5173/src/lib/api.ts:17
[  237908ms] [ERROR] Failed to load resource: the server responded with a status of 500 (Internal Server Error) @ http://localhost:5173/api/v1/dashboard/suggestions:0
[  237909ms] [ERROR] [API 500] Request failed (500) @ http://localhost:5173/src/lib/api.ts:17
[  238944ms] [ERROR] Failed to load resource: the server responded with a status of 500 (Internal Server Error) @ http://localhost:5173/api/v1/alerts:0
[  238944ms] [ERROR] [API 500] Request failed (500) @ http://localhost:5173/src/lib/api.ts:17
[  240856ms] [ERROR] Failed to load resource: the server responded with a status of 500 (Internal Server Error) @ http://localhost:5173/api/v1/dashboard/kpis:0
[  240856ms] [ERROR] [API 500] Request failed (500) @ http://localhost:5173/src/lib/api.ts:17
[  241389ms] [ERROR] Failed to load resource: the server responded with a status of 500 (Internal Server Error) @ http://localhost:5173/api/v1/interventions:0
[  241389ms] [ERROR] [API 500] Request failed (500) @ http://localhost:5173/src/lib/api.ts:17
[  241940ms] [ERROR] Failed to load resource: the server responded with a status of 500 (Internal Server Error) @ http://localhost:5173/api/v1/dashboard/suggestions:0
[  241940ms] [ERROR] [API 500] Request failed (500) @ http://localhost:5173/src/lib/api.ts:17
[  242629ms] [ERROR] Failed to load resource: the server responded with a status of 500 (Internal Server Error) @ http://localhost:5173/api/v1/interventions:0
[  242630ms] [ERROR] [API 500] Request failed (500) @ http://localhost:5173/src/lib/api.ts:17
[  244846ms] [ERROR] WebSocket connection to 'ws://localhost:5173/ws/realtime' failed: Connection closed before receiving a handshake response @ http://localhost:5173/src/lib/websocket.ts:47
[  245123ms] [ERROR] Failed to load resource: the server responded with a status of 500 (Internal Server Error) @ http://localhost:5173/api/v1/interventions:0
[  245124ms] [ERROR] [API 500] Request failed (500) @ http://localhost:5173/src/lib/api.ts:17
[  249239ms] [ERROR] Failed to load resource: the server responded with a status of 500 (Internal Server Error) @ http://localhost:5173/api/v1/interventions:0
[  249239ms] [ERROR] [API 500] Request failed (500) @ http://localhost:5173/src/lib/api.ts:17
[  253960ms] [ERROR] Failed to load resource: the server responded with a status of 500 (Internal Server Error) @ http://localhost:5173/api/v1/alerts/rich:0
[  253961ms] [ERROR] [API 500] Request failed (500) @ http://localhost:5173/src/lib/api.ts:17
[  255377ms] [ERROR] Failed to load resource: the server responded with a status of 500 (Internal Server Error) @ http://localhost:5173/api/v1/alerts/rich:0
[  255377ms] [ERROR] [API 500] Request failed (500) @ http://localhost:5173/src/lib/api.ts:17
[  257503ms] [ERROR] Failed to load resource: the server responded with a status of 500 (Internal Server Error) @ http://localhost:5173/api/v1/alerts/rich:0
[  257503ms] [ERROR] [API 500] Request failed (500) @ http://localhost:5173/src/lib/api.ts:17
[  261844ms] [ERROR] Failed to load resource: the server responded with a status of 500 (Internal Server Error) @ http://localhost:5173/api/v1/alerts/rich:0
[  261845ms] [ERROR] [API 500] Request failed (500) @ http://localhost:5173/src/lib/api.ts:17
[  261849ms] [ERROR] Failed to load resource: the server responded with a status of 500 (Internal Server Error) @ http://localhost:5173/api/v1/alerts:0
[  261849ms] [ERROR] [API 500] Request failed (500) @ http://localhost:5173/src/lib/api.ts:17
[  262996ms] [ERROR] Failed to load resource: the server responded with a status of 500 (Internal Server Error) @ http://localhost:5173/api/v1/alerts:0
[  262996ms] [ERROR] [API 500] Request failed (500) @ http://localhost:5173/src/lib/api.ts:17
[  264246ms] [ERROR] Failed to load resource: the server responded with a status of 500 (Internal Server Error) @ http://localhost:5173/api/v1/interventions:0
[  264246ms] [ERROR] [API 500] Request failed (500) @ http://localhost:5173/src/lib/api.ts:17
[  265017ms] [ERROR] Failed to load resource: the server responded with a status of 500 (Internal Server Error) @ http://localhost:5173/api/v1/alerts:0
[  265017ms] [ERROR] [API 500] Request failed (500) @ http://localhost:5173/src/lib/api.ts:17
[  265414ms] [ERROR] Failed to load resource: the server responded with a status of 500 (Internal Server Error) @ http://localhost:5173/api/v1/interventions:0
[  265414ms] [ERROR] [API 500] Request failed (500) @ http://localhost:5173/src/lib/api.ts:17
[  267896ms] [ERROR] Failed to load resource: the server responded with a status of 500 (Internal Server Error) @ http://localhost:5173/api/v1/interventions:0
[  267896ms] [ERROR] [API 500] Request failed (500) @ http://localhost:5173/src/lib/api.ts:17
[  269320ms] [ERROR] Failed to load resource: the server responded with a status of 500 (Internal Server Error) @ http://localhost:5173/api/v1/alerts:0
[  269321ms] [ERROR] [API 500] Request failed (500) @ http://localhost:5173/src/lib/api.ts:17
[  270327ms] [ERROR] Failed to load resource: the server responded with a status of 500 (Internal Server Error) @ http://localhost:5173/api/v1/alerts/rich:0
[  270328ms] [ERROR] [API 500] Request failed (500) @ http://localhost:5173/src/lib/api.ts:17
[  270861ms] [ERROR] Failed to load resource: the server responded with a status of 500 (Internal Server Error) @ http://localhost:5173/api/v1/dashboard/kpis:0
[  270861ms] [ERROR] [API 500] Request failed (500) @ http://localhost:5173/src/lib/api.ts:17
[  271422ms] [ERROR] Failed to load resource: the server responded with a status of 500 (Internal Server Error) @ http://localhost:5173/api/v1/alerts/rich:0
[  271422ms] [ERROR] [API 500] Request failed (500) @ http://localhost:5173/src/lib/api.ts:17
[  271937ms] [ERROR] Failed to load resource: the server responded with a status of 500 (Internal Server Error) @ http://localhost:5173/api/v1/interventions:0
[  271937ms] [ERROR] [API 500] Request failed (500) @ http://localhost:5173/src/lib/api.ts:17
[  271946ms] [ERROR] Failed to load resource: the server responded with a status of 500 (Internal Server Error) @ http://localhost:5173/api/v1/dashboard/suggestions:0
[  271947ms] [ERROR] [API 500] Request failed (500) @ http://localhost:5173/src/lib/api.ts:17
[  272306ms] [ERROR] Failed to load resource: the server responded with a status of 500 (Internal Server Error) @ http://localhost:5173/api/v1/dashboard/kpis:0
[  272306ms] [ERROR] [API 500] Request failed (500) @ http://localhost:5173/src/lib/api.ts:17
[  272942ms] [ERROR] Failed to load resource: the server responded with a status of 500 (Internal Server Error) @ http://localhost:5173/api/v1/interventions:0
[  272942ms] [ERROR] [API 500] Request failed (500) @ http://localhost:5173/src/lib/api.ts:17
[  272998ms] [ERROR] Failed to load resource: the server responded with a status of 500 (Internal Server Error) @ http://localhost:5173/api/v1/dashboard/suggestions:0
[  272998ms] [ERROR] [API 500] Request failed (500) @ http://localhost:5173/src/lib/api.ts:17
[  273899ms] [ERROR] Failed to load resource: the server responded with a status of 500 (Internal Server Error) @ http://localhost:5173/api/v1/alerts/rich:0
[  273900ms] [ERROR] [API 500] Request failed (500) @ http://localhost:5173/src/lib/api.ts:17
[  274245ms] [ERROR] Failed to load resource: the server responded with a status of 500 (Internal Server Error) @ http://localhost:5173/api/v1/interventions:0
[  274246ms] [ERROR] [API 500] Request failed (500) @ http://localhost:5173/src/lib/api.ts:17
[  274598ms] [ERROR] Failed to load resource: the server responded with a status of 500 (Internal Server Error) @ http://localhost:5173/api/v1/dashboard/kpis:0
[  274598ms] [ERROR] [API 500] Request failed (500) @ http://localhost:5173/src/lib/api.ts:17
[  274854ms] [ERROR] WebSocket connection to 'ws://localhost:5173/ws/realtime' failed: Connection closed before receiving a handshake response @ http://localhost:5173/src/lib/websocket.ts:47
[  275444ms] [ERROR] Failed to load resource: the server responded with a status of 500 (Internal Server Error) @ http://localhost:5173/api/v1/dashboard/suggestions:0
[  275445ms] [ERROR] [API 500] Request failed (500) @ http://localhost:5173/src/lib/api.ts:17
[  276540ms] [ERROR] Failed to load resource: the server responded with a status of 500 (Internal Server Error) @ http://localhost:5173/api/v1/interventions:0
[  276540ms] [ERROR] [API 500] Request failed (500) @ http://localhost:5173/src/lib/api.ts:17
[  278362ms] [ERROR] Failed to load resource: the server responded with a status of 500 (Internal Server Error) @ http://localhost:5173/api/v1/alerts/rich:0
[  278362ms] [ERROR] [API 500] Request failed (500) @ http://localhost:5173/src/lib/api.ts:17
[  278366ms] [ERROR] Failed to load resource: the server responded with a status of 500 (Internal Server Error) @ http://localhost:5173/api/v1/alerts:0
[  278366ms] [ERROR] [API 500] Request failed (500) @ http://localhost:5173/src/lib/api.ts:17
[  278762ms] [ERROR] Failed to load resource: the server responded with a status of 500 (Internal Server Error) @ http://localhost:5173/api/v1/dashboard/kpis:0
[  278763ms] [ERROR] [API 500] Request failed (500) @ http://localhost:5173/src/lib/api.ts:17
[  279670ms] [ERROR] Failed to load resource: the server responded with a status of 500 (Internal Server Error) @ http://localhost:5173/api/v1/dashboard/suggestions:0
[  279670ms] [ERROR] [API 500] Request failed (500) @ http://localhost:5173/src/lib/api.ts:17
[  279770ms] [ERROR] Failed to load resource: the server responded with a status of 500 (Internal Server Error) @ http://localhost:5173/api/v1/dashboard/kpis:0
[  279771ms] [ERROR] [API 500] Request failed (500) @ http://localhost:5173/src/lib/api.ts:17
[  279864ms] [ERROR] Failed to load resource: the server responded with a status of 500 (Internal Server Error) @ http://localhost:5173/api/v1/alerts:0
[  279864ms] [ERROR] [API 500] Request failed (500) @ http://localhost:5173/src/lib/api.ts:17
[  280680ms] [ERROR] Failed to load resource: the server responded with a status of 500 (Internal Server Error) @ http://localhost:5173/api/v1/dashboard/suggestions:0
[  280680ms] [ERROR] [API 500] Request failed (500) @ http://localhost:5173/src/lib/api.ts:17
[  280980ms] [ERROR] Failed to load resource: the server responded with a status of 500 (Internal Server Error) @ http://localhost:5173/api/v1/interventions:0
[  280980ms] [ERROR] [API 500] Request failed (500) @ http://localhost:5173/src/lib/api.ts:17
[  281085ms] [ERROR] Failed to load resource: the server responded with a status of 500 (Internal Server Error) @ http://localhost:5173/api/v1/dashboard/kpis:0
[  281086ms] [ERROR] [API 500] Request failed (500) @ http://localhost:5173/src/lib/api.ts:17
[  281900ms] [ERROR] Failed to load resource: the server responded with a status of 500 (Internal Server Error) @ http://localhost:5173/api/v1/alerts:0
[  281901ms] [ERROR] [API 500] Request failed (500) @ http://localhost:5173/src/lib/api.ts:17
[  282106ms] [ERROR] Failed to load resource: the server responded with a status of 500 (Internal Server Error) @ http://localhost:5173/api/v1/dashboard/suggestions:0
[  282106ms] [ERROR] [API 500] Request failed (500) @ http://localhost:5173/src/lib/api.ts:17
[  282988ms] [ERROR] Failed to load resource: the server responded with a status of 500 (Internal Server Error) @ http://localhost:5173/api/v1/interventions:0
[  282989ms] [ERROR] [API 500] Request failed (500) @ http://localhost:5173/src/lib/api.ts:17
[  283226ms] [ERROR] Failed to load resource: the server responded with a status of 500 (Internal Server Error) @ http://localhost:5173/api/v1/dashboard/kpis:0
[  283227ms] [ERROR] [API 500] Request failed (500) @ http://localhost:5173/src/lib/api.ts:17
[  284168ms] [ERROR] Failed to load resource: the server responded with a status of 500 (Internal Server Error) @ http://localhost:5173/api/v1/interventions:0
[  284169ms] [ERROR] [API 500] Request failed (500) @ http://localhost:5173/src/lib/api.ts:17
[  284398ms] [ERROR] Failed to load resource: the server responded with a status of 500 (Internal Server Error) @ http://localhost:5173/api/v1/dashboard/suggestions:0
[  284398ms] [ERROR] [API 500] Request failed (500) @ http://localhost:5173/src/lib/api.ts:17
[  286389ms] [ERROR] Failed to load resource: the server responded with a status of 500 (Internal Server Error) @ http://localhost:5173/api/v1/alerts:0
[  286389ms] [ERROR] [API 500] Request failed (500) @ http://localhost:5173/src/lib/api.ts:17
[  286392ms] [ERROR] Failed to load resource: the server responded with a status of 500 (Internal Server Error) @ http://localhost:5173/api/v1/interventions:0
[  286392ms] [ERROR] [API 500] Request failed (500) @ http://localhost:5173/src/lib/api.ts:17
[  287499ms] [ERROR] Failed to load resource: the server responded with a status of 500 (Internal Server Error) @ http://localhost:5173/api/v1/dashboard/kpis:0
[  287500ms] [ERROR] [API 500] Request failed (500) @ http://localhost:5173/src/lib/api.ts:17
[  288397ms] [ERROR] Failed to load resource: the server responded with a status of 500 (Internal Server Error) @ http://localhost:5173/api/v1/alerts/rich:0
[  288397ms] [ERROR] [API 500] Request failed (500) @ http://localhost:5173/src/lib/api.ts:17
[  288746ms] [ERROR] Failed to load resource: the server responded with a status of 500 (Internal Server Error) @ http://localhost:5173/api/v1/dashboard/suggestions:0
[  288747ms] [ERROR] [API 500] Request failed (500) @ http://localhost:5173/src/lib/api.ts:17
[  289509ms] [ERROR] Failed to load resource: the server responded with a status of 500 (Internal Server Error) @ http://localhost:5173/api/v1/dashboard/kpis:0
[  289509ms] [ERROR] [API 500] Request failed (500) @ http://localhost:5173/src/lib/api.ts:17
[  289682ms] [ERROR] Failed to load resource: the server responded with a status of 500 (Internal Server Error) @ http://localhost:5173/api/v1/alerts/rich:0
[  289683ms] [ERROR] [API 500] Request failed (500) @ http://localhost:5173/src/lib/api.ts:17
[  290721ms] [ERROR] Failed to load resource: the server responded with a status of 500 (Internal Server Error) @ http://localhost:5173/api/v1/interventions:0
[  290721ms] [ERROR] [API 500] Request failed (500) @ http://localhost:5173/src/lib/api.ts:17
[  290751ms] [ERROR] Failed to load resource: the server responded with a status of 500 (Internal Server Error) @ http://localhost:5173/api/v1/dashboard/suggestions:0
[  290751ms] [ERROR] [API 500] Request failed (500) @ http://localhost:5173/src/lib/api.ts:17
[  290948ms] [ERROR] Failed to load resource: the server responded with a status of 500 (Internal Server Error) @ http://localhost:5173/api/v1/dashboard/kpis:0
[  290949ms] [ERROR] [API 500] Request failed (500) @ http://localhost:5173/src/lib/api.ts:17
[  291728ms] [ERROR] Failed to load resource: the server responded with a status of 500 (Internal Server Error) @ http://localhost:5173/api/v1/alerts/rich:0
[  291728ms] [ERROR] [API 500] Request failed (500) @ http://localhost:5173/src/lib/api.ts:17
[  291979ms] [ERROR] Failed to load resource: the server responded with a status of 500 (Internal Server Error) @ http://localhost:5173/api/v1/dashboard/suggestions:0
[  291979ms] [ERROR] [API 500] Request failed (500) @ http://localhost:5173/src/lib/api.ts:17
[  293379ms] [ERROR] Failed to load resource: the server responded with a status of 500 (Internal Server Error) @ http://localhost:5173/api/v1/dashboard/kpis:0
[  293379ms] [ERROR] [API 500] Request failed (500) @ http://localhost:5173/src/lib/api.ts:17
[  294180ms] [ERROR] Failed to load resource: the server responded with a status of 500 (Internal Server Error) @ http://localhost:5173/api/v1/dashboard/suggestions:0
[  294181ms] [ERROR] [API 500] Request failed (500) @ http://localhost:5173/src/lib/api.ts:17
[  294730ms] [ERROR] Failed to load resource: the server responded with a status of 500 (Internal Server Error) @ http://localhost:5173/api/v1/interventions:0
[  294731ms] [ERROR] [API 500] Request failed (500) @ http://localhost:5173/src/lib/api.ts:17
[  295201ms] [ERROR] Failed to load resource: the server responded with a status of 500 (Internal Server Error) @ http://localhost:5173/api/v1/stations:0
[  295201ms] [ERROR] [API 500] Request failed (500) @ http://localhost:5173/src/lib/api.ts:17
[  295759ms] [ERROR] Failed to load resource: the server responded with a status of 500 (Internal Server Error) @ http://localhost:5173/api/v1/alerts/rich:0
[  295759ms] [ERROR] [API 500] Request failed (500) @ http://localhost:5173/src/lib/api.ts:17
[  295760ms] [ERROR] Failed to load resource: the server responded with a status of 500 (Internal Server Error) @ http://localhost:5173/api/v1/alerts:0
[  295760ms] [ERROR] [API 500] Request failed (500) @ http://localhost:5173/src/lib/api.ts:17
[  296234ms] [ERROR] Failed to load resource: the server responded with a status of 500 (Internal Server Error) @ http://localhost:5173/api/v1/interventions:0
[  296235ms] [ERROR] [API 500] Request failed (500) @ http://localhost:5173/src/lib/api.ts:17
[  296680ms] [ERROR] Failed to load resource: the server responded with a status of 500 (Internal Server Error) @ http://localhost:5173/api/v1/stations:0
[  296681ms] [ERROR] [API 500] Request failed (500) @ http://localhost:5173/src/lib/api.ts:17
[  296854ms] [ERROR] Failed to load resource: the server responded with a status of 500 (Internal Server Error) @ http://localhost:5173/api/v1/alerts:0
[  296854ms] [ERROR] [API 500] Request failed (500) @ http://localhost:5173/src/lib/api.ts:17
[  297517ms] [ERROR] Failed to load resource: the server responded with a status of 500 (Internal Server Error) @ http://localhost:5173/api/v1/dashboard/kpis:0
[  297517ms] [ERROR] [API 500] Request failed (500) @ http://localhost:5173/src/lib/api.ts:17
[  298517ms] [ERROR] Failed to load resource: the server responded with a status of 500 (Internal Server Error) @ http://localhost:5173/api/v1/interventions:0
[  298518ms] [ERROR] [API 500] Request failed (500) @ http://localhost:5173/src/lib/api.ts:17
[  298685ms] [ERROR] Failed to load resource: the server responded with a status of 500 (Internal Server Error) @ http://localhost:5173/api/v1/dashboard/suggestions:0
[  298686ms] [ERROR] [API 500] Request failed (500) @ http://localhost:5173/src/lib/api.ts:17
[  298874ms] [ERROR] Failed to load resource: the server responded with a status of 500 (Internal Server Error) @ http://localhost:5173/api/v1/alerts:0
[  298875ms] [ERROR] [API 500] Request failed (500) @ http://localhost:5173/src/lib/api.ts:17
[  299046ms] [ERROR] Failed to load resource: the server responded with a status of 500 (Internal Server Error) @ http://localhost:5173/api/v1/stations:0
[  299046ms] [ERROR] [API 500] Request failed (500) @ http://localhost:5173/src/lib/api.ts:17
[  301526ms] [ERROR] Failed to load resource: the server responded with a status of 500 (Internal Server Error) @ http://localhost:5173/api/v1/dashboard/kpis:0
[  301526ms] [ERROR] [API 500] Request failed (500) @ http://localhost:5173/src/lib/api.ts:17
[  302585ms] [ERROR] Failed to load resource: the server responded with a status of 500 (Internal Server Error) @ http://localhost:5173/api/v1/dashboard/kpis:0
[  302585ms] [ERROR] [API 500] Request failed (500) @ http://localhost:5173/src/lib/api.ts:17
[  302677ms] [ERROR] Failed to load resource: the server responded with a status of 500 (Internal Server Error) @ http://localhost:5173/api/v1/interventions:0
[  302677ms] [ERROR] [API 500] Request failed (500) @ http://localhost:5173/src/lib/api.ts:17
[  302691ms] [ERROR] Failed to load resource: the server responded with a status of 500 (Internal Server Error) @ http://localhost:5173/api/v1/dashboard/suggestions:0
[  302692ms] [ERROR] [API 500] Request failed (500) @ http://localhost:5173/src/lib/api.ts:17
[  303008ms] [ERROR] Failed to load resource: the server responded with a status of 500 (Internal Server Error) @ http://localhost:5173/api/v1/alerts:0
[  303008ms] [ERROR] [API 500] Request failed (500) @ http://localhost:5173/src/lib/api.ts:17
[  303484ms] [ERROR] Failed to load resource: the server responded with a status of 500 (Internal Server Error) @ http://localhost:5173/api/v1/stations:0
[  303485ms] [ERROR] [API 500] Request failed (500) @ http://localhost:5173/src/lib/api.ts:17
[  303790ms] [ERROR] Failed to load resource: the server responded with a status of 500 (Internal Server Error) @ http://localhost:5173/api/v1/dashboard/suggestions:0
[  303791ms] [ERROR] [API 500] Request failed (500) @ http://localhost:5173/src/lib/api.ts:17
[  304493ms] [ERROR] Failed to load resource: the server responded with a status of 500 (Internal Server Error) @ http://localhost:5173/api/v1/stations:0
[  304494ms] [ERROR] [API 500] Request failed (500) @ http://localhost:5173/src/lib/api.ts:17
[  304863ms] [ERROR] WebSocket connection to 'ws://localhost:5173/ws/realtime' failed: Connection closed before receiving a handshake response @ http://localhost:5173/src/lib/websocket.ts:47
[  304956ms] [ERROR] Failed to load resource: the server responded with a status of 500 (Internal Server Error) @ http://localhost:5173/api/v1/dashboard/kpis:0
[  304956ms] [ERROR] [API 500] Request failed (500) @ http://localhost:5173/src/lib/api.ts:17
[  305669ms] [ERROR] Failed to load resource: the server responded with a status of 500 (Internal Server Error) @ http://localhost:5173/api/v1/stations:0
[  305670ms] [ERROR] [API 500] Request failed (500) @ http://localhost:5173/src/lib/api.ts:17
[  306250ms] [ERROR] Failed to load resource: the server responded with a status of 500 (Internal Server Error) @ http://localhost:5173/api/v1/dashboard/suggestions:0
[  306250ms] [ERROR] [API 500] Request failed (500) @ http://localhost:5173/src/lib/api.ts:17
[  307017ms] [ERROR] Failed to load resource: the server responded with a status of 500 (Internal Server Error) @ http://localhost:5173/api/v1/alerts/rich:0
[  307017ms] [ERROR] [API 500] Request failed (500) @ http://localhost:5173/src/lib/api.ts:17
[  308060ms] [ERROR] Failed to load resource: the server responded with a status of 500 (Internal Server Error) @ http://localhost:5173/api/v1/stations:0
[  308060ms] [ERROR] [API 500] Request failed (500) @ http://localhost:5173/src/lib/api.ts:17
[  308490ms] [ERROR] Failed to load resource: the server responded with a status of 500 (Internal Server Error) @ http://localhost:5173/api/v1/alerts/rich:0
[  308491ms] [ERROR] [API 500] Request failed (500) @ http://localhost:5173/src/lib/api.ts:17
[  309032ms] [ERROR] Failed to load resource: the server responded with a status of 500 (Internal Server Error) @ http://localhost:5173/api/v1/dashboard/kpis:0
[  309032ms] [ERROR] [API 500] Request failed (500) @ http://localhost:5173/src/lib/api.ts:17
[  310387ms] [ERROR] Failed to load resource: the server responded with a status of 500 (Internal Server Error) @ http://localhost:5173/api/v1/dashboard/suggestions:0
[  310388ms] [ERROR] [API 500] Request failed (500) @ http://localhost:5173/src/lib/api.ts:17
[  310789ms] [ERROR] Failed to load resource: the server responded with a status of 500 (Internal Server Error) @ http://localhost:5173/api/v1/alerts/rich:0
[  310789ms] [ERROR] [API 500] Request failed (500) @ http://localhost:5173/src/lib/api.ts:17
[  312242ms] [ERROR] Failed to load resource: the server responded with a status of 500 (Internal Server Error) @ http://localhost:5173/api/v1/stations:0
[  312242ms] [ERROR] [API 500] Request failed (500) @ http://localhost:5173/src/lib/api.ts:17
[  314250ms] [ERROR] Failed to load resource: the server responded with a status of 500 (Internal Server Error) @ http://localhost:5173/api/v1/stations:0
[  314250ms] [ERROR] [API 500] Request failed (500) @ http://localhost:5173/src/lib/api.ts:17
[  314896ms] [ERROR] Failed to load resource: the server responded with a status of 500 (Internal Server Error) @ http://localhost:5173/api/v1/alerts/rich:0
[  314896ms] [ERROR] [API 500] Request failed (500) @ http://localhost:5173/src/lib/api.ts:17
[  314900ms] [ERROR] Failed to load resource: the server responded with a status of 500 (Internal Server Error) @ http://localhost:5173/api/v1/alerts:0
[  314901ms] [ERROR] [API 500] Request failed (500) @ http://localhost:5173/src/lib/api.ts:17
[  315387ms] [ERROR] Failed to load resource: the server responded with a status of 500 (Internal Server Error) @ http://localhost:5173/api/v1/stations:0
[  315388ms] [ERROR] [API 500] Request failed (500) @ http://localhost:5173/src/lib/api.ts:17
[  316029ms] [ERROR] Failed to load resource: the server responded with a status of 500 (Internal Server Error) @ http://localhost:5173/api/v1/alerts:0
[  316030ms] [ERROR] [API 500] Request failed (500) @ http://localhost:5173/src/lib/api.ts:17
[  317581ms] [ERROR] Failed to load resource: the server responded with a status of 500 (Internal Server Error) @ http://localhost:5173/api/v1/stations:0
[  317581ms] [ERROR] [API 500] Request failed (500) @ http://localhost:5173/src/lib/api.ts:17
[  317683ms] [ERROR] Failed to load resource: the server responded with a status of 500 (Internal Server Error) @ http://localhost:5173/api/v1/interventions:0
[  317683ms] [ERROR] [API 500] Request failed (500) @ http://localhost:5173/src/lib/api.ts:17
[  318314ms] [ERROR] Failed to load resource: the server responded with a status of 500 (Internal Server Error) @ http://localhost:5173/api/v1/alerts:0
[  318314ms] [ERROR] [API 500] Request failed (500) @ http://localhost:5173/src/lib/api.ts:17
[  319113ms] [ERROR] Failed to load resource: the server responded with a status of 500 (Internal Server Error) @ http://localhost:5173/api/v1/interventions:0
[  319114ms] [ERROR] [API 500] Request failed (500) @ http://localhost:5173/src/lib/api.ts:17
[  321266ms] [ERROR] Failed to load resource: the server responded with a status of 500 (Internal Server Error) @ http://localhost:5173/api/v1/interventions:0
[  321267ms] [ERROR] [API 500] Request failed (500) @ http://localhost:5173/src/lib/api.ts:17
[  321909ms] [ERROR] Failed to load resource: the server responded with a status of 500 (Internal Server Error) @ http://localhost:5173/api/v1/stations:0
[  321909ms] [ERROR] [API 500] Request failed (500) @ http://localhost:5173/src/lib/api.ts:17
[  322458ms] [ERROR] Failed to load resource: the server responded with a status of 500 (Internal Server Error) @ http://localhost:5173/api/v1/alerts:0
[  322458ms] [ERROR] [API 500] Request failed (500) @ http://localhost:5173/src/lib/api.ts:17
[  325681ms] [ERROR] Failed to load resource: the server responded with a status of 500 (Internal Server Error) @ http://localhost:5173/api/v1/interventions:0
[  325682ms] [ERROR] [API 500] Request failed (500) @ http://localhost:5173/src/lib/api.ts:17
[  325915ms] [ERROR] Failed to load resource: the server responded with a status of 500 (Internal Server Error) @ http://localhost:5173/api/v1/stations:0
[  325915ms] [ERROR] [API 500] Request failed (500) @ http://localhost:5173/src/lib/api.ts:17
[  326689ms] [ERROR] Failed to load resource: the server responded with a status of 500 (Internal Server Error) @ http://localhost:5173/api/v1/interventions:0
[  326689ms] [ERROR] [API 500] Request failed (500) @ http://localhost:5173/src/lib/api.ts:17
[  327341ms] [ERROR] Failed to load resource: the server responded with a status of 500 (Internal Server Error) @ http://localhost:5173/api/v1/stations:0
[  327341ms] [ERROR] [API 500] Request failed (500) @ http://localhost:5173/src/lib/api.ts:17
[  327707ms] [ERROR] Failed to load resource: the server responded with a status of 500 (Internal Server Error) @ http://localhost:5173/api/v1/interventions:0
[  327707ms] [ERROR] [API 500] Request failed (500) @ http://localhost:5173/src/lib/api.ts:17
[  329685ms] [ERROR] Failed to load resource: the server responded with a status of 500 (Internal Server Error) @ http://localhost:5173/api/v1/stations:0
[  329685ms] [ERROR] [API 500] Request failed (500) @ http://localhost:5173/src/lib/api.ts:17
[  330148ms] [ERROR] Failed to load resource: the server responded with a status of 500 (Internal Server Error) @ http://localhost:5173/api/v1/interventions:0
[  330149ms] [ERROR] [API 500] Request failed (500) @ http://localhost:5173/src/lib/api.ts:17
[  334015ms] [ERROR] Failed to load resource: the server responded with a status of 500 (Internal Server Error) @ http://localhost:5173/api/v1/stations:0
[  334015ms] [ERROR] [API 500] Request failed (500) @ http://localhost:5173/src/lib/api.ts:17
[  334365ms] [ERROR] Failed to load resource: the server responded with a status of 500 (Internal Server Error) @ http://localhost:5173/api/v1/interventions:0
[  334365ms] [ERROR] [API 500] Request failed (500) @ http://localhost:5173/src/lib/api.ts:17
[  334871ms] [ERROR] WebSocket connection to 'ws://localhost:5173/ws/realtime' failed: Connection closed before receiving a handshake response @ http://localhost:5173/src/lib/websocket.ts:47
[  336374ms] [ERROR] Failed to load resource: the server responded with a status of 500 (Internal Server Error) @ http://localhost:5173/api/v1/interventions:0
[  336375ms] [ERROR] [API 500] Request failed (500) @ http://localhost:5173/src/lib/api.ts:17
[  337474ms] [ERROR] Failed to load resource: the server responded with a status of 500 (Internal Server Error) @ http://localhost:5173/api/v1/alerts/rich:0
[  337475ms] [ERROR] [API 500] Request failed (500) @ http://localhost:5173/src/lib/api.ts:17
[  337592ms] [ERROR] Failed to load resource: the server responded with a status of 500 (Internal Server Error) @ http://localhost:5173/api/v1/interventions:0
[  337592ms] [ERROR] [API 500] Request failed (500) @ http://localhost:5173/src/lib/api.ts:17
[  338699ms] [ERROR] Failed to load resource: the server responded with a status of 500 (Internal Server Error) @ http://localhost:5173/api/v1/alerts/rich:0
[  338700ms] [ERROR] [API 500] Request failed (500) @ http://localhost:5173/src/lib/api.ts:17
[  339041ms] [ERROR] Failed to load resource: the server responded with a status of 500 (Internal Server Error) @ http://localhost:5173/api/v1/dashboard/kpis:0
[  339041ms] [ERROR] [API 500] Request failed (500) @ http://localhost:5173/src/lib/api.ts:17
[  339865ms] [ERROR] Failed to load resource: the server responded with a status of 500 (Internal Server Error) @ http://localhost:5173/api/v1/interventions:0
[  339865ms] [ERROR] [API 500] Request failed (500) @ http://localhost:5173/src/lib/api.ts:17
[  340397ms] [ERROR] Failed to load resource: the server responded with a status of 500 (Internal Server Error) @ http://localhost:5173/api/v1/dashboard/suggestions:0
[  340398ms] [ERROR] [API 500] Request failed (500) @ http://localhost:5173/src/lib/api.ts:17
[  340532ms] [ERROR] Failed to load resource: the server responded with a status of 500 (Internal Server Error) @ http://localhost:5173/api/v1/dashboard/kpis:0
[  340532ms] [ERROR] [API 500] Request failed (500) @ http://localhost:5173/src/lib/api.ts:17
[  341014ms] [ERROR] Failed to load resource: the server responded with a status of 500 (Internal Server Error) @ http://localhost:5173/api/v1/alerts/rich:0
[  341015ms] [ERROR] [API 500] Request failed (500) @ http://localhost:5173/src/lib/api.ts:17
[  341739ms] [ERROR] Failed to load resource: the server responded with a status of 500 (Internal Server Error) @ http://localhost:5173/api/v1/dashboard/suggestions:0
[  341739ms] [ERROR] [API 500] Request failed (500) @ http://localhost:5173/src/lib/api.ts:17
[  342899ms] [ERROR] Failed to load resource: the server responded with a status of 500 (Internal Server Error) @ http://localhost:5173/api/v1/dashboard/kpis:0
[  342900ms] [ERROR] [API 500] Request failed (500) @ http://localhost:5173/src/lib/api.ts:17
[  344010ms] [ERROR] Failed to load resource: the server responded with a status of 500 (Internal Server Error) @ http://localhost:5173/api/v1/dashboard/suggestions:0
[  344010ms] [ERROR] [API 500] Request failed (500) @ http://localhost:5173/src/lib/api.ts:17
[  344135ms] [ERROR] Failed to load resource: the server responded with a status of 500 (Internal Server Error) @ http://localhost:5173/api/v1/interventions:0
[  344135ms] [ERROR] [API 500] Request failed (500) @ http://localhost:5173/src/lib/api.ts:17
[  345521ms] [ERROR] Failed to load resource: the server responded with a status of 500 (Internal Server Error) @ http://localhost:5173/api/v1/alerts/rich:0
[  345522ms] [ERROR] [API 500] Request failed (500) @ http://localhost:5173/src/lib/api.ts:17
[  345525ms] [ERROR] Failed to load resource: the server responded with a status of 500 (Internal Server Error) @ http://localhost:5173/api/v1/alerts:0
[  345526ms] [ERROR] [API 500] Request failed (500) @ http://localhost:5173/src/lib/api.ts:17
[  346765ms] [ERROR] Failed to load resource: the server responded with a status of 500 (Internal Server Error) @ http://localhost:5173/api/v1/alerts:0
[  346766ms] [ERROR] [API 500] Request failed (500) @ http://localhost:5173/src/lib/api.ts:17
[  347027ms] [ERROR] Failed to load resource: the server responded with a status of 500 (Internal Server Error) @ http://localhost:5173/api/v1/dashboard/kpis:0
[  347027ms] [ERROR] [API 500] Request failed (500) @ http://localhost:5173/src/lib/api.ts:17
[  348037ms] [ERROR] Failed to load resource: the server responded with a status of 500 (Internal Server Error) @ http://localhost:5173/api/v1/dashboard/kpis:0
[  348037ms] [ERROR] [API 500] Request failed (500) @ http://localhost:5173/src/lib/api.ts:17
[  348142ms] [ERROR] Failed to load resource: the server responded with a status of 500 (Internal Server Error) @ http://localhost:5173/api/v1/interventions:0
[  348143ms] [ERROR] [API 500] Request failed (500) @ http://localhost:5173/src/lib/api.ts:17
[  348417ms] [ERROR] Failed to load resource: the server responded with a status of 500 (Internal Server Error) @ http://localhost:5173/api/v1/dashboard/suggestions:0
[  348418ms] [ERROR] [API 500] Request failed (500) @ http://localhost:5173/src/lib/api.ts:17
[  348966ms] [ERROR] Failed to load resource: the server responded with a status of 500 (Internal Server Error) @ http://localhost:5173/api/v1/alerts:0
[  348966ms] [ERROR] [API 500] Request failed (500) @ http://localhost:5173/src/lib/api.ts:17
[  349239ms] [ERROR] Failed to load resource: the server responded with a status of 500 (Internal Server Error) @ http://localhost:5173/api/v1/interventions:0
[  349240ms] [ERROR] [API 500] Request failed (500) @ http://localhost:5173/src/lib/api.ts:17
[  349370ms] [ERROR] Failed to load resource: the server responded with a status of 500 (Internal Server Error) @ http://localhost:5173/api/v1/dashboard/kpis:0
[  349371ms] [ERROR] [API 500] Request failed (500) @ http://localhost:5173/src/lib/api.ts:17
[  349426ms] [ERROR] Failed to load resource: the server responded with a status of 500 (Internal Server Error) @ http://localhost:5173/api/v1/dashboard/suggestions:0
[  349427ms] [ERROR] [API 500] Request failed (500) @ http://localhost:5173/src/lib/api.ts:17
[  350450ms] [ERROR] Failed to load resource: the server responded with a status of 500 (Internal Server Error) @ http://localhost:5173/api/v1/dashboard/suggestions:0
[  350450ms] [ERROR] [API 500] Request failed (500) @ http://localhost:5173/src/lib/api.ts:17
[  351616ms] [ERROR] Failed to load resource: the server responded with a status of 500 (Internal Server Error) @ http://localhost:5173/api/v1/interventions:0
[  351617ms] [ERROR] [API 500] Request failed (500) @ http://localhost:5173/src/lib/api.ts:17
[  351779ms] [ERROR] Failed to load resource: the server responded with a status of 500 (Internal Server Error) @ http://localhost:5173/api/v1/dashboard/kpis:0
[  351780ms] [ERROR] [API 500] Request failed (500) @ http://localhost:5173/src/lib/api.ts:17
[  352580ms] [ERROR] Failed to load resource: the server responded with a status of 500 (Internal Server Error) @ http://localhost:5173/api/v1/dashboard/suggestions:0
[  352580ms] [ERROR] [API 500] Request failed (500) @ http://localhost:5173/src/lib/api.ts:17
[  353182ms] [ERROR] Failed to load resource: the server responded with a status of 500 (Internal Server Error) @ http://localhost:5173/api/v1/alerts:0
[  353183ms] [ERROR] [API 500] Request failed (500) @ http://localhost:5173/src/lib/api.ts:17
[  354189ms] [ERROR] Failed to load resource: the server responded with a status of 500 (Internal Server Error) @ http://localhost:5173/api/v1/alerts/rich:0
[  354190ms] [ERROR] [API 500] Request failed (500) @ http://localhost:5173/src/lib/api.ts:17
[  355680ms] [ERROR] Failed to load resource: the server responded with a status of 500 (Internal Server Error) @ http://localhost:5173/api/v1/alerts/rich:0
[  355680ms] [ERROR] [API 500] Request failed (500) @ http://localhost:5173/src/lib/api.ts:17
[  355683ms] [ERROR] Failed to load resource: the server responded with a status of 500 (Internal Server Error) @ http://localhost:5173/api/v1/interventions:0
[  355683ms] [ERROR] [API 500] Request failed (500) @ http://localhost:5173/src/lib/api.ts:17
[  356231ms] [ERROR] Failed to load resource: the server responded with a status of 500 (Internal Server Error) @ http://localhost:5173/api/v1/dashboard/kpis:0
[  356231ms] [ERROR] [API 500] Request failed (500) @ http://localhost:5173/src/lib/api.ts:17
[  356596ms] [ERROR] Failed to load resource: the server responded with a status of 500 (Internal Server Error) @ http://localhost:5173/api/v1/dashboard/suggestions:0
[  356596ms] [ERROR] [API 500] Request failed (500) @ http://localhost:5173/src/lib/api.ts:17
[  357696ms] [ERROR] Failed to load resource: the server responded with a status of 500 (Internal Server Error) @ http://localhost:5173/api/v1/alerts/rich:0
[  357696ms] [ERROR] [API 500] Request failed (500) @ http://localhost:5173/src/lib/api.ts:17
[  358240ms] [ERROR] Failed to load resource: the server responded with a status of 500 (Internal Server Error) @ http://localhost:5173/api/v1/dashboard/kpis:0
[  358240ms] [ERROR] [API 500] Request failed (500) @ http://localhost:5173/src/lib/api.ts:17
[  358603ms] [ERROR] Failed to load resource: the server responded with a status of 500 (Internal Server Error) @ http://localhost:5173/api/v1/dashboard/suggestions:0
[  358604ms] [ERROR] [API 500] Request failed (500) @ http://localhost:5173/src/lib/api.ts:17
[  359630ms] [ERROR] Failed to load resource: the server responded with a status of 500 (Internal Server Error) @ http://localhost:5173/api/v1/dashboard/kpis:0
[  359631ms] [ERROR] [API 500] Request failed (500) @ http://localhost:5173/src/lib/api.ts:17
[  359894ms] [ERROR] Failed to load resource: the server responded with a status of 500 (Internal Server Error) @ http://localhost:5173/api/v1/dashboard/suggestions:0
[  359894ms] [ERROR] [API 500] Request failed (500) @ http://localhost:5173/src/lib/api.ts:17
[  361858ms] [ERROR] Failed to load resource: the server responded with a status of 500 (Internal Server Error) @ http://localhost:5173/api/v1/dashboard/kpis:0
[  361859ms] [ERROR] [API 500] Request failed (500) @ http://localhost:5173/src/lib/api.ts:17
[  362027ms] [ERROR] Failed to load resource: the server responded with a status of 500 (Internal Server Error) @ http://localhost:5173/api/v1/dashboard/suggestions:0
[  362028ms] [ERROR] [API 500] Request failed (500) @ http://localhost:5173/src/lib/api.ts:17
[  362183ms] [ERROR] Failed to load resource: the server responded with a status of 500 (Internal Server Error) @ http://localhost:5173/api/v1/alerts/rich:0
[  362184ms] [ERROR] [API 500] Request failed (500) @ http://localhost:5173/src/lib/api.ts:17
[  362188ms] [ERROR] Failed to load resource: the server responded with a status of 500 (Internal Server Error) @ http://localhost:5173/api/v1/alerts:0
[  362188ms] [ERROR] [API 500] Request failed (500) @ http://localhost:5173/src/lib/api.ts:17
[  363674ms] [ERROR] Failed to load resource: the server responded with a status of 500 (Internal Server Error) @ http://localhost:5173/api/v1/alerts:0
[  363674ms] [ERROR] [API 500] Request failed (500) @ http://localhost:5173/src/lib/api.ts:17
[  364881ms] [ERROR] WebSocket connection to 'ws://localhost:5173/ws/realtime' failed: Connection closed before receiving a handshake response @ http://localhost:5173/src/lib/websocket.ts:47
[  365810ms] [ERROR] Failed to load resource: the server responded with a status of 500 (Internal Server Error) @ http://localhost:5173/api/v1/alerts:0
[  365810ms] [ERROR] [API 500] Request failed (500) @ http://localhost:5173/src/lib/api.ts:17
[  365897ms] [ERROR] Failed to load resource: the server responded with a status of 500 (Internal Server Error) @ http://localhost:5173/api/v1/dashboard/kpis:0
[  365897ms] [ERROR] [API 500] Request failed (500) @ http://localhost:5173/src/lib/api.ts:17
[  366176ms] [ERROR] Failed to load resource: the server responded with a status of 500 (Internal Server Error) @ http://localhost:5173/api/v1/dashboard/suggestions:0
[  366176ms] [ERROR] [API 500] Request failed (500) @ http://localhost:5173/src/lib/api.ts:17
[  369904ms] [ERROR] Failed to load resource: the server responded with a status of 500 (Internal Server Error) @ http://localhost:5173/api/v1/dashboard/kpis:0
[  369904ms] [ERROR] [API 500] Request failed (500) @ http://localhost:5173/src/lib/api.ts:17
[  369950ms] [ERROR] Failed to load resource: the server responded with a status of 500 (Internal Server Error) @ http://localhost:5173/api/v1/alerts:0
[  369950ms] [ERROR] [API 500] Request failed (500) @ http://localhost:5173/src/lib/api.ts:17
[  370183ms] [ERROR] Failed to load resource: the server responded with a status of 500 (Internal Server Error) @ http://localhost:5173/api/v1/dashboard/suggestions:0
[  370183ms] [ERROR] [API 500] Request failed (500) @ http://localhost:5173/src/lib/api.ts:17
[  370691ms] [ERROR] Failed to load resource: the server responded with a status of 500 (Internal Server Error) @ http://localhost:5173/api/v1/interventions:0
[  370692ms] [ERROR] [API 500] Request failed (500) @ http://localhost:5173/src/lib/api.ts:17
[  371194ms] [ERROR] Failed to load resource: the server responded with a status of 500 (Internal Server Error) @ http://localhost:5173/api/v1/dashboard/suggestions:0
[  371194ms] [ERROR] [API 500] Request failed (500) @ http://localhost:5173/src/lib/api.ts:17
[  371326ms] [ERROR] Failed to load resource: the server responded with a status of 500 (Internal Server Error) @ http://localhost:5173/api/v1/dashboard/kpis:0
[  371326ms] [ERROR] [API 500] Request failed (500) @ http://localhost:5173/src/lib/api.ts:17
[  371936ms] [ERROR] Failed to load resource: the server responded with a status of 500 (Internal Server Error) @ http://localhost:5173/api/v1/interventions:0
[  371937ms] [ERROR] [API 500] Request failed (500) @ http://localhost:5173/src/lib/api.ts:17
[  371956ms] [ERROR] Failed to load resource: the server responded with a status of 500 (Internal Server Error) @ http://localhost:5173/api/v1/alerts/rich:0
[  371956ms] [ERROR] [API 500] Request failed (500) @ http://localhost:5173/src/lib/api.ts:17
[  373398ms] [ERROR] Failed to load resource: the server responded with a status of 500 (Internal Server Error) @ http://localhost:5173/api/v1/alerts/rich:0
[  373398ms] [ERROR] [API 500] Request failed (500) @ http://localhost:5173/src/lib/api.ts:17
[  373597ms] [ERROR] Failed to load resource: the server responded with a status of 500 (Internal Server Error) @ http://localhost:5173/api/v1/dashboard/suggestions:0
[  373597ms] [ERROR] [API 500] Request failed (500) @ http://localhost:5173/src/lib/api.ts:17
[  373763ms] [ERROR] Failed to load resource: the server responded with a status of 500 (Internal Server Error) @ http://localhost:5173/api/v1/dashboard/kpis:0
[  373763ms] [ERROR] [API 500] Request failed (500) @ http://localhost:5173/src/lib/api.ts:17
[  374199ms] [ERROR] Failed to load resource: the server responded with a status of 500 (Internal Server Error) @ http://localhost:5173/api/v1/interventions:0
[  374200ms] [ERROR] [API 500] Request failed (500) @ http://localhost:5173/src/lib/api.ts:17
[  375648ms] [ERROR] Failed to load resource: the server responded with a status of 500 (Internal Server Error) @ http://localhost:5173/api/v1/alerts/rich:0
[  375648ms] [ERROR] [API 500] Request failed (500) @ http://localhost:5173/src/lib/api.ts:17
[  377860ms] [ERROR] Failed to load resource: the server responded with a status of 500 (Internal Server Error) @ http://localhost:5173/api/v1/dashboard/suggestions:0
[  377861ms] [ERROR] [API 500] Request failed (500) @ http://localhost:5173/src/lib/api.ts:17
[  378041ms] [ERROR] Failed to load resource: the server responded with a status of 500 (Internal Server Error) @ http://localhost:5173/api/v1/dashboard/kpis:0
[  378042ms] [ERROR] [API 500] Request failed (500) @ http://localhost:5173/src/lib/api.ts:17
[  378321ms] [ERROR] Failed to load resource: the server responded with a status of 500 (Internal Server Error) @ http://localhost:5173/api/v1/interventions:0
[  378322ms] [ERROR] [API 500] Request failed (500) @ http://localhost:5173/src/lib/api.ts:17
[  379331ms] [ERROR] Failed to load resource: the server responded with a status of 500 (Internal Server Error) @ http://localhost:5173/api/v1/interventions:0
[  379331ms] [ERROR] [API 500] Request failed (500) @ http://localhost:5173/src/lib/api.ts:17
[  380139ms] [ERROR] Failed to load resource: the server responded with a status of 500 (Internal Server Error) @ http://localhost:5173/api/v1/alerts/rich:0
[  380140ms] [ERROR] [API 500] Request failed (500) @ http://localhost:5173/src/lib/api.ts:17
[  380144ms] [ERROR] Failed to load resource: the server responded with a status of 500 (Internal Server Error) @ http://localhost:5173/api/v1/alerts:0
[  380144ms] [ERROR] [API 500] Request failed (500) @ http://localhost:5173/src/lib/api.ts:17
[  380371ms] [ERROR] Failed to load resource: the server responded with a status of 500 (Internal Server Error) @ http://localhost:5173/api/v1/interventions:0
[  380371ms] [ERROR] [API 500] Request failed (500) @ http://localhost:5173/src/lib/api.ts:17
[  381330ms] [ERROR] Failed to load resource: the server responded with a status of 500 (Internal Server Error) @ http://localhost:5173/api/v1/alerts:0
[  381331ms] [ERROR] [API 500] Request failed (500) @ http://localhost:5173/src/lib/api.ts:17
[  382586ms] [ERROR] Failed to load resource: the server responded with a status of 500 (Internal Server Error) @ http://localhost:5173/api/v1/interventions:0
[  382587ms] [ERROR] [API 500] Request failed (500) @ http://localhost:5173/src/lib/api.ts:17
[  383567ms] [ERROR] Failed to load resource: the server responded with a status of 500 (Internal Server Error) @ http://localhost:5173/api/v1/alerts:0
[  383567ms] [ERROR] [API 500] Request failed (500) @ http://localhost:5173/src/lib/api.ts:17
[  386733ms] [ERROR] Failed to load resource: the server responded with a status of 500 (Internal Server Error) @ http://localhost:5173/api/v1/interventions:0
[  386733ms] [ERROR] [API 500] Request failed (500) @ http://localhost:5173/src/lib/api.ts:17
[  387859ms] [ERROR] Failed to load resource: the server responded with a status of 500 (Internal Server Error) @ http://localhost:5173/api/v1/alerts:0
[  387859ms] [ERROR] [API 500] Request failed (500) @ http://localhost:5173/src/lib/api.ts:17
[  388742ms] [ERROR] Failed to load resource: the server responded with a status of 500 (Internal Server Error) @ http://localhost:5173/api/v1/interventions:0
[  388742ms] [ERROR] [API 500] Request failed (500) @ http://localhost:5173/src/lib/api.ts:17
[  390014ms] [ERROR] Failed to load resource: the server responded with a status of 500 (Internal Server Error) @ http://localhost:5173/api/v1/interventions:0
[  390014ms] [ERROR] [API 500] Request failed (500) @ http://localhost:5173/src/lib/api.ts:17
[  391866ms] [ERROR] Failed to load resource: the server responded with a status of 500 (Internal Server Error) @ http://localhost:5173/api/v1/alerts/rich:0
[  391867ms] [ERROR] [API 500] Request failed (500) @ http://localhost:5173/src/lib/api.ts:17
[  392495ms] [ERROR] Failed to load resource: the server responded with a status of 500 (Internal Server Error) @ http://localhost:5173/api/v1/interventions:0
[  392496ms] [ERROR] [API 500] Request failed (500) @ http://localhost:5173/src/lib/api.ts:17
[  393328ms] [ERROR] Failed to load resource: the server responded with a status of 500 (Internal Server Error) @ http://localhost:5173/api/v1/alerts/rich:0
[  393328ms] [ERROR] [API 500] Request failed (500) @ http://localhost:5173/src/lib/api.ts:17
[  394025ms] [ERROR] Failed to load resource: the server responded with a status of 500 (Internal Server Error) @ http://localhost:5173/api/v1/stations:0
[  394025ms] [ERROR] [API 500] Request failed (500) @ http://localhost:5173/src/lib/api.ts:17
[  394889ms] [ERROR] WebSocket connection to 'ws://localhost:5173/ws/realtime' failed: Connection closed before receiving a handshake response @ http://localhost:5173/src/lib/websocket.ts:47
[  395350ms] [ERROR] Failed to load resource: the server responded with a status of 500 (Internal Server Error) @ http://localhost:5173/api/v1/stations:0
[  395350ms] [ERROR] [API 500] Request failed (500) @ http://localhost:5173/src/lib/api.ts:17
[  395709ms] [ERROR] Failed to load resource: the server responded with a status of 500 (Internal Server Error) @ http://localhost:5173/api/v1/alerts/rich:0
[  395710ms] [ERROR] [API 500] Request failed (500) @ http://localhost:5173/src/lib/api.ts:17
[  396670ms] [ERROR] Failed to load resource: the server responded with a status of 500 (Internal Server Error) @ http://localhost:5173/api/v1/interventions:0
[  396671ms] [ERROR] [API 500] Request failed (500) @ http://localhost:5173/src/lib/api.ts:17
[  397450ms] [ERROR] Failed to load resource: the server responded with a status of 500 (Internal Server Error) @ http://localhost:5173/api/v1/routes:0
[  397450ms] [ERROR] [API 500] Request failed (500) @ http://localhost:5173/src/lib/api.ts:17
[  397450ms] [ERROR] Failed to load resource: the server responded with a status of 500 (Internal Server Error) @ http://localhost:5173/api/v1/stations?hour=15:0
[  397450ms] [ERROR] [API 500] Request failed (500) @ http://localhost:5173/src/lib/api.ts:17
[  397648ms] [ERROR] Failed to load resource: the server responded with a status of 500 (Internal Server Error) @ http://localhost:5173/api/v1/stations:0
[  397648ms] [ERROR] [API 500] Request failed (500) @ http://localhost:5173/src/lib/api.ts:17
[  398306ms] [ERROR] Failed to load resource: the server responded with a status of 500 (Internal Server Error) @ http://localhost:5173/api/v1/dashboard/kpis:0
[  398307ms] [ERROR] [API 500] Request failed (500) @ http://localhost:5173/src/lib/api.ts:17
[  398307ms] [ERROR] Failed to load resource: the server responded with a status of 500 (Internal Server Error) @ http://localhost:5173/api/v1/analytics/predictions:0
[  398307ms] [ERROR] [API 500] Request failed (500) @ http://localhost:5173/src/lib/api.ts:17
[  398307ms] [ERROR] Failed to load resource: the server responded with a status of 500 (Internal Server Error) @ http://localhost:5173/api/v1/dashboard/suggestions:0
[  398307ms] [ERROR] [API 500] Request failed (500) @ http://localhost:5173/src/lib/api.ts:17
[  398566ms] [ERROR] Failed to load resource: the server responded with a status of 500 (Internal Server Error) @ http://localhost:5173/api/v1/routes:0
[  398566ms] [ERROR] [API 500] Request failed (500) @ http://localhost:5173/src/lib/api.ts:17
[  398602ms] [ERROR] Failed to load resource: the server responded with a status of 500 (Internal Server Error) @ http://localhost:5173/api/v1/stations?hour=15:0
[  398603ms] [ERROR] [API 500] Request failed (500) @ http://localhost:5173/src/lib/api.ts:17
[  399328ms] [ERROR] Failed to load resource: the server responded with a status of 500 (Internal Server Error) @ http://localhost:5173/api/v1/alerts:0
[  399329ms] [ERROR] [API 500] Request failed (500) @ http://localhost:5173/src/lib/api.ts:17
[  399539ms] [ERROR] Failed to load resource: the server responded with a status of 500 (Internal Server Error) @ http://localhost:5173/api/v1/analytics/predictions:0
[  399540ms] [ERROR] [API 500] Request failed (500) @ http://localhost:5173/src/lib/api.ts:17
[  399548ms] [ERROR] Failed to load resource: the server responded with a status of 500 (Internal Server Error) @ http://localhost:5173/api/v1/dashboard/suggestions:0
[  399548ms] [ERROR] [API 500] Request failed (500) @ http://localhost:5173/src/lib/api.ts:17
[  399614ms] [ERROR] Failed to load resource: the server responded with a status of 500 (Internal Server Error) @ http://localhost:5173/api/v1/dashboard/kpis:0
[  399614ms] [ERROR] [API 500] Request failed (500) @ http://localhost:5173/src/lib/api.ts:17
[  399935ms] [ERROR] Failed to load resource: the server responded with a status of 500 (Internal Server Error) @ http://localhost:5173/api/v1/alerts/rich:0
[  399936ms] [ERROR] [API 500] Request failed (500) @ http://localhost:5173/src/lib/api.ts:17
[  399939ms] [ERROR] Failed to load resource: the server responded with a status of 500 (Internal Server Error) @ http://localhost:5173/api/v1/alerts:0
[  399939ms] [ERROR] [API 500] Request failed (500) @ http://localhost:5173/src/lib/api.ts:17
[  400430ms] [ERROR] Failed to load resource: the server responded with a status of 500 (Internal Server Error) @ http://localhost:5173/api/v1/alerts:0
[  400431ms] [ERROR] [API 500] Request failed (500) @ http://localhost:5173/src/lib/api.ts:17
[  400624ms] [ERROR] Failed to load resource: the server responded with a status of 500 (Internal Server Error) @ http://localhost:5173/api/v1/stations?hour=15:0
[  400624ms] [ERROR] [API 500] Request failed (500) @ http://localhost:5173/src/lib/api.ts:17
[  400699ms] [ERROR] Failed to load resource: the server responded with a status of 500 (Internal Server Error) @ http://localhost:5173/api/v1/routes:0
[  400699ms] [ERROR] [API 500] Request failed (500) @ http://localhost:5173/src/lib/api.ts:17
[  401023ms] [ERROR] Failed to load resource: the server responded with a status of 500 (Internal Server Error) @ http://localhost:5173/api/v1/alerts:0
[  401024ms] [ERROR] [API 500] Request failed (500) @ http://localhost:5173/src/lib/api.ts:17
[  401688ms] [ERROR] Failed to load resource: the server responded with a status of 500 (Internal Server Error) @ http://localhost:5173/api/v1/stations:0
[  401689ms] [ERROR] [API 500] Request failed (500) @ http://localhost:5173/src/lib/api.ts:17
[  401830ms] [ERROR] Failed to load resource: the server responded with a status of 500 (Internal Server Error) @ http://localhost:5173/api/v1/analytics/predictions:0
[  401831ms] [ERROR] [API 500] Request failed (500) @ http://localhost:5173/src/lib/api.ts:17
[  401836ms] [ERROR] Failed to load resource: the server responded with a status of 500 (Internal Server Error) @ http://localhost:5173/api/v1/dashboard/kpis:0
[  401836ms] [ERROR] [API 500] Request failed (500) @ http://localhost:5173/src/lib/api.ts:17
[  402031ms] [ERROR] Failed to load resource: the server responded with a status of 500 (Internal Server Error) @ http://localhost:5173/api/v1/dashboard/suggestions:0
[  402031ms] [ERROR] [API 500] Request failed (500) @ http://localhost:5173/src/lib/api.ts:17
[  402850ms] [ERROR] Failed to load resource: the server responded with a status of 500 (Internal Server Error) @ http://localhost:5173/api/v1/alerts:0
[  402850ms] [ERROR] [API 500] Request failed (500) @ http://localhost:5173/src/lib/api.ts:17
[  403268ms] [ERROR] Failed to load resource: the server responded with a status of 500 (Internal Server Error) @ http://localhost:5173/api/v1/alerts:0
[  403268ms] [ERROR] [API 500] Request failed (500) @ http://localhost:5173/src/lib/api.ts:17
[  404681ms] [ERROR] Failed to load resource: the server responded with a status of 500 (Internal Server Error) @ http://localhost:5173/api/v1/stations?hour=15:0
[  404682ms] [ERROR] [API 500] Request failed (500) @ http://localhost:5173/src/lib/api.ts:17
[  404958ms] [ERROR] Failed to load resource: the server responded with a status of 500 (Internal Server Error) @ http://localhost:5173/api/v1/routes:0
[  404958ms] [ERROR] [API 500] Request failed (500) @ http://localhost:5173/src/lib/api.ts:17
[  406019ms] [ERROR] Failed to load resource: the server responded with a status of 500 (Internal Server Error) @ http://localhost:5173/api/v1/analytics/predictions:0
[  406020ms] [ERROR] [API 500] Request failed (500) @ http://localhost:5173/src/lib/api.ts:17
[  406038ms] [ERROR] Failed to load resource: the server responded with a status of 500 (Internal Server Error) @ http://localhost:5173/api/v1/dashboard/kpis:0
[  406039ms] [ERROR] [API 500] Request failed (500) @ http://localhost:5173/src/lib/api.ts:17
[  406333ms] [ERROR] Failed to load resource: the server responded with a status of 500 (Internal Server Error) @ http://localhost:5173/api/v1/dashboard/suggestions:0
[  406333ms] [ERROR] [API 500] Request failed (500) @ http://localhost:5173/src/lib/api.ts:17
[  406898ms] [ERROR] Failed to load resource: the server responded with a status of 500 (Internal Server Error) @ http://localhost:5173/api/v1/alerts:0
[  406899ms] [ERROR] [API 500] Request failed (500) @ http://localhost:5173/src/lib/api.ts:17
[  407316ms] [ERROR] Failed to load resource: the server responded with a status of 500 (Internal Server Error) @ http://localhost:5173/api/v1/alerts:0
[  407316ms] [ERROR] [API 500] Request failed (500) @ http://localhost:5173/src/lib/api.ts:17
[  407906ms] [ERROR] Failed to load resource: the server responded with a status of 500 (Internal Server Error) @ http://localhost:5173/api/v1/alerts:0
[  407907ms] [ERROR] [API 500] Request failed (500) @ http://localhost:5173/src/lib/api.ts:17
[  409203ms] [ERROR] Failed to load resource: the server responded with a status of 500 (Internal Server Error) @ http://localhost:5173/api/v1/alerts:0
[  409204ms] [ERROR] [API 500] Request failed (500) @ http://localhost:5173/src/lib/api.ts:17
[  410381ms] [INFO] %cDownload the React DevTools for a better development experience: https://react.dev/link/react-devtools font-weight:bold @ http://localhost:5173/node_modules/.vite/deps/react-dom_client.js?v=d64afdd9:20102
[  410419ms] [ERROR] Failed to load resource: the server responded with a status of 500 (Internal Server Error) @ http://localhost:5173/api/v1/alerts:0
[  410419ms] [ERROR] [API 500] Request failed (500) @ http://localhost:5173/src/lib/api.ts:17
[  410421ms] [ERROR] WebSocket connection to 'ws://localhost:5173/ws/realtime' failed: Connection closed before receiving a handshake response @ http://localhost:5173/src/lib/websocket.ts:47
[  410432ms] [ERROR] WebSocket connection to 'ws://localhost:5173/ws/realtime' failed: Connection closed before receiving a handshake response @ http://localhost:5173/src/lib/websocket.ts:47
[  410445ms] [ERROR] WebSocket connection to 'ws://localhost:5173/ws/realtime' failed: Connection closed before receiving a handshake response @ http://localhost:5173/src/lib/websocket.ts:47
[  410458ms] [ERROR] WebSocket connection to 'ws://localhost:5173/ws/realtime' failed: Connection closed before receiving a handshake response @ http://localhost:5173/src/lib/websocket.ts:47
[  411467ms] [ERROR] Failed to load resource: the server responded with a status of 500 (Internal Server Error) @ http://localhost:5173/api/v1/alerts:0
[  411468ms] [ERROR] [API 500] Request failed (500) @ http://localhost:5173/src/lib/api.ts:17
[  413962ms] [ERROR] Failed to load resource: the server responded with a status of 500 (Internal Server Error) @ http://localhost:5173/api/v1/alerts:0
[  413962ms] [ERROR] [API 500] Request failed (500) @ http://localhost:5173/src/lib/api.ts:17
[  414325ms] [ERROR] WebSocket connection to 'ws://localhost:5173/ws/realtime' failed: Connection closed before receiving a handshake response @ http://localhost:5173/src/lib/websocket.ts:47
[  416517ms] [INFO] %cDownload the React DevTools for a better development experience: https://react.dev/link/react-devtools font-weight:bold @ http://localhost:5173/node_modules/.vite/deps/react-dom_client.js?v=d64afdd9:20102
[  416554ms] [ERROR] WebSocket connection to 'ws://localhost:5173/ws/realtime' failed: Connection closed before receiving a handshake response @ http://localhost:5173/src/lib/websocket.ts:47
[  416562ms] [ERROR] WebSocket connection to 'ws://localhost:5173/ws/realtime' failed: Connection closed before receiving a handshake response @ http://localhost:5173/src/lib/websocket.ts:47
[  416574ms] [ERROR] WebSocket connection to 'ws://localhost:5173/ws/realtime' failed: Connection closed before receiving a handshake response @ http://localhost:5173/src/lib/websocket.ts:47
[  416587ms] [ERROR] WebSocket connection to 'ws://localhost:5173/ws/realtime' failed: Connection closed before receiving a handshake response @ http://localhost:5173/src/lib/websocket.ts:47
[  417421ms] [INFO] %cDownload the React DevTools for a better development experience: https://react.dev/link/react-devtools font-weight:bold @ http://localhost:5173/node_modules/.vite/deps/react-dom_client.js?v=d64afdd9:20102
[  417454ms] [ERROR] WebSocket connection to 'ws://localhost:5173/ws/realtime' failed: Connection closed before receiving a handshake response @ http://localhost:5173/src/lib/websocket.ts:47
[  417461ms] [ERROR] WebSocket connection to 'ws://localhost:5173/ws/realtime' failed: Connection closed before receiving a handshake response @ http://localhost:5173/src/lib/websocket.ts:47
[  417473ms] [ERROR] WebSocket connection to 'ws://localhost:5173/ws/realtime' failed: Connection closed before receiving a handshake response @ http://localhost:5173/src/lib/websocket.ts:47
[  417485ms] [ERROR] WebSocket connection to 'ws://localhost:5173/ws/realtime' failed: Connection closed before receiving a handshake response @ http://localhost:5173/src/lib/websocket.ts:47
[  417602ms] [INFO] %cDownload the React DevTools for a better development experience: https://react.dev/link/react-devtools font-weight:bold @ http://localhost:5173/node_modules/.vite/deps/react-dom_client.js?v=d64afdd9:20102
[  417635ms] [ERROR] WebSocket connection to 'ws://localhost:5173/ws/realtime' failed: Connection closed before receiving a handshake response @ http://localhost:5173/src/lib/websocket.ts:47
[  417641ms] [ERROR] WebSocket connection to 'ws://localhost:5173/ws/realtime' failed: Connection closed before receiving a handshake response @ http://localhost:5173/src/lib/websocket.ts:47
[  417653ms] [ERROR] WebSocket connection to 'ws://localhost:5173/ws/realtime' failed: Connection closed before receiving a handshake response @ http://localhost:5173/src/lib/websocket.ts:47
[  417665ms] [ERROR] WebSocket connection to 'ws://localhost:5173/ws/realtime' failed: Connection closed before receiving a handshake response @ http://localhost:5173/src/lib/websocket.ts:47
[  417795ms] [INFO] %cDownload the React DevTools for a better development experience: https://react.dev/link/react-devtools font-weight:bold @ http://localhost:5173/node_modules/.vite/deps/react-dom_client.js?v=d64afdd9:20102
[  417828ms] [ERROR] WebSocket connection to 'ws://localhost:5173/ws/realtime' failed: Connection closed before receiving a handshake response @ http://localhost:5173/src/lib/websocket.ts:47
[  417835ms] [ERROR] WebSocket connection to 'ws://localhost:5173/ws/realtime' failed: Connection closed before receiving a handshake response @ http://localhost:5173/src/lib/websocket.ts:47
[  417847ms] [ERROR] WebSocket connection to 'ws://localhost:5173/ws/realtime' failed: Connection closed before receiving a handshake response @ http://localhost:5173/src/lib/websocket.ts:47
[  417860ms] [ERROR] WebSocket connection to 'ws://localhost:5173/ws/realtime' failed: Connection closed before receiving a handshake response @ http://localhost:5173/src/lib/websocket.ts:47
[  417965ms] [INFO] %cDownload the React DevTools for a better development experience: https://react.dev/link/react-devtools font-weight:bold @ http://localhost:5173/node_modules/.vite/deps/react-dom_client.js?v=d64afdd9:20102
[  418001ms] [ERROR] WebSocket connection to 'ws://localhost:5173/ws/realtime' failed: Connection closed before receiving a handshake response @ http://localhost:5173/src/lib/websocket.ts:47
[  418008ms] [ERROR] WebSocket connection to 'ws://localhost:5173/ws/realtime' failed: Connection closed before receiving a handshake response @ http://localhost:5173/src/lib/websocket.ts:47
[  418026ms] [ERROR] WebSocket connection to 'ws://localhost:5173/ws/realtime' failed: Connection closed before receiving a handshake response @ http://localhost:5173/src/lib/websocket.ts:47
[  418032ms] [ERROR] WebSocket connection to 'ws://localhost:5173/ws/realtime' failed: Connection closed before receiving a handshake response @ http://localhost:5173/src/lib/websocket.ts:47
[  420638ms] [ERROR] Base UI: A component that acts as a button expected a native <button> because the `nativeButton` prop is true. Rendering a non-<button> removes native button semantics, which can impact forms and accessibility. Use a real <button> in the `render` prop, or set `nativeButton` to `false`.
    at Button (http://localhost:5173/src/components/ui/button.tsx:55:26)
    at MiniSimulationCard (http://localhost:5173/src/routes/CommandCenter.tsx?t=1781085210247:92:23)
    at CommandCenter (http://localhost:5173/src/routes/CommandCenter.tsx?t=1781085210247:379:21)
    at AppInner (http://localhost:5173/src/App.tsx?t=1781085210247:484:77)
    at App (http://localhost:5173/src/App.tsx?t=1781085210247:582:71) @ http://localhost:5173/node_modules/.vite/deps/chunk-OKPQIKMS.js?v=d64afdd9:20
[  420640ms] [ERROR] Failed to load resource: the server responded with a status of 500 (Internal Server Error) @ http://localhost:5173/api/v1/dashboard/kpis:0
[  420641ms] [ERROR] [API 500] Request failed (500) @ http://localhost:5173/src/lib/api.ts:17
[  420641ms] [ERROR] Failed to load resource: the server responded with a status of 500 (Internal Server Error) @ http://localhost:5173/api/v1/stations:0
[  420641ms] [ERROR] [API 500] Request failed (500) @ http://localhost:5173/src/lib/api.ts:17
[  420641ms] [ERROR] Failed to load resource: the server responded with a status of 500 (Internal Server Error) @ http://localhost:5173/api/v1/analytics/predictions:0
[  420641ms] [ERROR] [API 500] Request failed (500) @ http://localhost:5173/src/lib/api.ts:17
[  420641ms] [ERROR] Failed to load resource: the server responded with a status of 500 (Internal Server Error) @ http://localhost:5173/api/v1/alerts/rich:0
[  420641ms] [ERROR] [API 500] Request failed (500) @ http://localhost:5173/src/lib/api.ts:17
[  420642ms] [ERROR] Failed to load resource: the server responded with a status of 500 (Internal Server Error) @ http://localhost:5173/api/v1/interventions:0
[  420642ms] [ERROR] [API 500] Request failed (500) @ http://localhost:5173/src/lib/api.ts:17
[  420642ms] [ERROR] Failed to load resource: the server responded with a status of 500 (Internal Server Error) @ http://localhost:5173/api/v1/dashboard/suggestions:0
[  420642ms] [ERROR] [API 500] Request failed (500) @ http://localhost:5173/src/lib/api.ts:17
[  421178ms] [ERROR] Failed to load resource: the server responded with a status of 500 (Internal Server Error) @ http://localhost:5173/api/v1/routes:0
[  421178ms] [ERROR] [API 500] Request failed (500) @ http://localhost:5173/src/lib/api.ts:17
[  421178ms] [ERROR] Failed to load resource: the server responded with a status of 500 (Internal Server Error) @ http://localhost:5173/api/v1/stations?hour=15:0
[  421178ms] [ERROR] [API 500] Request failed (500) @ http://localhost:5173/src/lib/api.ts:17
[  421753ms] [ERROR] WebSocket connection to 'ws://localhost:5173/ws/realtime' failed: Connection closed before receiving a handshake response @ http://localhost:5173/src/lib/websocket.ts:47
[  421926ms] [ERROR] Failed to load resource: the server responded with a status of 500 (Internal Server Error) @ http://localhost:5173/api/v1/interventions:0
[  421926ms] [ERROR] [API 500] Request failed (500) @ http://localhost:5173/src/lib/api.ts:17
[  421992ms] [ERROR] Failed to load resource: the server responded with a status of 500 (Internal Server Error) @ http://localhost:5173/api/v1/dashboard/suggestions:0
[  421992ms] [ERROR] [API 500] Request failed (500) @ http://localhost:5173/src/lib/api.ts:17
[  422004ms] [ERROR] Failed to load resource: the server responded with a status of 500 (Internal Server Error) @ http://localhost:5173/api/v1/alerts/rich:0
[  422005ms] [ERROR] [API 500] Request failed (500) @ http://localhost:5173/src/lib/api.ts:17
[  422019ms] [ERROR] Failed to load resource: the server responded with a status of 500 (Internal Server Error) @ http://localhost:5173/api/v1/analytics/predictions:0
[  422020ms] [ERROR] [API 500] Request failed (500) @ http://localhost:5173/src/lib/api.ts:17
[  422081ms] [ERROR] Failed to load resource: the server responded with a status of 500 (Internal Server Error) @ http://localhost:5173/api/v1/dashboard/kpis:0
[  422081ms] [ERROR] [API 500] Request failed (500) @ http://localhost:5173/src/lib/api.ts:17
[  422114ms] [ERROR] Failed to load resource: the server responded with a status of 500 (Internal Server Error) @ http://localhost:5173/api/v1/stations:0
[  422115ms] [ERROR] [API 500] Request failed (500) @ http://localhost:5173/src/lib/api.ts:17
[  422291ms] [ERROR] Failed to load resource: the server responded with a status of 500 (Internal Server Error) @ http://localhost:5173/api/v1/routes:0
[  422292ms] [ERROR] [API 500] Request failed (500) @ http://localhost:5173/src/lib/api.ts:17
[  422434ms] [ERROR] Failed to load resource: the server responded with a status of 500 (Internal Server Error) @ http://localhost:5173/api/v1/stations?hour=15:0
[  422435ms] [ERROR] [API 500] Request failed (500) @ http://localhost:5173/src/lib/api.ts:17
[  424118ms] [ERROR] Failed to load resource: the server responded with a status of 500 (Internal Server Error) @ http://localhost:5173/api/v1/interventions:0
[  424118ms] [ERROR] [API 500] Request failed (500) @ http://localhost:5173/src/lib/api.ts:17
[  424176ms] [ERROR] Failed to load resource: the server responded with a status of 500 (Internal Server Error) @ http://localhost:5173/api/v1/dashboard/kpis:0
[  424177ms] [ERROR] [API 500] Request failed (500) @ http://localhost:5173/src/lib/api.ts:17
[  424337ms] [ERROR] Failed to load resource: the server responded with a status of 500 (Internal Server Error) @ http://localhost:5173/api/v1/alerts/rich:0
[  424337ms] [ERROR] [API 500] Request failed (500) @ http://localhost:5173/src/lib/api.ts:17
[  424389ms] [ERROR] Failed to load resource: the server responded with a status of 500 (Internal Server Error) @ http://localhost:5173/api/v1/analytics/predictions:0
[  424390ms] [ERROR] [API 500] Request failed (500) @ http://localhost:5173/src/lib/api.ts:17
[  424422ms] [ERROR] Failed to load resource: the server responded with a status of 500 (Internal Server Error) @ http://localhost:5173/api/v1/dashboard/suggestions:0
[  424423ms] [ERROR] [API 500] Request failed (500) @ http://localhost:5173/src/lib/api.ts:17
[  424497ms] [ERROR] Failed to load resource: the server responded with a status of 500 (Internal Server Error) @ http://localhost:5173/api/v1/stations:0
[  424497ms] [ERROR] [API 500] Request failed (500) @ http://localhost:5173/src/lib/api.ts:17
[  424675ms] [ERROR] Failed to load resource: the server responded with a status of 500 (Internal Server Error) @ http://localhost:5173/api/v1/routes:0
[  424675ms] [ERROR] [API 500] Request failed (500) @ http://localhost:5173/src/lib/api.ts:17
[  424881ms] [ERROR] Failed to load resource: the server responded with a status of 500 (Internal Server Error) @ http://localhost:5173/api/v1/stations?hour=15:0
[  424882ms] [ERROR] [API 500] Request failed (500) @ http://localhost:5173/src/lib/api.ts:17
[  426839ms] [ERROR] WebSocket connection to 'ws://localhost:5173/ws/realtime' failed: Connection closed before receiving a handshake response @ http://localhost:5173/src/lib/websocket.ts:47
[  428323ms] [ERROR] Failed to load resource: the server responded with a status of 500 (Internal Server Error) @ http://localhost:5173/api/v1/dashboard/kpis:0
[  428324ms] [ERROR] [API 500] Request failed (500) @ http://localhost:5173/src/lib/api.ts:17
[  428336ms] [ERROR] Failed to load resource: the server responded with a status of 500 (Internal Server Error) @ http://localhost:5173/api/v1/interventions:0
[  428336ms] [ERROR] [API 500] Request failed (500) @ http://localhost:5173/src/lib/api.ts:17
[  428515ms] [ERROR] Failed to load resource: the server responded with a status of 500 (Internal Server Error) @ http://localhost:5173/api/v1/analytics/predictions:0
[  428516ms] [ERROR] [API 500] Request failed (500) @ http://localhost:5173/src/lib/api.ts:17
[  428593ms] [ERROR] Failed to load resource: the server responded with a status of 500 (Internal Server Error) @ http://localhost:5173/api/v1/stations:0
[  428594ms] [ERROR] [API 500] Request failed (500) @ http://localhost:5173/src/lib/api.ts:17
[  428756ms] [ERROR] Failed to load resource: the server responded with a status of 500 (Internal Server Error) @ http://localhost:5173/api/v1/routes:0
[  428756ms] [ERROR] [API 500] Request failed (500) @ http://localhost:5173/src/lib/api.ts:17
[  428766ms] [ERROR] Failed to load resource: the server responded with a status of 500 (Internal Server Error) @ http://localhost:5173/api/v1/dashboard/suggestions:0
[  428766ms] [ERROR] [API 500] Request failed (500) @ http://localhost:5173/src/lib/api.ts:17
[  428841ms] [ERROR] Failed to load resource: the server responded with a status of 500 (Internal Server Error) @ http://localhost:5173/api/v1/alerts/rich:0
[  428841ms] [ERROR] [API 500] Request failed (500) @ http://localhost:5173/src/lib/api.ts:17
[  428846ms] [ERROR] Failed to load resource: the server responded with a status of 500 (Internal Server Error) @ http://localhost:5173/api/v1/alerts:0
[  428847ms] [ERROR] [API 500] Request failed (500) @ http://localhost:5173/src/lib/api.ts:17
[  429332ms] [ERROR] Failed to load resource: the server responded with a status of 500 (Internal Server Error) @ http://localhost:5173/api/v1/stations?hour=15:0
[  429332ms] [ERROR] [API 500] Request failed (500) @ http://localhost:5173/src/lib/api.ts:17
[  429764ms] [ERROR] Failed to load resource: the server responded with a status of 500 (Internal Server Error) @ http://localhost:5173/api/v1/routes:0
[  429764ms] [ERROR] [API 500] Request failed (500) @ http://localhost:5173/src/lib/api.ts:17
[  430259ms] [ERROR] Failed to load resource: the server responded with a status of 500 (Internal Server Error) @ http://localhost:5173/api/v1/alerts:0
[  430260ms] [ERROR] [API 500] Request failed (500) @ http://localhost:5173/src/lib/api.ts:17
[  430340ms] [ERROR] Failed to load resource: the server responded with a status of 500 (Internal Server Error) @ http://localhost:5173/api/v1/stations?hour=15:0
[  430340ms] [ERROR] [API 500] Request failed (500) @ http://localhost:5173/src/lib/api.ts:17
[  430796ms] [ERROR] Failed to load resource: the server responded with a status of 500 (Internal Server Error) @ http://localhost:5173/api/v1/routes:0
[  430796ms] [ERROR] [API 500] Request failed (500) @ http://localhost:5173/src/lib/api.ts:17
[  431749ms] [ERROR] Failed to load resource: the server responded with a status of 500 (Internal Server Error) @ http://localhost:5173/api/v1/stations?hour=15:0
[  431750ms] [ERROR] [API 500] Request failed (500) @ http://localhost:5173/src/lib/api.ts:17
[  432280ms] [ERROR] Failed to load resource: the server responded with a status of 500 (Internal Server Error) @ http://localhost:5173/api/v1/alerts:0
[  432281ms] [ERROR] [API 500] Request failed (500) @ http://localhost:5173/src/lib/api.ts:17
[  432924ms] [ERROR] Failed to load resource: the server responded with a status of 500 (Internal Server Error) @ http://localhost:5173/api/v1/routes:0
[  432924ms] [ERROR] [API 500] Request failed (500) @ http://localhost:5173/src/lib/api.ts:17
[  433784ms] [ERROR] Failed to load resource: the server responded with a status of 500 (Internal Server Error) @ http://localhost:5173/api/v1/stations?hour=15:0
[  433785ms] [ERROR] [API 500] Request failed (500) @ http://localhost:5173/src/lib/api.ts:17
[  434187ms] [ERROR] WebSocket connection to 'ws://localhost:5173/ws/realtime' failed: Connection closed before receiving a handshake response @ http://localhost:5173/src/lib/websocket.ts:47
[  436705ms] [ERROR] Failed to load resource: the server responded with a status of 500 (Internal Server Error) @ http://localhost:5173/api/v1/alerts:0
[  436705ms] [ERROR] [API 500] Request failed (500) @ http://localhost:5173/src/lib/api.ts:17
[  437155ms] [ERROR] Failed to load resource: the server responded with a status of 500 (Internal Server Error) @ http://localhost:5173/api/v1/routes:0
[  437155ms] [ERROR] [API 500] Request failed (500) @ http://localhost:5173/src/lib/api.ts:17
[  438082ms] [ERROR] Failed to load resource: the server responded with a status of 500 (Internal Server Error) @ http://localhost:5173/api/v1/stations?hour=15:0
[  438082ms] [ERROR] [API 500] Request failed (500) @ http://localhost:5173/src/lib/api.ts:17
[  439164ms] [ERROR] Failed to load resource: the server responded with a status of 500 (Internal Server Error) @ http://localhost:5173/api/v1/routes:0
[  439164ms] [ERROR] [API 500] Request failed (500) @ http://localhost:5173/src/lib/api.ts:17
[  440089ms] [ERROR] Failed to load resource: the server responded with a status of 500 (Internal Server Error) @ http://localhost:5173/api/v1/stations?hour=15:0
[  440089ms] [ERROR] [API 500] Request failed (500) @ http://localhost:5173/src/lib/api.ts:17
[  440539ms] [ERROR] Failed to load resource: the server responded with a status of 500 (Internal Server Error) @ http://localhost:5173/api/v1/routes:0
[  440539ms] [ERROR] [API 500] Request failed (500) @ http://localhost:5173/src/lib/api.ts:17
[  441457ms] [ERROR] Failed to load resource: the server responded with a status of 500 (Internal Server Error) @ http://localhost:5173/api/v1/stations?hour=15:0
[  441457ms] [ERROR] [API 500] Request failed (500) @ http://localhost:5173/src/lib/api.ts:17
[  442708ms] [ERROR] Failed to load resource: the server responded with a status of 500 (Internal Server Error) @ http://localhost:5173/api/v1/routes:0
[  442708ms] [ERROR] [API 500] Request failed (500) @ http://localhost:5173/src/lib/api.ts:17
[  443739ms] [ERROR] Failed to load resource: the server responded with a status of 500 (Internal Server Error) @ http://localhost:5173/api/v1/stations?hour=15:0
[  443739ms] [ERROR] [API 500] Request failed (500) @ http://localhost:5173/src/lib/api.ts:17
[  444856ms] [ERROR] WebSocket connection to 'ws://localhost:5173/ws/realtime' failed: Connection closed before receiving a handshake response @ http://localhost:5173/src/lib/websocket.ts:47
[  446881ms] [ERROR] Failed to load resource: the server responded with a status of 500 (Internal Server Error) @ http://localhost:5173/api/v1/routes:0
[  446881ms] [ERROR] [API 500] Request failed (500) @ http://localhost:5173/src/lib/api.ts:17
[  447767ms] [ERROR] Failed to load resource: the server responded with a status of 500 (Internal Server Error) @ http://localhost:5173/api/v1/stations?hour=15:0
[  447768ms] [ERROR] [API 500] Request failed (500) @ http://localhost:5173/src/lib/api.ts:17
[  450886ms] [ERROR] Failed to load resource: the server responded with a status of 500 (Internal Server Error) @ http://localhost:5173/api/v1/routes:0
[  450887ms] [ERROR] [API 500] Request failed (500) @ http://localhost:5173/src/lib/api.ts:17
[  451775ms] [ERROR] Failed to load resource: the server responded with a status of 500 (Internal Server Error) @ http://localhost:5173/api/v1/stations?hour=15:0
[  451775ms] [ERROR] [API 500] Request failed (500) @ http://localhost:5173/src/lib/api.ts:17
[  452179ms] [ERROR] Failed to load resource: the server responded with a status of 500 (Internal Server Error) @ http://localhost:5173/api/v1/routes:0
[  452179ms] [ERROR] [API 500] Request failed (500) @ http://localhost:5173/src/lib/api.ts:17
[  453100ms] [ERROR] Failed to load resource: the server responded with a status of 500 (Internal Server Error) @ http://localhost:5173/api/v1/stations?hour=15:0
[  453100ms] [ERROR] [API 500] Request failed (500) @ http://localhost:5173/src/lib/api.ts:17
[  454678ms] [ERROR] Failed to load resource: the server responded with a status of 500 (Internal Server Error) @ http://localhost:5173/api/v1/routes:0
[  454678ms] [ERROR] [API 500] Request failed (500) @ http://localhost:5173/src/lib/api.ts:17
[  455225ms] [ERROR] Failed to load resource: the server responded with a status of 500 (Internal Server Error) @ http://localhost:5173/api/v1/stations?hour=15:0
[  455226ms] [ERROR] [API 500] Request failed (500) @ http://localhost:5173/src/lib/api.ts:17
[  459145ms] [ERROR] Failed to load resource: the server responded with a status of 500 (Internal Server Error) @ http://localhost:5173/api/v1/routes:0
[  459145ms] [ERROR] [API 500] Request failed (500) @ http://localhost:5173/src/lib/api.ts:17
[  459608ms] [ERROR] Failed to load resource: the server responded with a status of 500 (Internal Server Error) @ http://localhost:5173/api/v1/stations?hour=15:0
[  459609ms] [ERROR] [API 500] Request failed (500) @ http://localhost:5173/src/lib/api.ts:17
[  460501ms] [ERROR] WebSocket connection to 'ws://localhost:5173/ws/realtime' failed: Connection closed before receiving a handshake response @ http://localhost:5173/src/lib/websocket.ts:47
[  484092ms] [ERROR] WebSocket connection to 'ws://localhost:5173/ws/realtime' failed: Connection closed before receiving a handshake response @ http://localhost:5173/src/lib/websocket.ts:47
[  514100ms] [ERROR] WebSocket connection to 'ws://localhost:5173/ws/realtime' failed: Connection closed before receiving a handshake response @ http://localhost:5173/src/lib/websocket.ts:47
[  519642ms] [ERROR] Failed to load resource: the server responded with a status of 500 (Internal Server Error) @ http://localhost:5173/api/v1/stations?hour=15:0
[  519642ms] [ERROR] [API 500] Request failed (500) @ http://localhost:5173/src/lib/api.ts:17
[  520933ms] [ERROR] Failed to load resource: the server responded with a status of 500 (Internal Server Error) @ http://localhost:5173/api/v1/stations?hour=15:0
[  520934ms] [ERROR] [API 500] Request failed (500) @ http://localhost:5173/src/lib/api.ts:17
[  523199ms] [ERROR] Failed to load resource: the server responded with a status of 500 (Internal Server Error) @ http://localhost:5173/api/v1/stations?hour=15:0
[  523199ms] [ERROR] [API 500] Request failed (500) @ http://localhost:5173/src/lib/api.ts:17
[  527456ms] [ERROR] Failed to load resource: the server responded with a status of 500 (Internal Server Error) @ http://localhost:5173/api/v1/stations?hour=15:0
[  527456ms] [ERROR] [API 500] Request failed (500) @ http://localhost:5173/src/lib/api.ts:17
[  528480ms] [ERROR] Failed to load resource: the server responded with a status of 500 (Internal Server Error) @ http://localhost:5173/api/v1/stations?hour=15:0
[  528480ms] [ERROR] [API 500] Request failed (500) @ http://localhost:5173/src/lib/api.ts:17
[  529491ms] [ERROR] Failed to load resource: the server responded with a status of 500 (Internal Server Error) @ http://localhost:5173/api/v1/stations?hour=15:0
[  529491ms] [ERROR] [API 500] Request failed (500) @ http://localhost:5173/src/lib/api.ts:17
[  531652ms] [ERROR] Failed to load resource: the server responded with a status of 500 (Internal Server Error) @ http://localhost:5173/api/v1/stations?hour=15:0
[  531653ms] [ERROR] [API 500] Request failed (500) @ http://localhost:5173/src/lib/api.ts:17
[  535968ms] [ERROR] Failed to load resource: the server responded with a status of 500 (Internal Server Error) @ http://localhost:5173/api/v1/stations?hour=15:0
[  535969ms] [ERROR] [API 500] Request failed (500) @ http://localhost:5173/src/lib/api.ts:17
[  537977ms] [ERROR] Failed to load resource: the server responded with a status of 500 (Internal Server Error) @ http://localhost:5173/api/v1/stations?hour=15:0
[  537977ms] [ERROR] [API 500] Request failed (500) @ http://localhost:5173/src/lib/api.ts:17
[  539064ms] [ERROR] Failed to load resource: the server responded with a status of 500 (Internal Server Error) @ http://localhost:5173/api/v1/stations?hour=15:0
[  539065ms] [ERROR] [API 500] Request failed (500) @ http://localhost:5173/src/lib/api.ts:17
[  541253ms] [ERROR] Failed to load resource: the server responded with a status of 500 (Internal Server Error) @ http://localhost:5173/api/v1/stations?hour=15:0
[  541253ms] [ERROR] [API 500] Request failed (500) @ http://localhost:5173/src/lib/api.ts:17
[  544111ms] [ERROR] WebSocket connection to 'ws://localhost:5173/ws/realtime' failed: Connection closed before receiving a handshake response @ http://localhost:5173/src/lib/websocket.ts:47
[  545743ms] [ERROR] Failed to load resource: the server responded with a status of 500 (Internal Server Error) @ http://localhost:5173/api/v1/stations?hour=15:0
[  545743ms] [ERROR] [API 500] Request failed (500) @ http://localhost:5173/src/lib/api.ts:17
[  549750ms] [ERROR] Failed to load resource: the server responded with a status of 500 (Internal Server Error) @ http://localhost:5173/api/v1/stations?hour=15:0
[  549750ms] [ERROR] [API 500] Request failed (500) @ http://localhost:5173/src/lib/api.ts:17
[  551219ms] [ERROR] Failed to load resource: the server responded with a status of 500 (Internal Server Error) @ http://localhost:5173/api/v1/stations?hour=15:0
[  551219ms] [ERROR] [API 500] Request failed (500) @ http://localhost:5173/src/lib/api.ts:17
[  553668ms] [ERROR] Failed to load resource: the server responded with a status of 500 (Internal Server Error) @ http://localhost:5173/api/v1/stations?hour=15:0
[  553668ms] [ERROR] [API 500] Request failed (500) @ http://localhost:5173/src/lib/api.ts:17
[  557999ms] [ERROR] Failed to load resource: the server responded with a status of 500 (Internal Server Error) @ http://localhost:5173/api/v1/stations?hour=15:0
[  558000ms] [ERROR] [API 500] Request failed (500) @ http://localhost:5173/src/lib/api.ts:17
[  574118ms] [ERROR] WebSocket connection to 'ws://localhost:5173/ws/realtime' failed: Connection closed before receiving a handshake response @ http://localhost:5173/src/lib/websocket.ts:47
[  604125ms] [ERROR] WebSocket connection to 'ws://localhost:5173/ws/realtime' failed: Connection closed before receiving a handshake response @ http://localhost:5173/src/lib/websocket.ts:47
[  618015ms] [ERROR] Failed to load resource: the server responded with a status of 500 (Internal Server Error) @ http://localhost:5173/api/v1/stations?hour=15:0
[  618016ms] [ERROR] [API 500] Request failed (500) @ http://localhost:5173/src/lib/api.ts:17
[  619286ms] [ERROR] Failed to load resource: the server responded with a status of 500 (Internal Server Error) @ http://localhost:5173/api/v1/stations?hour=15:0
[  619287ms] [ERROR] [API 500] Request failed (500) @ http://localhost:5173/src/lib/api.ts:17
[  621540ms] [ERROR] Failed to load resource: the server responded with a status of 500 (Internal Server Error) @ http://localhost:5173/api/v1/stations?hour=15:0
[  621540ms] [ERROR] [API 500] Request failed (500) @ http://localhost:5173/src/lib/api.ts:17
[  625571ms] [ERROR] Failed to load resource: the server responded with a status of 500 (Internal Server Error) @ http://localhost:5173/api/v1/stations?hour=15:0
[  625572ms] [ERROR] [API 500] Request failed (500) @ http://localhost:5173/src/lib/api.ts:17
[  626578ms] [ERROR] Failed to load resource: the server responded with a status of 500 (Internal Server Error) @ http://localhost:5173/api/v1/stations?hour=15:0
[  626579ms] [ERROR] [API 500] Request failed (500) @ http://localhost:5173/src/lib/api.ts:17
[  628080ms] [ERROR] Failed to load resource: the server responded with a status of 500 (Internal Server Error) @ http://localhost:5173/api/v1/stations?hour=15:0
[  628081ms] [ERROR] [API 500] Request failed (500) @ http://localhost:5173/src/lib/api.ts:17
[  630128ms] [ERROR] Failed to load resource: the server responded with a status of 500 (Internal Server Error) @ http://localhost:5173/api/v1/stations?hour=15:0
[  630128ms] [ERROR] [API 500] Request failed (500) @ http://localhost:5173/src/lib/api.ts:17
[  634129ms] [ERROR] WebSocket connection to 'ws://localhost:5173/ws/realtime' failed: Connection closed before receiving a handshake response @ http://localhost:5173/src/lib/websocket.ts:47
[  634152ms] [ERROR] Failed to load resource: the server responded with a status of 500 (Internal Server Error) @ http://localhost:5173/api/v1/stations?hour=15:0
[  634152ms] [ERROR] [API 500] Request failed (500) @ http://localhost:5173/src/lib/api.ts:17
[  636158ms] [ERROR] Failed to load resource: the server responded with a status of 500 (Internal Server Error) @ http://localhost:5173/api/v1/stations?hour=15:0
[  636159ms] [ERROR] [API 500] Request failed (500) @ http://localhost:5173/src/lib/api.ts:17
[  637487ms] [ERROR] Failed to load resource: the server responded with a status of 500 (Internal Server Error) @ http://localhost:5173/api/v1/stations?hour=15:0
[  637487ms] [ERROR] [API 500] Request failed (500) @ http://localhost:5173/src/lib/api.ts:17
[  639618ms] [ERROR] Failed to load resource: the server responded with a status of 500 (Internal Server Error) @ http://localhost:5173/api/v1/stations?hour=15:0
[  639618ms] [ERROR] [API 500] Request failed (500) @ http://localhost:5173/src/lib/api.ts:17
[  643865ms] [ERROR] Failed to load resource: the server responded with a status of 500 (Internal Server Error) @ http://localhost:5173/api/v1/stations?hour=15:0
[  643866ms] [ERROR] [API 500] Request failed (500) @ http://localhost:5173/src/lib/api.ts:17
[  647874ms] [ERROR] Failed to load resource: the server responded with a status of 500 (Internal Server Error) @ http://localhost:5173/api/v1/stations?hour=15:0
[  647874ms] [ERROR] [API 500] Request failed (500) @ http://localhost:5173/src/lib/api.ts:17
[  649059ms] [ERROR] Failed to load resource: the server responded with a status of 500 (Internal Server Error) @ http://localhost:5173/api/v1/stations?hour=15:0
[  649059ms] [ERROR] [API 500] Request failed (500) @ http://localhost:5173/src/lib/api.ts:17
[  651520ms] [ERROR] Failed to load resource: the server responded with a status of 500 (Internal Server Error) @ http://localhost:5173/api/v1/stations?hour=15:0
[  651520ms] [ERROR] [API 500] Request failed (500) @ http://localhost:5173/src/lib/api.ts:17
[  655020ms] [ERROR] Failed to load resource: the server responded with a status of 404 (Not Found) @ http://localhost:5173/src/App.tsx?t=1781086083286:0
[  655020ms] [ERROR] [vite] Failed to reload /src/App.tsx. This could be due to syntax errors or importing non-existent modules. (see errors above) @ http://localhost:5173/@vite/client:881
[  655020ms] [ERROR] Failed to load resource: the server responded with a status of 404 (Not Found) @ http://localhost:5173/src/styles/globals.css?t=1781086083286:0
[  655020ms] [ERROR] [vite] Failed to reload /src/styles/globals.css. This could be due to syntax errors or importing non-existent modules. (see errors above) @ http://localhost:5173/@vite/client:881
[  655021ms] [ERROR] Failed to load resource: the server responded with a status of 404 (Not Found) @ http://localhost:5173/src/routes/CommandCenter.tsx?t=1781086083288:0
[  655022ms] [ERROR] [vite] Failed to reload /src/routes/CommandCenter.tsx. This could be due to syntax errors or importing non-existent modules. (see errors above) @ http://localhost:5173/@vite/client:881
[  655022ms] [ERROR] Failed to load resource: the server responded with a status of 404 (Not Found) @ http://localhost:5173/src/styles/globals.css?t=1781086083288:0
[  655022ms] [ERROR] [vite] Failed to reload /src/styles/globals.css. This could be due to syntax errors or importing non-existent modules. (see errors above) @ http://localhost:5173/@vite/client:881
[  655023ms] [ERROR] Failed to load resource: the server responded with a status of 404 (Not Found) @ http://localhost:5173/src/routes/SimulationPage.tsx?t=1781086083288:0
[  655023ms] [ERROR] Failed to load resource: the server responded with a status of 404 (Not Found) @ http://localhost:5173/src/components/dashboard/DriftMonitor.tsx?t=1781086083288:0
[  655023ms] [ERROR] [vite] Failed to reload /src/routes/SimulationPage.tsx. This could be due to syntax errors or importing non-existent modules. (see errors above) @ http://localhost:5173/@vite/client:881
[  655023ms] [ERROR] [vite] Failed to reload /src/components/dashboard/DriftMonitor.tsx. This could be due to syntax errors or importing non-existent modules. (see errors above) @ http://localhost:5173/@vite/client:881
[  655023ms] [ERROR] Failed to load resource: the server responded with a status of 404 (Not Found) @ http://localhost:5173/src/components/dashboard/AnomalyPulse.tsx?t=1781086083288:0
[  655023ms] [ERROR] [vite] Failed to reload /src/components/dashboard/AnomalyPulse.tsx. This could be due to syntax errors or importing non-existent modules. (see errors above) @ http://localhost:5173/@vite/client:881
[  655023ms] [ERROR] Failed to load resource: the server responded with a status of 404 (Not Found) @ http://localhost:5173/src/components/dashboard/SimulationMetrics.tsx?t=1781086083288:0
[  655023ms] [ERROR] [vite] Failed to reload /src/components/dashboard/SimulationMetrics.tsx. This could be due to syntax errors or importing non-existent modules. (see errors above) @ http://localhost:5173/@vite/client:881
[  655024ms] [ERROR] [vite] Failed to reload /src/styles/globals.css. This could be due to syntax errors or importing non-existent modules. (see errors above) @ http://localhost:5173/@vite/client:881
[  655025ms] [ERROR] Failed to load resource: the server responded with a status of 404 (Not Found) @ http://localhost:5173/src/components/map/AnimatedBusLayer.tsx?t=1781086083288:0
[  655025ms] [ERROR] [vite] Failed to reload /src/components/map/AnimatedBusLayer.tsx. This could be due to syntax errors or importing non-existent modules. (see errors above) @ http://localhost:5173/@vite/client:881
[  655025ms] [ERROR] Failed to load resource: the server responded with a status of 404 (Not Found) @ http://localhost:5173/src/components/map/BusTrail.tsx?t=1781086083288:0
[  655025ms] [ERROR] [vite] Failed to reload /src/components/map/BusTrail.tsx. This could be due to syntax errors or importing non-existent modules. (see errors above) @ http://localhost:5173/@vite/client:881
[  655025ms] [ERROR] [vite] Failed to reload /src/styles/globals.css. This could be due to syntax errors or importing non-existent modules. (see errors above) @ http://localhost:5173/@vite/client:881
[  655026ms] [ERROR] Failed to load resource: the server responded with a status of 404 (Not Found) @ http://localhost:5173/src/routes/LiveMap.tsx?t=1781086083288:0
[  655026ms] [ERROR] [vite] Failed to reload /src/routes/LiveMap.tsx. This could be due to syntax errors or importing non-existent modules. (see errors above) @ http://localhost:5173/@vite/client:881
[  655026ms] [ERROR] Failed to load resource: the server responded with a status of 404 (Not Found) @ http://localhost:5173/src/components/dashboard/ConnectionProtectionPanel.tsx?t=1781086083288:0
[  655026ms] [ERROR] [vite] Failed to reload /src/components/dashboard/ConnectionProtectionPanel.tsx. This could be due to syntax errors or importing non-existent modules. (see errors above) @ http://localhost:5173/@vite/client:881
[  655026ms] [ERROR] Failed to load resource: the server responded with a status of 404 (Not Found) @ http://localhost:5173/src/components/map/ConnectionArcs.tsx?t=1781086083288:0
[  655026ms] [ERROR] [vite] Failed to reload /src/components/map/ConnectionArcs.tsx. This could be due to syntax errors or importing non-existent modules. (see errors above) @ http://localhost:5173/@vite/client:881
[  655027ms] [ERROR] Failed to load resource: the server responded with a status of 404 (Not Found) @ http://localhost:5173/src/components/ConnectionIndicator.tsx?t=1781086083289:0
[  655027ms] [ERROR] [vite] Failed to reload /src/components/ConnectionIndicator.tsx. This could be due to syntax errors or importing non-existent modules. (see errors above) @ http://localhost:5173/@vite/client:881
[  655027ms] [ERROR] Failed to load resource: the server responded with a status of 404 (Not Found) @ http://localhost:5173/src/styles/globals.css?t=1781086083289:0
[  655027ms] [ERROR] [vite] Failed to reload /src/styles/globals.css. This could be due to syntax errors or importing non-existent modules. (see errors above) @ http://localhost:5173/@vite/client:881
[  655027ms] [ERROR] Failed to load resource: the server responded with a status of 404 (Not Found) @ http://localhost:5173/src/routes/SimulationPage.tsx?t=1781086083289:0
[  655028ms] [ERROR] [vite] Failed to reload /src/routes/SimulationPage.tsx. This could be due to syntax errors or importing non-existent modules. (see errors above) @ http://localhost:5173/@vite/client:881
[  655028ms] [ERROR] Failed to load resource: the server responded with a status of 404 (Not Found) @ http://localhost:5173/src/components/dashboard/SimulationMetrics.tsx?t=1781086083289:0
[  655028ms] [ERROR] [vite] Failed to reload /src/components/dashboard/SimulationMetrics.tsx. This could be due to syntax errors or importing non-existent modules. (see errors above) @ http://localhost:5173/@vite/client:881
[  655028ms] [ERROR] [vite] Failed to reload /src/styles/globals.css. This could be due to syntax errors or importing non-existent modules. (see errors above) @ http://localhost:5173/@vite/client:881
[  655029ms] [ERROR] Failed to load resource: the server responded with a status of 404 (Not Found) @ http://localhost:5173/src/routes/LiveMap.tsx?t=1781086083289:0
[  655029ms] [ERROR] [vite] Failed to reload /src/routes/LiveMap.tsx. This could be due to syntax errors or importing non-existent modules. (see errors above) @ http://localhost:5173/@vite/client:881
[  655029ms] [ERROR] Failed to load resource: the server responded with a status of 404 (Not Found) @ http://localhost:5173/src/components/dashboard/ConnectionProtectionPanel.tsx?t=1781086083289:0
[  655029ms] [ERROR] [vite] Failed to reload /src/components/dashboard/ConnectionProtectionPanel.tsx. This could be due to syntax errors or importing non-existent modules. (see errors above) @ http://localhost:5173/@vite/client:881
[  655029ms] [ERROR] Failed to load resource: the server responded with a status of 404 (Not Found) @ http://localhost:5173/src/components/map/ConnectionArcs.tsx?t=1781086083289:0
[  655029ms] [ERROR] [vite] Failed to reload /src/components/map/ConnectionArcs.tsx. This could be due to syntax errors or importing non-existent modules. (see errors above) @ http://localhost:5173/@vite/client:881
[  655029ms] [ERROR] [vite] Failed to reload /src/styles/globals.css. This could be due to syntax errors or importing non-existent modules. (see errors above) @ http://localhost:5173/@vite/client:881
[  655030ms] [ERROR] Failed to load resource: the server responded with a status of 404 (Not Found) @ http://localhost:5173/src/routes/Settings.tsx?t=1781086083289:0
[  655030ms] [ERROR] [vite] Failed to reload /src/routes/Settings.tsx. This could be due to syntax errors or importing non-existent modules. (see errors above) @ http://localhost:5173/@vite/client:881
[  655030ms] [ERROR] Failed to load resource: the server responded with a status of 404 (Not Found) @ http://localhost:5173/src/components/map/MapContainer.tsx?t=1781086083289:0
[  655030ms] [ERROR] [vite] Failed to reload /src/components/map/MapContainer.tsx. This could be due to syntax errors or importing non-existent modules. (see errors above) @ http://localhost:5173/@vite/client:881
[  655030ms] [ERROR] [vite] Failed to reload /src/styles/globals.css. This could be due to syntax errors or importing non-existent modules. (see errors above) @ http://localhost:5173/@vite/client:881
[  655030ms] [ERROR] [vite] Failed to reload /src/routes/LiveMap.tsx. This could be due to syntax errors or importing non-existent modules. (see errors above) @ http://localhost:5173/@vite/client:881
[  655031ms] [ERROR] Failed to load resource: the server responded with a status of 404 (Not Found) @ http://localhost:5173/src/components/map/TimelineBar.tsx?t=1781086083289:0
[  655031ms] [ERROR] [vite] Failed to reload /src/components/map/TimelineBar.tsx. This could be due to syntax errors or importing non-existent modules. (see errors above) @ http://localhost:5173/@vite/client:881
[  655032ms] [ERROR] Failed to load resource: the server responded with a status of 404 (Not Found) @ http://localhost:5173/src/styles/globals.css?t=1781086083290:0
[  655032ms] [ERROR] [vite] Failed to reload /src/styles/globals.css. This could be due to syntax errors or importing non-existent modules. (see errors above) @ http://localhost:5173/@vite/client:881
[  655033ms] [ERROR] Failed to load resource: the server responded with a status of 404 (Not Found) @ http://localhost:5173/src/components/ui/card.tsx?t=1781086083290:0
[  655033ms] [ERROR] [vite] Failed to reload /src/components/ui/card.tsx. This could be due to syntax errors or importing non-existent modules. (see errors above) @ http://localhost:5173/@vite/client:881
[  655033ms] [ERROR] Failed to load resource: the server responded with a status of 404 (Not Found) @ http://localhost:5173/src/components/ui/input-group.tsx?t=1781086083290:0
[  655033ms] [ERROR] [vite] Failed to reload /src/components/ui/input-group.tsx. This could be due to syntax errors or importing non-existent modules. (see errors above) @ http://localhost:5173/@vite/client:881
[  655034ms] [ERROR] Failed to load resource: the server responded with a status of 404 (Not Found) @ http://localhost:5173/src/components/ui/map.tsx?t=1781086083291:0
[  655034ms] [ERROR] [vite] Failed to reload /src/components/ui/map.tsx. This could be due to syntax errors or importing non-existent modules. (see errors above) @ http://localhost:5173/@vite/client:881
[  655035ms] [ERROR] Failed to load resource: the server responded with a status of 404 (Not Found) @ http://localhost:5173/src/components/ui/command.tsx?t=1781086083292:0
[  655035ms] [ERROR] [vite] Failed to reload /src/components/ui/command.tsx. This could be due to syntax errors or importing non-existent modules. (see errors above) @ http://localhost:5173/@vite/client:881
[  655035ms] [ERROR] Failed to load resource: the server responded with a status of 404 (Not Found) @ http://localhost:5173/src/components/ui/kbd.tsx?t=1781086083292:0
[  655035ms] [ERROR] [vite] Failed to reload /src/components/ui/kbd.tsx. This could be due to syntax errors or importing non-existent modules. (see errors above) @ http://localhost:5173/@vite/client:881
[  655036ms] [ERROR] Failed to load resource: the server responded with a status of 404 (Not Found) @ http://localhost:5173/src/components/ui/dialog.tsx?t=1781086083292:0
[  655036ms] [ERROR] [vite] Failed to reload /src/components/ui/dialog.tsx. This could be due to syntax errors or importing non-existent modules. (see errors above) @ http://localhost:5173/@vite/client:881
[  655036ms] [ERROR] Failed to load resource: the server responded with a status of 404 (Not Found) @ http://localhost:5173/src/components/ui/badge.tsx?t=1781086083292:0
[  655037ms] [ERROR] [vite] Failed to reload /src/components/ui/badge.tsx. This could be due to syntax errors or importing non-existent modules. (see errors above) @ http://localhost:5173/@vite/client:881
[  655037ms] [ERROR] Failed to load resource: the server responded with a status of 404 (Not Found) @ http://localhost:5173/src/components/ui/ConfidenceBadge.tsx?t=1781086083292:0
[  655037ms] [ERROR] [vite] Failed to reload /src/components/ui/ConfidenceBadge.tsx. This could be due to syntax errors or importing non-existent modules. (see errors above) @ http://localhost:5173/@vite/client:881
[  655038ms] [ERROR] Failed to load resource: the server responded with a status of 404 (Not Found) @ http://localhost:5173/src/components/ui/button.tsx?t=1781086083293:0
[  655038ms] [ERROR] [vite] Failed to reload /src/components/ui/button.tsx. This could be due to syntax errors or importing non-existent modules. (see errors above) @ http://localhost:5173/@vite/client:881
[  655039ms] [ERROR] Failed to load resource: the server responded with a status of 404 (Not Found) @ http://localhost:5173/src/components/ui/toast.tsx?t=1781086083293:0
[  655039ms] [ERROR] [vite] Failed to reload /src/components/ui/toast.tsx. This could be due to syntax errors or importing non-existent modules. (see errors above) @ http://localhost:5173/@vite/client:881
[  655039ms] [ERROR] Failed to load resource: the server responded with a status of 404 (Not Found) @ http://localhost:5173/src/components/ui/dropdown-menu.tsx?t=1781086083293:0
[  655040ms] [ERROR] [vite] Failed to reload /src/components/ui/dropdown-menu.tsx. This could be due to syntax errors or importing non-existent modules. (see errors above) @ http://localhost:5173/@vite/client:881
[  655040ms] [ERROR] Failed to load resource: the server responded with a status of 404 (Not Found) @ http://localhost:5173/src/components/ui/textarea.tsx?t=1781086083293:0
[  655040ms] [ERROR] [vite] Failed to reload /src/components/ui/textarea.tsx. This could be due to syntax errors or importing non-existent modules. (see errors above) @ http://localhost:5173/@vite/client:881
[  655041ms] [ERROR] Failed to load resource: the server responded with a status of 404 (Not Found) @ http://localhost:5173/src/components/ui/input.tsx?t=1781086083293:0
[  655041ms] [ERROR] [vite] Failed to reload /src/components/ui/input.tsx. This could be due to syntax errors or importing non-existent modules. (see errors above) @ http://localhost:5173/@vite/client:881
[  655042ms] [ERROR] Failed to load resource: the server responded with a status of 404 (Not Found) @ http://localhost:5173/src/components/ui/skeleton.tsx?t=1781086083293:0
[  655042ms] [ERROR] [vite] Failed to reload /src/components/ui/skeleton.tsx. This could be due to syntax errors or importing non-existent modules. (see errors above) @ http://localhost:5173/@vite/client:881
[  655042ms] [ERROR] Failed to load resource: the server responded with a status of 404 (Not Found) @ http://localhost:5173/src/components/CommandPalette.tsx?t=1781086083293:0
[  655042ms] [ERROR] [vite] Failed to reload /src/components/CommandPalette.tsx. This could be due to syntax errors or importing non-existent modules. (see errors above) @ http://localhost:5173/@vite/client:881
[  655043ms] [ERROR] Failed to load resource: the server responded with a status of 404 (Not Found) @ http://localhost:5173/src/components/ConnectionIndicator.tsx?t=1781086083294:0
[  655043ms] [ERROR] [vite] Failed to reload /src/components/ConnectionIndicator.tsx. This could be due to syntax errors or importing non-existent modules. (see errors above) @ http://localhost:5173/@vite/client:881
[  655043ms] [ERROR] Failed to load resource: the server responded with a status of 404 (Not Found) @ http://localhost:5173/src/components/dashboard/InterventionTracker.tsx?t=1781086083294:0
[  655044ms] [ERROR] [vite] Failed to reload /src/components/dashboard/InterventionTracker.tsx. This could be due to syntax errors or importing non-existent modules. (see errors above) @ http://localhost:5173/@vite/client:881
[  655044ms] [ERROR] Failed to load resource: the server responded with a status of 404 (Not Found) @ http://localhost:5173/src/components/dashboard/AnomalyPulse.tsx?t=1781086083294:0
[  655044ms] [ERROR] [vite] Failed to reload /src/components/dashboard/AnomalyPulse.tsx. This could be due to syntax errors or importing non-existent modules. (see errors above) @ http://localhost:5173/@vite/client:881
[  655044ms] [ERROR] Failed to load resource: the server responded with a status of 404 (Not Found) @ http://localhost:5173/src/components/dashboard/KPIGrid.tsx?t=1781086083294:0
[  655045ms] [ERROR] [vite] Failed to reload /src/components/dashboard/KPIGrid.tsx. This could be due to syntax errors or importing non-existent modules. (see errors above) @ http://localhost:5173/@vite/client:881
[  655045ms] [ERROR] Failed to load resource: the server responded with a status of 404 (Not Found) @ http://localhost:5173/src/components/dashboard/DriftMonitor.tsx?t=1781086083294:0
[  655045ms] [ERROR] [vite] Failed to reload /src/components/dashboard/DriftMonitor.tsx. This could be due to syntax errors or importing non-existent modules. (see errors above) @ http://localhost:5173/@vite/client:881
[  655046ms] [ERROR] Failed to load resource: the server responded with a status of 404 (Not Found) @ http://localhost:5173/src/components/dashboard/PredictiveHeatmap.tsx?t=1781086083294:0
[  655046ms] [ERROR] [vite] Failed to reload /src/components/dashboard/PredictiveHeatmap.tsx. This could be due to syntax errors or importing non-existent modules. (see errors above) @ http://localhost:5173/@vite/client:881
[  655046ms] [ERROR] Failed to load resource: the server responded with a status of 404 (Not Found) @ http://localhost:5173/src/components/dashboard/SimulationMetrics.tsx?t=1781086083294:0
[  655046ms] [ERROR] [vite] Failed to reload /src/components/dashboard/SimulationMetrics.tsx. This could be due to syntax errors or importing non-existent modules. (see errors above) @ http://localhost:5173/@vite/client:881
[  655047ms] [ERROR] Failed to load resource: the server responded with a status of 404 (Not Found) @ http://localhost:5173/src/components/dashboard/ConnectionProtectionPanel.tsx?t=1781086083295:0
[  655047ms] [ERROR] [vite] Failed to reload /src/components/dashboard/ConnectionProtectionPanel.tsx. This could be due to syntax errors or importing non-existent modules. (see errors above) @ http://localhost:5173/@vite/client:881
[  655047ms] [ERROR] Failed to load resource: the server responded with a status of 404 (Not Found) @ http://localhost:5173/src/components/dashboard/PlaybookCard.tsx?t=1781086083295:0
[  655048ms] [ERROR] [vite] Failed to reload /src/components/dashboard/PlaybookCard.tsx. This could be due to syntax errors or importing non-existent modules. (see errors above) @ http://localhost:5173/@vite/client:881
[  655048ms] [ERROR] Failed to load resource: the server responded with a status of 404 (Not Found) @ http://localhost:5173/src/components/map/MapContainer.tsx?t=1781086083295:0
[  655048ms] [ERROR] [vite] Failed to reload /src/components/map/MapContainer.tsx. This could be due to syntax errors or importing non-existent modules. (see errors above) @ http://localhost:5173/@vite/client:881
[  655049ms] [ERROR] Failed to load resource: the server responded with a status of 404 (Not Found) @ http://localhost:5173/src/components/map/RoutePathLayer.tsx?t=1781086083295:0
[  655049ms] [ERROR] [vite] Failed to reload /src/components/map/RoutePathLayer.tsx. This could be due to syntax errors or importing non-existent modules. (see errors above) @ http://localhost:5173/@vite/client:881
[  655049ms] [ERROR] Failed to load resource: the server responded with a status of 404 (Not Found) @ http://localhost:5173/src/components/map/TimelineBar.tsx?t=1781086083295:0
[  655049ms] [ERROR] [vite] Failed to reload /src/components/map/TimelineBar.tsx. This could be due to syntax errors or importing non-existent modules. (see errors above) @ http://localhost:5173/@vite/client:881
[  655050ms] [ERROR] Failed to load resource: the server responded with a status of 404 (Not Found) @ http://localhost:5173/src/components/map/ConnectionArcs.tsx?t=1781086083295:0
[  655050ms] [ERROR] [vite] Failed to reload /src/components/map/ConnectionArcs.tsx. This could be due to syntax errors or importing non-existent modules. (see errors above) @ http://localhost:5173/@vite/client:881
[  655050ms] [ERROR] Failed to load resource: the server responded with a status of 404 (Not Found) @ http://localhost:5173/src/components/map/StationMarker.tsx?t=1781086083295:0
[  655050ms] [ERROR] [vite] Failed to reload /src/components/map/StationMarker.tsx. This could be due to syntax errors or importing non-existent modules. (see errors above) @ http://localhost:5173/@vite/client:881
[  655051ms] [ERROR] Failed to load resource: the server responded with a status of 404 (Not Found) @ http://localhost:5173/src/components/map/BusTrail.tsx?t=1781086083295:0
[  655051ms] [ERROR] [vite] Failed to reload /src/components/map/BusTrail.tsx. This could be due to syntax errors or importing non-existent modules. (see errors above) @ http://localhost:5173/@vite/client:881
[  655052ms] [ERROR] Failed to load resource: the server responded with a status of 404 (Not Found) @ http://localhost:5173/src/components/map/AnimatedBusLayer.tsx?t=1781086083295:0
[  655052ms] [ERROR] [vite] Failed to reload /src/components/map/AnimatedBusLayer.tsx. This could be due to syntax errors or importing non-existent modules. (see errors above) @ http://localhost:5173/@vite/client:881
[  655052ms] [ERROR] Failed to load resource: the server responded with a status of 404 (Not Found) @ http://localhost:5173/src/components/map/StationDetailPanel.tsx?t=1781086083295:0
[  655052ms] [ERROR] [vite] Failed to reload /src/components/map/StationDetailPanel.tsx. This could be due to syntax errors or importing non-existent modules. (see errors above) @ http://localhost:5173/@vite/client:881
[  655053ms] [ERROR] Failed to load resource: the server responded with a status of 404 (Not Found) @ http://localhost:5173/src/components/ErrorBoundary.tsx?t=1781086083295:0
[  655053ms] [ERROR] [vite] Failed to reload /src/components/ErrorBoundary.tsx. This could be due to syntax errors or importing non-existent modules. (see errors above) @ http://localhost:5173/@vite/client:881
[  655053ms] [ERROR] Failed to load resource: the server responded with a status of 404 (Not Found) @ http://localhost:5173/src/routes/AlertsPage.tsx?t=1781086083296:0
[  655053ms] [ERROR] [vite] Failed to reload /src/routes/AlertsPage.tsx. This could be due to syntax errors or importing non-existent modules. (see errors above) @ http://localhost:5173/@vite/client:881
[  655054ms] [ERROR] Failed to load resource: the server responded with a status of 404 (Not Found) @ http://localhost:5173/src/routes/LiveMap.tsx?t=1781086083296:0
[  655054ms] [ERROR] [vite] Failed to reload /src/routes/LiveMap.tsx. This could be due to syntax errors or importing non-existent modules. (see errors above) @ http://localhost:5173/@vite/client:881
[  655054ms] [ERROR] Failed to load resource: the server responded with a status of 404 (Not Found) @ http://localhost:5173/src/routes/CommandCenter.tsx?t=1781086083296:0
[  655054ms] [ERROR] [vite] Failed to reload /src/routes/CommandCenter.tsx. This could be due to syntax errors or importing non-existent modules. (see errors above) @ http://localhost:5173/@vite/client:881
[  655054ms] [ERROR] [vite] Failed to reload /src/routes/LiveMap.tsx. This could be due to syntax errors or importing non-existent modules. (see errors above) @ http://localhost:5173/@vite/client:881
[  655054ms] [ERROR] [vite] Failed to reload /src/routes/LiveMap.tsx. This could be due to syntax errors or importing non-existent modules. (see errors above) @ http://localhost:5173/@vite/client:881
[  655055ms] [ERROR] Failed to load resource: the server responded with a status of 404 (Not Found) @ http://localhost:5173/src/routes/ForecastPage.tsx?t=1781086083296:0
[  655055ms] [ERROR] [vite] Failed to reload /src/routes/ForecastPage.tsx. This could be due to syntax errors or importing non-existent modules. (see errors above) @ http://localhost:5173/@vite/client:881
[  655055ms] [ERROR] [vite] Failed to reload /src/routes/LiveMap.tsx. This could be due to syntax errors or importing non-existent modules. (see errors above) @ http://localhost:5173/@vite/client:881
[  655055ms] [ERROR] [vite] Failed to reload /src/routes/AlertsPage.tsx. This could be due to syntax errors or importing non-existent modules. (see errors above) @ http://localhost:5173/@vite/client:881
[  655055ms] [ERROR] Failed to load resource: the server responded with a status of 404 (Not Found) @ http://localhost:5173/src/routes/SimulationPage.tsx?t=1781086083296:0
[  655055ms] [ERROR] [vite] Failed to reload /src/routes/SimulationPage.tsx. This could be due to syntax errors or importing non-existent modules. (see errors above) @ http://localhost:5173/@vite/client:881
[  655055ms] [ERROR] [vite] Failed to reload /src/routes/CommandCenter.tsx. This could be due to syntax errors or importing non-existent modules. (see errors above) @ http://localhost:5173/@vite/client:881
[  655056ms] [ERROR] Failed to load resource: the server responded with a status of 404 (Not Found) @ http://localhost:5173/src/routes/Settings.tsx?t=1781086083296:0
[  655056ms] [ERROR] [vite] Failed to reload /src/routes/Settings.tsx. This could be due to syntax errors or importing non-existent modules. (see errors above) @ http://localhost:5173/@vite/client:881
[  655057ms] [ERROR] Failed to load resource: the server responded with a status of 404 (Not Found) @ http://localhost:5173/src/routes/LiveMap.tsx?t=1781086083297:0
[  655057ms] [ERROR] [vite] Failed to reload /src/routes/LiveMap.tsx. This could be due to syntax errors or importing non-existent modules. (see errors above) @ http://localhost:5173/@vite/client:881
[  655057ms] [ERROR] Failed to load resource: the server responded with a status of 404 (Not Found) @ http://localhost:5173/src/routes/AlertsPage.tsx?t=1781086083297:0
[  655057ms] [ERROR] [vite] Failed to reload /src/routes/AlertsPage.tsx. This could be due to syntax errors or importing non-existent modules. (see errors above) @ http://localhost:5173/@vite/client:881
[  655057ms] [ERROR] Failed to load resource: the server responded with a status of 404 (Not Found) @ http://localhost:5173/src/routes/CommandCenter.tsx?t=1781086083297:0
[  655057ms] [ERROR] [vite] Failed to reload /src/routes/CommandCenter.tsx. This could be due to syntax errors or importing non-existent modules. (see errors above) @ http://localhost:5173/@vite/client:881
[  655057ms] [ERROR] Failed to load resource: the server responded with a status of 404 (Not Found) @ http://localhost:5173/src/routes/ExecutivePage.tsx?t=1781086083297:0
[  655057ms] [ERROR] [vite] Failed to reload /src/routes/ExecutivePage.tsx. This could be due to syntax errors or importing non-existent modules. (see errors above) @ http://localhost:5173/@vite/client:881
[  655058ms] [ERROR] Failed to load resource: the server responded with a status of 404 (Not Found) @ http://localhost:5173/src/routes/ForecastPage.tsx?t=1781086083297:0
[  655058ms] [ERROR] [vite] Failed to reload /src/routes/ForecastPage.tsx. This could be due to syntax errors or importing non-existent modules. (see errors above) @ http://localhost:5173/@vite/client:881
[  655058ms] [ERROR] Failed to load resource: the server responded with a status of 404 (Not Found) @ http://localhost:5173/src/routes/SimulationPage.tsx?t=1781086083297:0
[  655058ms] [ERROR] [vite] Failed to reload /src/routes/SimulationPage.tsx. This could be due to syntax errors or importing non-existent modules. (see errors above) @ http://localhost:5173/@vite/client:881
[  655058ms] [ERROR] [vite] Failed to reload /src/routes/LiveMap.tsx. This could be due to syntax errors or importing non-existent modules. (see errors above) @ http://localhost:5173/@vite/client:881
[  655058ms] [ERROR] [vite] Failed to reload /src/routes/AlertsPage.tsx. This could be due to syntax errors or importing non-existent modules. (see errors above) @ http://localhost:5173/@vite/client:881
[  655058ms] [ERROR] [vite] Failed to reload /src/routes/CommandCenter.tsx. This could be due to syntax errors or importing non-existent modules. (see errors above) @ http://localhost:5173/@vite/client:881
[  655058ms] [ERROR] [vite] Failed to reload /src/routes/ExecutivePage.tsx. This could be due to syntax errors or importing non-existent modules. (see errors above) @ http://localhost:5173/@vite/client:881
[  655058ms] [ERROR] [vite] Failed to reload /src/routes/ForecastPage.tsx. This could be due to syntax errors or importing non-existent modules. (see errors above) @ http://localhost:5173/@vite/client:881
[  655058ms] [ERROR] [vite] Failed to reload /src/routes/SimulationPage.tsx. This could be due to syntax errors or importing non-existent modules. (see errors above) @ http://localhost:5173/@vite/client:881
[  655059ms] [ERROR] Failed to load resource: the server responded with a status of 404 (Not Found) @ http://localhost:5173/src/routes/Settings.tsx?t=1781086083297:0
[  655059ms] [ERROR] [vite] Failed to reload /src/routes/Settings.tsx. This could be due to syntax errors or importing non-existent modules. (see errors above) @ http://localhost:5173/@vite/client:881
[  655059ms] [ERROR] [vite] Failed to reload /src/routes/Settings.tsx. This could be due to syntax errors or importing non-existent modules. (see errors above) @ http://localhost:5173/@vite/client:881
[  655059ms] [ERROR] [vite] Failed to reload /src/routes/ForecastPage.tsx. This could be due to syntax errors or importing non-existent modules. (see errors above) @ http://localhost:5173/@vite/client:881
[  655059ms] [ERROR] [vite] Failed to reload /src/routes/CommandCenter.tsx. This could be due to syntax errors or importing non-existent modules. (see errors above) @ http://localhost:5173/@vite/client:881
[  655059ms] [ERROR] [vite] Failed to reload /src/routes/SimulationPage.tsx. This could be due to syntax errors or importing non-existent modules. (see errors above) @ http://localhost:5173/@vite/client:881
[  655059ms] [ERROR] [vite] Failed to reload /src/routes/AlertsPage.tsx. This could be due to syntax errors or importing non-existent modules. (see errors above) @ http://localhost:5173/@vite/client:881
[  655059ms] [ERROR] [vite] Failed to reload /src/routes/LiveMap.tsx. This could be due to syntax errors or importing non-existent modules. (see errors above) @ http://localhost:5173/@vite/client:881
[  655060ms] [ERROR] Failed to load resource: the server responded with a status of 404 (Not Found) @ http://localhost:5173/src/routes/ExecutivePage.tsx?t=1781086083298:0
[  655060ms] [ERROR] [vite] Failed to reload /src/routes/ExecutivePage.tsx. This could be due to syntax errors or importing non-existent modules. (see errors above) @ http://localhost:5173/@vite/client:881
[  655136ms] [ERROR] Failed to load resource: the server responded with a status of 404 () @ chrome-error://chromewebdata/:0
