{
  "No Adaptive Adj": {
    "config": {
      "lora_r": 12,
      "use_adaptive": false,
      "use_graph": true
    },
    "test_full": {
      "accuracy_wape": 65.89303727190651,
      "mae": 6.505941543055997,
      "mape": 390854422.80307597,
      "mase": 0.7133332719317336,
      "mse": 98.07181744871139,
      "r2": 0.6862134073168906,
      "rmse": 9.90312160122814,
      "smape": 40.10713500562786,
      "wape": 34.1069627280935
    },
    "test_h1": {
      "accuracy_wape": 65.73351187149866,
      "mae": 6.537498817131233,
      "mape": 396868631.23274684,
      "mase": 0.7167933174025327,
      "mse": 98.79737366684799,
      "r2": 0.6838299320816155,
      "rmse": 9.939686799233062,
      "smape": 40.318366217246286,
      "wape": 34.26648812850134
    },
    "val_full": {
      "accuracy_wape": 65.87857829550683,
      "mae": 6.44202085588495,
      "mape": 416484322.10535455,
      "mase": 0.7063247932016234,
      "mse": 95.22539454013261,
      "r2": 0.6854454366480718,
      "rmse": 9.758349990655828,
      "smape": 40.226069396857746,
      "wape": 34.12142170449318
    },
    "val_h1": {
      "accuracy_wape": 65.70330001040188,
      "mae": 6.479053880895598,
      "mape": 424347717.55904126,
      "mase": 0.7103852183876707,
      "mse": 96.1400283595021,
      "r2": 0.6824550915459308,
      "rmse": 9.80510215956479,
      "smape": 40.44208413521703,
      "wape": 34.29669998959812
    }
  },
  "No Graph": {
    "config": {
      "lora_r": 12,
      "use_adaptive": false,
      "use_graph": false
    },
    "test_full": {
      "accuracy_wape": 35.26370549844063,
      "mae": 12.348521065884574,
      "mape": 1367400594.2096107,
      "mase": 1.3539333049875153,
      "mse": 280.59160560227485,
      "r2": 0.10223052709851077,
      "rmse": 16.750868801416686,
      "smape": 69.71789510467009,
      "wape": 64.73629450155937
    },
    "test_h1": {
      "accuracy_wape": 35.28218332077108,
      "mae": 12.347126101780631,
      "mape": 1359098090.9020927,
      "mase": 1.3537803564401134,
      "mse": 280.98256373345595,
      "r2": 0.10080326063061362,
      "rmse": 16.762534525943742,
      "smape": 69.7113771318247,
      "wape": 64.71781667922892
    },
    "val_full": {
      "accuracy_wape": 35.2488611451363,
      "mae": 12.22481848962366,
      "mape": 1486216305.040812,
      "mase": 1.3403701392433096,
      "mse": 272.66376033163334,
      "r2": 0.09931977192423092,
      "rmse": 16.51253343165831,
      "smape": 69.57796665492032,
      "wape": 64.7511388548637
    },
    "val_h1": {
      "accuracy_wape": 35.307646229181614,
      "mae": 12.221153810431174,
      "mape": 1472652895.0185559,
      "mase": 1.3399683315139201,
      "mse": 273.0287942058344,
      "r2": 0.09820181103735226,
      "rmse": 16.523582971191036,
      "smape": 69.5657515606059,
      "wape": 64.69235377081839
    }
  },
  "No LoRA": {
    "config": {
      "lora_r": 0,
      "use_adaptive": true,
      "use_graph": true
    },
    "test_full": {
      "accuracy_wape": 66.75113848206998,
      "mae": 6.342257771039829,
      "mape": 352708336.6573223,
      "mase": 0.6953864336637132,
      "mse": 96.22637970234902,
      "r2": 0.6921179947662124,
      "rmse": 9.8095045594744,
      "smape": 39.20474355517285,
      "wape": 33.248861517930024
    },
    "test_h1": {
      "accuracy_wape": 66.74945003666166,
      "mae": 6.3436740362513016,
      "mape": 345157991.7706631,
      "mase": 0.6955417177360549,
      "mse": 96.52380202342206,
      "r2": 0.6911057864311779,
      "rmse": 9.824652768592998,
      "smape": 39.24928366406046,
      "wape": 33.250549963338344
    },
    "val_full": {
      "accuracy_wape": 66.73594994992021,
      "mae": 6.280151689740317,
      "mape": 378019521.2937129,
      "mase": 0.6885769144131868,
      "mse": 93.32113585281904,
      "r2": 0.6917357047303383,
      "rmse": 9.660286530575531,
      "smape": 39.33996184912738,
      "wape": 33.26405005007979
    },
    "val_h1": {
      "accuracy_wape": 66.73196820303284,
      "mae": 6.284726244486239,
      "mape": 368427552.0911815,
      "mase": 0.6890784839528059,
      "mse": 93.59224763030485,
      "r2": 0.6908702627521291,
      "rmse": 9.674308638362994,
      "smape": 39.38892135786784,
      "wape": 33.268031796967165
    }
  }
}