{
  "base": {
    "mae": 6.551892280578613
  },
  "kalman": {
    "mae": 6.709744453430176
  },
  "kalman_recon": {
    "mae": 6.599658012390137
  },
  "no_adapt_kalman": {
    "mae": 7.457590579986572
  },
  "no_adapt_kalman_recon": {
    "mae": 7.376896858215332
  }
}