{
  "No Adaptive Adj": {
    "config": {
      "lora_r": 12,
      "use_adaptive": false,
      "use_graph": true
    },
    "test_full": {
      "accuracy_wape": 65.90275700623499,
      "mae": 6.504087492788921,
      "mape": 391244288.9215887,
      "mase": 0.7131299876362036,
      "mse": 98.73075552173628,
      "r2": 0.6841050958967236,
      "rmse": 9.936335115209042,
      "smape": 40.19451779605204,
      "wape": 34.09724299376501
    },
    "test_h1": {
      "accuracy_wape": 65.65015424141814,
      "mae": 6.553402122016364,
      "mape": 403164704.84502816,
      "mase": 0.7185370091392571,
      "mse": 99.78934093104706,
      "r2": 0.6806554513676623,
      "rmse": 9.98946149354644,
      "smape": 40.46815858759759,
      "wape": 34.349845758581864
    },
    "val_full": {
      "accuracy_wape": 65.90286153275201,
      "mae": 6.437436254395109,
      "mape": 420006715.052969,
      "mase": 0.7058221221032731,
      "mse": 95.63135495719644,
      "r2": 0.684104442448527,
      "rmse": 9.779128537717277,
      "smape": 40.31685562371546,
      "wape": 34.097138467247994
    },
    "val_h1": {
      "accuracy_wape": 65.64408820415022,
      "mae": 6.490239694201426,
      "mape": 434300958.2076734,
      "mase": 0.7116116685105096,
      "mse": 96.88423026903664,
      "r2": 0.6799970360276735,
      "rmse": 9.842978729482079,
      "smape": 40.57881274813391,
      "wape": 34.35591179584978
    }
  },
  "No Graph": {
    "config": {
      "lora_r": 12,
      "use_adaptive": false,
      "use_graph": false
    },
    "test_full": {
      "accuracy_wape": 35.29257067596109,
      "mae": 12.343015000771853,
      "mape": 1367283584.381449,
      "mase": 1.3533296015240992,
      "mse": 280.5273109912864,
      "r2": 0.1024362415171357,
      "rmse": 16.748949548890714,
      "smape": 69.67709060209478,
      "wape": 64.70742932403891
    },
    "test_h1": {
      "accuracy_wape": 35.31886365088988,
      "mae": 12.340128080452493,
      "mape": 1356034803.8230524,
      "mase": 1.35301306988858,
      "mse": 280.83275408065754,
      "r2": 0.10128267952953929,
      "rmse": 16.758065344205384,
      "smape": 69.68026132811933,
      "wape": 64.68113634911012
    },
    "val_full": {
      "accuracy_wape": 35.35218111112145,
      "mae": 12.205311993632082,
      "mape": 1485690360.123658,
      "mase": 1.3382313815373712,
      "mse": 272.58560104593755,
      "r2": 0.0995779526343521,
      "rmse": 16.510166596553095,
      "smape": 69.49935176870929,
      "wape": 64.64781888887855
    },
    "val_h1": {
      "accuracy_wape": 35.40709524132524,
      "mae": 12.202366711139527,
      "mape": 1470257087.1791863,
      "mase": 1.337908450877255,
      "mse": 272.9563865384295,
      "r2": 0.09844096934123248,
      "rmse": 16.521391785755505,
      "smape": 69.50494733519695,
      "wape": 64.59290475867476
    }
  },
  "No LoRA": {
    "config": {
      "lora_r": 0,
      "use_adaptive": true,
      "use_graph": true
    },
    "test_full": {
      "accuracy_wape": 66.69764575117023,
      "mae": 6.352461569689001,
      "mape": 354100003.029324,
      "mase": 0.6965052124028667,
      "mse": 96.39262441201681,
      "r2": 0.6915860849642397,
      "rmse": 9.817974557515253,
      "smape": 39.26272702164113,
      "wape": 33.30235424882978
    },
    "test_h1": {
      "accuracy_wape": 66.65569208721195,
      "mae": 6.361561556014795,
      "mape": 352129520.7074651,
      "mase": 0.6975029654532674,
      "mse": 96.61236272050469,
      "r2": 0.6908223756422847,
      "rmse": 9.82915880024861,
      "smape": 39.30922515165424,
      "wape": 33.34430791278805
    },
    "val_full": {
      "accuracy_wape": 66.64079173496512,
      "mae": 6.298117271909151,
      "mape": 377564906.9127344,
      "mase": 0.6905467211545847,
      "mse": 93.7552926983044,
      "r2": 0.690301570299944,
      "rmse": 9.68273167542633,
      "smape": 39.43079597693544,
      "wape": 33.35920826503488
    },
    "val_h1": {
      "accuracy_wape": 66.59809732644425,
      "mae": 6.310016042710654,
      "mape": 373513720.2207413,
      "mase": 0.6918513423307251,
      "mse": 93.92186679015153,
      "r2": 0.6897815498848225,
      "rmse": 9.691329464534343,
      "smape": 39.47861759755154,
      "wape": 33.40190267355575
    }
  }
}