{
  "base": {
    "mae": 6.546186447143555
  },
  "kalman": {
    "mae": 6.710071563720703
  },
  "kalman_recon": {
    "mae": 6.609217166900635
  },
  "no_adapt_kalman": {
    "mae": 7.07871675491333
  },
  "no_adapt_kalman_recon": {
    "mae": 7.053219318389893
  }
}