{
  "results": {
    "DCRNN": {
      "status": "ok",
      "test_full": {
        "accuracy_wape": 66.62220798575368,
        "mae": 6.366851408381218,
        "mape": 369993925.0449552,
        "mase": 0.6980829626253299,
        "mse": 94.65738728001784,
        "r2": 0.6971380790162713,
        "rmse": 9.729202808042283,
        "smape": 39.36933236230862,
        "wape": 33.37779201424632
      },
      "test_h1": {
        "accuracy_wape": 66.5139676593773,
        "mae": 6.388600313994695,
        "mape": 364284139.6412858,
        "mase": 0.7004675856502255,
        "mse": 93.90726763592146,
        "r2": 0.6994791856856608,
        "rmse": 9.690576228270508,
        "smape": 39.43054223098997,
        "wape": 33.48603234062271
      },
      "train_time_sec": 2.3414950370788574,
      "val_full": {
        "accuracy_wape": 66.5443331470928,
        "mae": 6.316328360537995,
        "mape": 396259513.2034235,
        "mase": 0.6925434460484501,
        "mse": 92.02194120368432,
        "r2": 0.6960272869027335,
        "rmse": 9.592806742746584,
        "smape": 39.53979825562158,
        "wape": 33.4556668529072
      },
      "val_h1": {
        "accuracy_wape": 66.3940493830756,
        "mae": 6.348563122160641,
        "mape": 390072408.9274594,
        "mase": 0.6960777735283463,
        "mse": 91.83048821785522,
        "r2": 0.6966892513762273,
        "rmse": 9.582822560073582,
        "smape": 39.627230323107554,
        "wape": 33.6059506169244
      }
    },
    "DTS-GSSF": {
      "status": "ok",
      "test_full": {
        "accuracy_wape": 66.71107308152578,
        "mae": 6.349900291305199,
        "mape": 362265624.80468,
        "mase": 0.6962243852423775,
        "mse": 95.11774178177023,
        "r2": 0.6956651475025185,
        "rmse": 9.752832500446742,
        "smape": 39.151180420653574,
        "wape": 33.28892691847422
      },
      "test_h1": {
        "accuracy_wape": 66.70742417932055,
        "mae": 6.351691898823798,
        "mape": 359904553.5290911,
        "mase": 0.6964208231053373,
        "mse": 95.07343309910432,
        "r2": 0.6957472381650527,
        "rmse": 9.75056065562921,
        "smape": 39.14785999265192,
        "wape": 33.29257582067945
      },
      "train_time_sec": 1910.0340452194214,
      "val_full": {
        "accuracy_wape": 66.7051614759554,
        "mae": 6.285964460178781,
        "mape": 386605488.62017846,
        "mase": 0.6892142460781605,
        "mse": 92.23850305449567,
        "r2": 0.6953119260607059,
        "rmse": 9.60408783042386,
        "smape": 39.28218679501381,
        "wape": 33.2948385240446
      },
      "val_h1": {
        "accuracy_wape": 66.70416989295813,
        "mae": 6.289977675347708,
        "mape": 382975135.41004634,
        "mase": 0.6896542684620801,
        "mse": 92.22542584945936,
        "r2": 0.695384795404945,
        "rmse": 9.60340699176388,
        "smape": 39.268575555138796,
        "wape": 33.29583010704187
      }
    },
    "GRU Seq2Seq": {
      "status": "ok",
      "test_full": {
        "accuracy_wape": 66.29441461488221,
        "mae": 6.429378362953297,
        "mape": 372774604.3374226,
        "mase": 0.7049386278343777,
        "mse": 96.40758043384494,
        "r2": 0.6915382322859512,
        "rmse": 9.818736193311487,
        "smape": 39.82247212732005,
        "wape": 33.705585385117786
      },
      "test_h1": {
        "accuracy_wape": 66.33501575560314,
        "mae": 6.42274147998929,
        "mape": 366638305.3477829,
        "mase": 0.7042109377054684,
        "mse": 96.01447624256728,
        "r2": 0.6927357241587582,
        "rmse": 9.798697680945528,
        "smape": 39.84682589274499,
        "wape": 33.66498424439687
      },
      "train_time_sec": 0.658099889755249,
      "val_full": {
        "accuracy_wape": 66.31872155019744,
        "mae": 6.358923145278108,
        "mape": 398172452.385246,
        "mase": 0.6972136812426661,
        "mse": 93.32592160707539,
        "r2": 0.6917198961233204,
        "rmse": 9.6605342299003,
        "smape": 39.911570090432484,
        "wape": 33.68127844980257
      },
      "val_h1": {
        "accuracy_wape": 66.32169678711863,
        "mae": 6.362231386680844,
        "mape": 392060968.1932898,
        "mase": 0.6975764079361871,
        "mse": 93.32443607535197,
        "r2": 0.691754828704018,
        "rmse": 9.660457342970465,
        "smape": 39.96568748933226,
        "wape": 33.678303212881374
      }
    },
    "Historical Avg": {
      "status": "ok",
      "test_full": {
        "accuracy_wape": 66.37001916417958,
        "mae": 6.4149567100480205,
        "mape": 365749806.1792803,
        "mase": 0.7033573893947909,
        "mse": 96.52263397297436,
        "r2": 0.6911701116682372,
        "rmse": 9.824593323541405,
        "smape": 39.387320273916046,
        "wape": 33.62998083582042
      },
      "test_h1": {
        "accuracy_wape": 66.36937407193314,
        "mae": 6.416186461817491,
        "mape": 364867173.42048424,
        "mase": 0.7034922235072056,
        "mse": 96.53537816149003,
        "r2": 0.6910687406249654,
        "rmse": 9.825241888192373,
        "smape": 39.380928848499885,
        "wape": 33.63062592806686
      },
      "train_time_sec": 0.11558294296264648,
      "val_full": {
        "accuracy_wape": 66.27014262706521,
        "mae": 6.368094698523587,
        "mape": 390307800.0200282,
        "mase": 0.698219281130399,
        "mse": 93.72340736688385,
        "r2": 0.6904068959491656,
        "rmse": 9.681085030454172,
        "smape": 39.56250924560436,
        "wape": 33.72985737293479
      },
      "val_h1": {
        "accuracy_wape": 66.27245174762034,
        "mae": 6.3715343593975495,
        "mape": 389475056.9520147,
        "mase": 0.6985964170959347,
        "mse": 93.7941235332612,
        "r2": 0.6902034784145623,
        "rmse": 9.684736626943513,
        "smape": 39.55540015516939,
        "wape": 33.72754825237966
      }
    },
    "LSTM Seq2Seq": {
      "status": "ok",
      "test_full": {
        "accuracy_wape": 66.4820842077599,
        "mae": 6.393580176805642,
        "mape": 359515243.3456345,
        "mase": 0.701013594526757,
        "mse": 96.10799194135427,
        "r2": 0.6924967834244051,
        "rmse": 9.803468362847624,
        "smape": 39.46022856344554,
        "wape": 33.517915792240096
      },
      "test_h1": {
        "accuracy_wape": 66.57279605649589,
        "mae": 6.37737679511134,
        "mape": 356474358.6818046,
        "mase": 0.6992370013612847,
        "mse": 95.46781497001547,
        "r2": 0.6944851424404008,
        "rmse": 9.770763274689212,
        "smape": 39.368918008018696,
        "wape": 33.42720394350411
      },
      "train_time_sec": 2.2369544506073,
      "val_full": {
        "accuracy_wape": 66.46113721729856,
        "mae": 6.332035499575192,
        "mape": 383788494.4603213,
        "mase": 0.6942656295030569,
        "mse": 93.44908586951466,
        "r2": 0.6913130521193733,
        "rmse": 9.666906737396129,
        "smape": 39.61738149655058,
        "wape": 33.53886278270145
      },
      "val_h1": {
        "accuracy_wape": 66.5118779732273,
        "mae": 6.32630390233674,
        "mape": 378345258.98742616,
        "mase": 0.6936371979402397,
        "mse": 93.30704283240068,
        "r2": 0.6918122775714143,
        "rmse": 9.659557072267894,
        "smape": 39.54745632051243,
        "wape": 33.4881220267727
      }
    },
    "Seasonal Naive": {
      "status": "ok",
      "test_full": {
        "accuracy_wape": 52.17329873235663,
        "mae": 9.122997117189595,
        "mape": 369955749.50389814,
        "mase": 1.0002760308190206,
        "mse": 198.5282785982454,
        "r2": 0.3647970057742106,
        "rmse": 14.090006337764558,
        "smape": 54.57724455490426,
        "wape": 47.82670126764337
      },
      "test_h1": {
        "accuracy_wape": 52.17537976949722,
        "mae": 9.124173945523504,