model,mae,rmse,mse,mape,smape,wape,r2,mase
DTS-GSSF,6.607454522877421,10.241938354358954,104.897301254489,370895080.29184425,41.19015999280347,34.70880483247377,0.6628613004222224,0.7588632277364321
GRU Seq2Seq,6.752614245482822,10.487338600682852,109.98427092537257,396564943.96455854,42.398752731728074,35.47132547699767,0.6465118393863036,0.775534757635315
Historical Avg,6.9087602926529925,10.60747651247231,112.51855796265173,367653518.8899557,42.619964547544974,36.291557028774065,0.6383666704840814,0.793468062048319
LSTM Seq2Seq,9.964344122996907,15.41837424955309,237.7262644992818,575705810.916875,57.624623666755795,52.34246777654632,0.23595056583649832,1.144400512674442
SARIMAX,7.047470689100341,10.579904606151976,111.9343814752758,522236648.20383245,43.753966042413055,37.02019951308578,0.6402442068832306,0.8093988896921838
Seasonal Naive,9.156613514573259,14.018546214063097,196.51963795582276,426414918.5399142,54.69226157485675,48.099477688922846,0.36838818168273446,1.0516330097688071
