model,mae,rmse,mse,mape,smape,wape,r2,mase
DTS-GSSF,6.317703381222018,9.756103245936762,95.18155054537782,491920554.69111484,41.61910858411087,34.96792695660037,0.6654177054164454,0.7255854373504939
GRU Seq2Seq,6.423080818709048,9.905508741508369,98.11910342809871,516639486.91764295,42.705680873687655,35.5511817114647,0.6550916161866558,0.737687989409706
Historical Avg,6.61788251697357,10.15131429620792,103.0491819403953,479766573.6350616,42.9263673825996,36.62939180537037,0.6377613986006873,0.7600608782433288
LSTM Seq2Seq,9.46008363042691,14.544255276444064,211.53536154637098,772726949.5404501,57.95888422747275,52.360722470024115,0.2564106568320279,1.0864864182699014
SARIMAX,6.738501253417164,10.015340064404556,100.30703660566707,659429827.9240791,44.112215383678915,37.29700579593748,0.6474005909958307,0.7739138867424648
Seasonal Naive,8.814922480620154,13.712990058536283,188.04609634551494,506644587.69850487,56.205066777505294,48.789812821316424,0.33898014854499625,1.0123899457391612
