model,mae,rmse,mse,mape,smape,wape,r2,mase
DTS-GSSF,6.5448198027463125,10.211603679601424,104.27684970924933,380489458.3268747,41.16334356176529,34.731199733299164,0.6606104213729143,0.7516696578491948
GRU Seq2Seq,6.601674856933803,10.270563156397314,105.48446754954595,387802048.6471341,41.52322910590306,35.03291075092026,0.6566799908784795,0.7581994356606749
Historical Avg,6.845807374138021,10.520553216356168,110.6820399781821,374283916.0263537,42.750679977325326,36.328441486977326,0.639763466056747,0.7862379472175178
LSTM Seq2Seq,8.92777993676398,14.373561623714211,206.59927375070993,534474068.07757646,51.98496313450781,47.37678309012867,0.3275819066415855,1.0253515746307256
Seasonal Naive,9.080634884328846,13.919437413953515,193.75073792096893,433412914.6784415,54.862595947947426,48.18793387412286,0.36940000119842575,1.04290689771058
