model,mae,rmse,mse,mape,smape,wape,r2,mase
DTS-GSSF,6.172894856675596,9.620375374666033,92.5516223494806,507131033.0208623,41.52721665043406,34.89664088801467,0.6650194649265169,0.7089542423932573
GRU Seq2Seq,6.252072528873399,9.667730398868818,93.46501106521222,519096766.89466786,42.07500039393865,35.344248510886736,0.6617135537716534,0.7180477630040532
Historical Avg,6.505966797015871,10.003155601356665,100.06312198495321,497906339.4737494,43.161138768075496,36.77956489073914,0.6378324086305878,0.7472074073359631
LSTM Seq2Seq,8.34269842509718,13.33949227361796,177.94205411791327,720475475.7935315,52.20950969886105,47.16298555819088,0.3559580806113465,0.958155221951324
Seasonal Naive,8.651191629752676,13.448508683022895,180.8623857973422,525332295.7535272,56.52269036064831,48.906960926184325,0.345388257590058,0.9935855299782762
