{
  "results": {
    "DTS-GSSF": {
      "status": "ok",
      "test_full": {
        "mae": 6.5448198027463125,
        "mape": 380489458.3268747,
        "mase": 0.7516696578491948,
        "mse": 104.27684970924933,
        "r2": 0.6606104213729143,
        "rmse": 10.211603679601424,
        "smape": 41.16334356176529,
        "wape": 34.731199733299164
      },
      "test_h1": {
        "mae": 6.607454522877421,
        "mape": 370895080.29184425,
        "mase": 0.7588632277364321,
        "mse": 104.897301254489,
        "r2": 0.6628613004222224,
        "rmse": 10.241938354358954,
        "smape": 41.19015999280347,
        "wape": 34.70880483247377
      },
      "train_time_sec": 206.16408395767212,
      "val_full": {
        "mae": 6.172894856675596,
        "mape": 507131033.0208623,
        "mase": 0.7089542423932573,
        "mse": 92.5516223494806,
        "r2": 0.6650194649265169,
        "rmse": 9.620375374666033,
        "smape": 41.52721665043406,
        "wape": 34.89664088801467
      },
      "val_h1": {
        "mae": 6.317703381222018,
        "mape": 491920554.69111484,
        "mase": 0.7255854373504939,
        "mse": 95.18155054537782,
        "r2": 0.6654177054164454,
        "rmse": 9.756103245936762,
        "smape": 41.61910858411087,
        "wape": 34.96792695660037
      }
    },
    "GRU Seq2Seq": {
      "status": "ok",
      "test_full": {
        "mae": 6.601674856933803,
        "mape": 387802048.6471341,
        "mase": 0.7581994356606749,
        "mse": 105.48446754954595,
        "r2": 0.6566799908784795,
        "rmse": 10.270563156397314,
        "smape": 41.52322910590306,
        "wape": 35.03291075092026
      },
      "test_h1": {
        "mae": 6.752614245482822,
        "mape": 396564943.96455854,
        "mase": 0.775534757635315,
        "mse": 109.98427092537257,
        "r2": 0.6465118393863036,
        "rmse": 10.487338600682852,
        "smape": 42.398752731728074,
        "wape": 35.47132547699767
      },
      "train_time_sec": 87.73689484596252,
      "val_full": {
        "mae": 6.252072528873399,
        "mape": 519096766.89466786,
        "mase": 0.7180477630040532,
        "mse": 93.46501106521222,
        "r2": 0.6617135537716534,
        "rmse": 9.667730398868818,
        "smape": 42.07500039393865,
        "wape": 35.344248510886736
      },
      "val_h1": {
        "mae": 6.423080818709048,
        "mape": 516639486.91764295,
        "mase": 0.737687989409706,
        "mse": 98.11910342809871,
        "r2": 0.6550916161866558,
        "rmse": 9.905508741508369,
        "smape": 42.705680873687655,
        "wape": 35.5511817114647
      }
    },
    "Historical Avg": {
      "status": "ok",
      "test_full": {
        "mae": 6.845807374138021,
        "mape": 374283916.0263537,
        "mase": 0.7862379472175178,
        "mse": 110.6820399781821,
        "r2": 0.639763466056747,
        "rmse": 10.520553216356168,
        "smape": 42.750679977325326,
        "wape": 36.328441486977326
      },
      "test_h1": {
        "mae": 6.9087602926529925,
        "mape": 367653518.8899557,
        "mase": 0.793468062048319,
        "mse": 112.51855796265173,
        "r2": 0.6383666704840814,
        "rmse": 10.60747651247231,
        "smape": 42.619964547544974,
        "wape": 36.291557028774065
      },
      "train_time_sec": 0.0065729618072509766,
      "val_full": {
        "mae": 6.505966797015871,
        "mape": 497906339.4737494,
        "mase": 0.7472074073359631,
        "mse": 100.06312198495321,
        "r2": 0.6378324086305878,
        "rmse": 10.003155601356665,
        "smape": 43.161138768075496,
        "wape": 36.77956489073914
      },
      "val_h1": {
        "mae": 6.61788251697357,
        "mape": 479766573.6350616,
        "mase": 0.7600608782433288,
        "mse": 103.0491819403953,
        "r2": 0.6377613986006873,
        "rmse": 10.15131429620792,
        "smape": 42.9263673825996,
        "wape": 36.62939180537037
      }
    },
    "LSTM Seq2Seq": {
      "status": "ok",
      "test_full": {
        "mae": 8.92777993676398,
        "mape": 534474068.07757646,
        "mase": 1.0253515746307256,
        "mse": 206.59927375070993,
        "r2": 0.3275819066415855,
        "rmse": 14.373561623714211,
        "smape": 51.98496313450781,
        "wape": 47.37678309012867
      },
      "test_h1": {
        "mae": 9.964344122996907,
        "mape": 575705810.916875,
        "mase": 1.144400512674442,
        "mse": 237.7262644992818,
        "r2": 0.23595056583649832,
        "rmse": 15.41837424955309,
        "smape": 57.624623666755795,
        "wape": 52.34246777654632
      },
      "train_time_sec": 11.293302059173584,
      "val_full": {
        "mae": 8.34269842509718,
        "mape": 720475475.7935315,
        "mase": 0.958155221951324,
        "mse": 177.94205411791327,
        "r2": 0.3559580806113465,
        "rmse": 13.33949227361796,
        "smape": 52.20950969886105,
        "wape": 47.16298555819088
      },
      "val_h1": {
        "mae": 9.46008363042691,
        "mape": 772726949.5404501,
        "mase": 1.0864864182699014,
        "mse": 211.53536154637098,
        "r2": 0.2564106568320279,
        "rmse": 14.544255276444064,
        "smape": 57.95888422747275,
        "wape": 52.360722470024115
      }
    },
    "SARIMAX": {
      "status": "ok",
      "test_h1": {
        "mae": 7.047470689100341,
        "mape": 522236648.20383245,
        "mase": 0.8093988896921838,
        "mse": 111.9343814752758,
        "r2": 0.6402442068832306,
        "rmse": 10.579904606151976,
        "smape": 43.753966042413055,
        "wape": 37.02019951308578
      },
      "train_time_sec": 2327.286700963974,
      "val_h1": {
        "mae": 6.738501253417164,
        "mape": 659429827.9240791,
        "mase": 0.7739138867424648,
        "mse": 100.30703660566707,
        "r2": 0.6474005909958307,
        "rmse": 10.015340064404556,
        "smape": 44.112215383678915,
        "wape": 37.29700579593748
      }
    },
    "Seasonal Naive": {
      "status": "ok",
      "test_full": {
        "mae": 9.080634884328846,
        "mape": 433412914.6784415,
        "mase": 1.04290689771058,
        "mse": 193.75073792096893,
        "r2": 0.36940000119842575,
        "rmse": 13.919437413953515,
        "smape": 54.862595947947426,
        "wape": 48.18793387412286
      },
      "test_h1": {
        "mae": 9.156613514573259,
        "mape": 426414918.5399142,
        "mase": 1.0516330097688071,
        "mse": 196.51963795582276,
        "r2": 0.36838818168273446,
        "rmse": 14.018546214063097,
        "smape": 54.69226157485675,
        "wape": 48.099477688922846
      },
      "train_time_sec": 0.0003190040588378906,
      "val_full": {
        "mae": 8.651191629752676,
        "mape": 525332295.7535272,
        "mase": 0.9935855299782762,
        "mse": 180.8623857973422,
        "r2": 0.345388257590058,
        "rmse": 13.448508683022895,
        "smape": 56.52269036064831,
        "wape": 48.906960926184325
      },
      "val_h1": {
        "mae": 8.814922480620154,
        "mape": 506644587.69850487,
        "mase": 1.0123899457391612,
        "mse": 188.04609634551494,
        "r2": 0.33898014854499625,
        "rmse": 13.712990058536283,
        "smape": 56.205066777505294,
        "wape": 48.789812821316424
      }
    },
    "XGBoost": {
      "reason": "sklearn needs to be installed in order to use this module",
      "status": "skipped"
    }
  }
}