model,mae,rmse,mse,mape,smape,wape,accuracy_wape,r2,mase
DCRNN,6.314245747913977,9.584910023264984,91.87050015408556,385473525.53177744,39.50386196343247,33.42429250594016,66.57570749405984,0.6965570942836599,0.6923151014087963
DTS-GSSF,6.3770788945245815,9.841973621010608,96.86444475666865,379800472.3437882,40.05958323391862,33.756898102115336,66.24310189788466,0.6800623864214773,0.6992043385408679
GRU Seq2Seq,6.3651344782323065,9.66772754000392,93.46495578775024,411703985.1757405,39.976454192189124,33.69367065106188,66.30632934893812,0.6912907002866368,0.6978947126398826
Historical Avg,6.3715343593975495,9.684736626943513,93.7941235332612,389475056.9520147,39.55540015516939,33.72754825237966,66.27245174762034,0.6902034784145623,0.6985964170959347
LSTM Seq2Seq,6.9651138798114545,10.242499911423302,104.90880443550633,475382339.94064516,42.8086704096636,36.869645710718935,63.130354289281065,0.6534923354096748,0.7636784684249156
SARIMAX,35.08489764186984,46.1119119947093,2126.308427807816,4057704398.829715,105.38652316467414,185.72097573336387,0.0,-6.023072767656562,3.8468259612595728
Seasonal Naive,9.051702951976177,13.885479935535523,192.8065530401596,402246578.38412774,54.74115889747901,47.91494965866437,52.08505034133563,0.36317119643921014,0.9924590992027797
Transformer,6.352569235823259,9.618427711455784,92.51415164050056,371002805.0505727,39.857091878621596,33.627156873414435,66.37284312658556,0.6944311509506115,0.6965170172792736
