model,mae,rmse,mse,mape,smape,wape,accuracy_wape,r2,mase
DCRNN,6.350607322801901,9.692075435530395,93.9363262480117,360087012.883355,39.26721557990498,33.286890984258314,66.71310901574168,0.6993861926938718,0.6963019065492572
DTS-GSSF,6.425781833368216,9.963235543255184,99.26606249038342,356291077.23016024,39.81299379528962,33.680920344101,66.319079655899,0.6823300402153654,0.7045442922567297
GRU Seq2Seq,6.4277566086953435,9.801519665531314,96.0697877537971,384859834.83461446,39.8633735338252,33.69127118579081,66.30872881420919,0.6925587169812074,0.7047608132531308
Historical Avg,6.416186461817491,9.825241888192373,96.53537816149003,364867173.42048424,39.380928848499885,33.63062592806686,66.36937407193314,0.6910687406249654,0.7034922235072056
LSTM Seq2Seq,6.997906040162646,10.36318889629386,107.39568410026835,442649490.2578082,42.57967964604533,36.67972583356072,63.32027416643928,0.6563137310651295,0.7672739109726576
SARIMAX,38.76959132030117,52.38426698692895,2744.1114277578545,4006138559.728967,107.9625846820002,203.21192827487442,0.0,-7.781669636436357,4.250828146078923
Seasonal Naive,9.124173945523504,14.090688730754866,198.54750890702218,368492196.4399541,54.567510592215285,47.82462023050278,52.17537976949722,0.36461084899037466,1.0004050622282907
Transformer,6.413791727215144,9.756276312270959,95.18492748137942,347108660.2749534,39.694192280291915,33.6180738577541,66.3819261422459,0.695390435295623,0.7032296567660207
