model,mae,rmse,mse,mape,smape,wape,accuracy_wape,r2,mase
DCRNN,6.378700925704529,9.740665033289982,94.88055529075814,365855529.63216424,39.39697802817697,33.43991231505403,66.56008768494597,0.6964240397386502,0.699382183484772
DTS-GSSF,6.409880718747771,9.985987926220135,99.7199548626143,355154942.09106106,39.67484304978165,33.603370291452634,66.39662970854737,0.6809400939753427,0.7028008406679784
GRU Seq2Seq,6.428426618976913,9.84037551402614,96.83299025704524,370893309.848868,39.88946591596786,33.70059593107576,66.29940406892425,0.690177108342411,0.7048342754296992
Historical Avg,6.4149567100480205,9.824593323541405,96.52263397297436,365749806.1792803,39.387320273916046,33.62998083582042,66.37001916417958,0.6911701116682372,0.7033573893947909
LSTM Seq2Seq,6.974009685500625,10.358869591700234,107.30617921785176,480464314.03267014,43.09333474282317,36.56077861053194,63.43922138946806,0.6566675195122,0.7646538344248603
Seasonal Naive,9.122997117189595,14.090006337764558,198.5282785982454,369955749.50389814,54.57724455490426,47.82670126764337,52.17329873235663,0.3647970057742106,1.0002760308190206
Transformer,6.432731588256819,9.791233587566168,95.86825516628387,368267480.8184919,39.77526422004911,33.7231644441501,66.2768355558499,0.6932638354455378,0.7053062867137967
