model,mae,rmse,mse,mape,smape,wape,accuracy_wape,r2,mase
DCRNN,6.3341406882237195,9.610573523958065,92.36312345940372,392489553.84682745,39.58096132931261,33.55001332555918,66.44998667444082,0.6949002720345934,0.6944964494538279
DTS-GSSF,6.356427781719354,9.874429003411231,97.50434814340892,380301454.6925412,39.86693347111729,33.66806126932473,66.33193873067526,0.6779174525526552,0.6969400812048784
GRU Seq2Seq,6.360244744419598,9.684146483254091,93.78269310912259,396812946.7904645,39.99079794002201,33.6882785577873,66.3117214422127,0.6902110595249327,0.6973585858092907
Historical Avg,6.368094698523587,9.681085030454172,93.72340736688385,390307800.0200282,39.56250924560436,33.72985737293479,66.27014262706521,0.6904068959491656,0.698219281130399
LSTM Seq2Seq,6.933991346290228,10.221388387137667,104.47678056071277,518716446.80341387,43.316253851821955,36.727239497515335,63.272760502484665,0.6548856715333441,0.7602660893679294
Seasonal Naive,9.04792564161872,13.88190059682691,192.7071641801833,403294660.0732479,54.750724260160425,47.92410538170463,52.07589461829537,0.36343747194516496,0.9920449422143478
Transformer,6.36666822032655,9.643961026920264,93.00598428875696,392700411.7318644,39.89326673547376,33.722301752547615,66.27769824745238,0.6927767333666801,0.6980628772720339
